age,gender,region,tenure_years,annual_income,credit_score,account_balance,monthly_salary_deposit,avg_monthly_spend,num_products,has_credit_card,has_mortgage,has_personal_loan,has_investment_account,credit_card_monthly_usage,mobile_app_logins_per_month,online_banking_logins_per_month,branch_visits_per_quarter,customer_service_calls,complaints_last_12m,late_payment_count,balance_change_6m_pct,transaction_count_monthly,digital_engagement_score,churn
39,Female,Quebec,11,142152.39,671,45374.44,10634.17,1388.8,2,1,0,0,0,2607.14,11,18,7,1,1,1,10.17,28,13.45,0
30,Male,Alberta,14,65732.45,709,47586.83,6202.08,2469.94,1,1,0,0,0,3337.25,8,15,0,2,0,0,27.0,39,10.45,0
72,Male,Ontario,3,83044.9,580,64299.71,6769.82,4454.22,1,1,0,0,0,1747.06,10,22,2,2,1,0,1.23,33,14.2,1
38,Male,Quebec,4,86459.33,560,31462.45,7016.55,2664.15,1,0,0,1,1,0.0,11,28,2,3,1,0,1.47,34,16.95,0
57,Female,Quebec,6,79997.66,637,31643.2,6506.19,1392.41,1,0,0,0,0,0.0,11,25,3,0,0,1,13.69,34,15.9,0
40,Male,Ontario,7,110290.59,683,43817.52,9647.09,3580.22,3,1,0,0,0,1611.02,38,3,8,2,0,2,-5.79,21,25.75,0
47,Female,Ontario,4,59364.23,577,0.0,4531.1,3206.47,1,1,0,1,1,3302.64,12,16,5,5,0,0,12.04,19,13.4,0
59,Male,Quebec,2,45020.56,703,30631.15,3156.74,1767.91,4,1,0,0,0,1236.16,43,15,2,0,0,0,-16.65,30,33.2,0
48,Male,British Columbia,2,54229.67,802,0.0,5234.21,1285.81,1,0,1,0,0,0.0,11,29,7,2,0,0,5.76,37,17.3,0
34,Female,Quebec,15,34380.81,850,34458.72,1744.61,1304.57,2,1,0,0,1,2897.27,30,31,2,2,0,0,-3.54,27,30.35,0
65,Female,Ontario,12,127180.55,700,104937.37,10025.53,5378.04,1,0,0,0,0,0.0,40,33,0,1,0,1,15.22,16,37.55,0
22,Female,British Columbia,3,25000.0,850,0.0,2055.57,3084.31,3,1,0,0,0,462.83,19,32,6,1,1,0,3.01,51,23.55,0
39,Female,Alberta,2,55508.06,653,48194.6,4923.48,3486.52,1,1,1,0,0,1361.22,37,26,8,3,0,0,1.87,17,33.15,1
73,Male,Ontario,11,123030.09,671,42742.73,9997.13,4095.06,2,1,0,0,1,1597.02,41,1,3,3,0,1,-20.86,37,27.0,0
46,Female,Alberta,10,71808.29,822,32131.21,5573.08,3908.6,2,1,0,0,0,1166.19,23,26,0,4,0,0,-7.39,30,24.05,1
33,Male,Ontario,2,123309.15,642,20621.18,10465.11,1924.32,1,1,1,0,0,3481.88,34,15,5,1,2,0,-17.08,25,27.35,0
32,Male,Ontario,3,74282.22,531,7030.08,6285.99,622.52,3,0,1,0,0,0.0,17,29,8,2,0,0,14.51,25,21.2,0
40,Female,Ontario,8,25000.0,695,35344.76,1242.45,4153.71,1,0,1,1,0,0.0,27,8,6,2,0,0,-3.3,1,20.35,0
44,Male,Quebec,14,85652.29,536,59762.36,6424.02,4942.45,3,1,0,0,0,2922.53,25,1,0,1,0,1,-1.77,32,16.6,0
58,Male,Quebec,9,86547.9,666,53766.85,7235.13,1396.68,2,1,0,0,1,199.85,41,16,0,3,0,0,3.94,33,32.25,0
29,Female,British Columbia,14,92171.96,632,50458.2,7480.21,2245.79,2,1,0,0,1,1853.84,43,13,0,0,0,1,-1.51,34,32.5,0
64,Male,Quebec,8,75646.14,624,69401.45,6889.04,3765.86,2,0,1,0,0,0.0,26,29,1,1,0,0,-9.64,54,27.05,0
69,Female,Ontario,7,64663.92,724,82729.42,5320.75,3920.54,1,1,0,0,0,1779.73,27,10,2,2,0,0,0.15,54,21.05,0
43,Female,British Columbia,2,67284.58,598,25368.71,5986.63,1738.17,2,0,0,0,0,0.0,24,12,8,0,0,0,-15.15,47,19.8,0
46,Male,Quebec,7,70130.69,698,8082.66,5431.24,3118.06,2,1,0,0,0,1675.6,5,21,2,4,0,2,-6.16,37,10.6,1
35,Female,Alberta,10,97981.52,578,68478.75,9447.71,360.19,2,0,0,0,1,0.0,31,3,4,2,0,0,5.8,42,21.2,0
41,Male,Ontario,3,129343.38,749,14088.37,11125.57,1049.88,3,1,1,0,0,2523.13,43,10,3,0,0,0,-4.81,20,31.45,0
64,Female,Ontario,7,110212.78,580,46246.04,9351.03,1774.83,3,1,0,0,1,1545.4,37,17,1,1,1,0,12.58,44,30.0,0
71,Male,Ontario,14,25000.0,616,50232.39,1925.87,4570.5,3,1,0,1,0,1548.56,7,8,1,2,0,0,-6.69,22,7.35,0
66,Male,Ontario,3,108095.13,661,53715.99,9341.2,1178.19,3,0,0,0,0,0.0,4,11,6,2,1,0,-21.22,29,6.45,0
34,Female,British Columbia,14,107259.66,605,51147.19,8965.94,2946.96,2,1,0,0,0,2404.68,27,28,8,1,1,0,3.93,44,27.35,0
36,Female,Ontario,8,161984.31,701,21017.44,13584.8,4146.75,1,1,0,0,1,2676.98,9,26,7,1,0,0,10.16,5,14.95,0
70,Female,Alberta,15,64709.99,532,73594.06,4739.79,50.0,1,1,0,0,0,2141.71,32,8,7,4,1,0,-2.34,18,23.6,0
48,Male,Ontario,2,113223.41,717,33995.44,9702.21,5646.29,2,1,0,0,1,1610.31,20,2,3,3,1,1,-2.05,31,13.7,1
63,Male,Ontario,0,95416.58,773,61875.08,8559.13,1496.26,2,1,0,1,1,2067.09,4,33,0,0,1,1,-5.85,41,14.15,0
51,Male,Alberta,10,63031.8,745,70927.41,5870.5,1326.11,1,0,0,1,0,0.0,15,28,8,3,1,0,-2.4,22,19.55,1
66,Male,Alberta,2,74861.46,684,10635.94,6145.87,50.0,3,1,0,0,1,0.0,9,10,7,2,1,0,19.21,42,9.35,0
60,Female,Ontario,7,72845.77,650,56893.64,6618.64,3617.62,2,0,1,0,0,0.0,9,27,8,3,0,1,-21.08,43,15.3,0
49,Male,British Columbia,10,84450.62,668,33514.59,6713.34,3142.23,1,1,0,0,0,1850.94,4,33,0,3,0,2,-15.12,16,14.15,0
50,Male,Ontario,3,113428.59,647,78969.75,8957.87,2477.73,1,1,0,0,0,622.78,40,13,7,3,0,0,5.62,16,30.55,1
31,Male,Ontario,3,98072.14,607,53545.73,8013.43,2596.61,2,0,1,0,0,0.0,27,4,4,2,0,0,10.96,36,18.95,0
58,Female,Alberta,14,91760.36,599,53475.58,8846.05,1618.76,1,1,0,0,0,2396.0,2,13,5,0,0,0,12.04,16,5.85,0
55,Male,Ontario,7,77088.8,601,52134.16,6661.42,4452.99,1,1,1,0,0,3718.89,1,34,1,1,0,1,7.7,31,12.55,0
49,Male,Quebec,15,102064.91,770,88105.22,9182.59,5319.6,3,1,0,0,0,2164.87,24,33,3,2,0,1,-9.71,48,27.15,0
62,Female,Alberta,13,62652.55,815,15473.49,4609.93,2639.71,2,1,0,0,0,2595.72,38,5,1,0,1,1,6.81,14,26.45,0
21,Male,Alberta,8,116328.06,696,59242.41,9311.23,50.0,3,1,0,1,0,1251.76,3,22,1,1,0,0,-0.12,20,9.65,0
41,Male,British Columbia,10,75200.16,787,22020.05,6468.27,1625.3,3,1,0,0,0,1434.92,42,25,3,0,0,0,-2.86,23,36.05,0
49,Female,Alberta,8,119823.67,718,0.0,11107.99,4337.48,3,1,1,0,0,0.0,44,20,8,1,0,0,19.09,21,35.6,0
29,Male,British Columbia,13,83217.13,804,51197.58,7734.9,4087.58,2,1,0,0,0,946.02,28,3,0,4,0,0,-4.8,5,19.25,0
43,Female,British Columbia,15,71283.45,789,87557.65,5389.34,4611.96,2,0,0,0,0,0.0,29,12,5,2,1,0,-5.9,25,23.05,0
37,Male,Ontario,3,59865.28,746,16656.21,5019.27,4536.21,2,1,0,1,0,2266.92,25,17,3,1,0,0,27.05,28,22.2,0
28,Female,Ontario,1,69918.89,673,43725.89,6828.48,2714.04,2,1,1,0,1,2114.74,41,2,7,0,0,0,17.81,35,27.35,0
33,Female,Alberta,3,103690.77,850,41246.43,8799.23,3519.81,1,1,0,0,0,2355.57,20,8,0,5,0,0,-7.41,9,15.8,0
55,Female,Alberta,8,72035.28,737,0.0,6168.5,1535.27,1,1,0,0,0,2582.17,1,15,4,0,0,0,-14.21,22,5.9,0
75,Female,Ontario,9,53920.88,675,40793.39,5227.72,1067.51,2,0,1,0,0,0.0,9,34,1,3,0,0,-7.53,37,17.75,0
60,Male,Quebec,14,65692.36,696,39328.52,5029.29,2803.76,2,1,0,1,0,2461.38,43,15,1,2,1,0,-9.32,30,33.2,0
25,Male,Ontario,14,38110.05,462,43670.1,2400.08,213.67,2,1,0,0,0,1330.64,0,14,2,3,1,0,13.17,14,4.9,0
47,Female,British Columbia,4,87426.13,655,26543.44,7821.81,3412.1,2,1,1,0,0,3310.76,41,14,0,1,0,1,-23.91,20,31.55,0
61,Female,Ontario,1,135375.96,782,75432.98,11767.72,1953.6,3,1,0,0,1,332.68,29,13,8,3,0,0,1.92,33,23.4,0
75,Male,Ontario,15,123219.34,634,26752.18,10302.16,3828.77,1,1,0,0,0,3852.5,15,10,2,5,1,0,-16.31,15,13.25,0
74,Male,Ontario,3,111458.75,783,35796.86,9504.55,50.0,2,0,0,0,0,0.0,3,32,6,4,2,0,5.63,35,13.15,0
69,Female,Ontario,3,96131.58,619,25773.97,7378.84,4173.22,2,1,1,0,0,1866.18,1,26,3,0,0,0,-13.1,14,9.75,0
40,Male,Ontario,2,107888.67,674,31754.42,9446.39,199.13,2,1,0,1,0,351.4,4,28,0,5,0,1,-18.79,10,12.4,0
27,Female,Alberta,13,81193.4,786,9474.61,5770.49,1544.32,1,1,1,0,1,3237.24,4,7,8,2,1,1,-6.21,35,5.05,0
36,Male,British Columbia,9,84991.15,812,24237.23,7622.68,2998.06,2,1,0,0,0,2808.3,33,23,2,2,0,0,-11.86,25,29.5,0
62,Male,British Columbia,6,57182.62,806,0.0,5136.73,2029.25,2,1,0,0,0,0.0,5,13,1,1,1,0,-15.73,21,7.8,0
44,Male,Ontario,6,50132.74,574,23368.2,3747.41,1974.93,2,1,0,1,1,2220.83,11,27,6,1,1,1,-10.84,58,16.6,0
51,Female,Ontario,3,102647.47,611,58260.17,8828.83,2586.89,2,1,0,0,0,2274.69,22,23,6,2,2,0,-6.04,37,22.35,0
60,Male,Ontario,1,79370.46,720,50727.86,7339.82,4764.56,2,1,1,1,0,2600.25,40,33,8,2,0,0,-9.32,30,37.55,0
57,Female,Ontario,7,122389.96,734,11095.54,9432.34,50.0,1,1,0,0,0,2275.01,31,14,0,3,0,0,7.4,40,25.05,0
54,Male,Ontario,6,63667.84,592,85112.8,5047.63,974.76,3,1,0,0,0,1629.04,7,9,1,1,0,0,0.19,41,7.7,0
42,Male,British Columbia,8,98633.18,663,0.0,8462.85,4611.93,3,1,1,0,0,1443.79,30,21,8,0,1,0,-16.8,28,26.85,1
73,Female,Quebec,5,132972.6,624,88319.17,11565.4,1920.02,3,0,1,0,0,0.0,23,31,3,1,0,0,14.67,39,25.8,1
63,Male,British Columbia,6,106817.32,605,25311.67,8208.94,1110.29,2,1,0,0,0,3184.35,13,9,5,1,0,0,-15.96,46,11.6,0
35,Male,Ontario,12,108359.05,503,77533.21,9333.67,3814.97,1,1,0,1,1,1976.43,8,6,0,3,0,0,4.4,25,7.3,0
73,Female,Ontario,13,68264.31,683,43620.83,5701.06,2772.31,1,1,1,0,0,3314.1,4,18,0,1,0,1,1.44,41,8.9,0
53,Female,Alberta,9,113417.33,725,32645.91,9223.16,1096.02,3,1,0,1,0,2197.62,23,23,4,4,0,1,-4.31,47,23.0,0
30,Male,Quebec,7,114754.99,713,58311.78,10076.23,2046.64,1,1,1,1,1,3808.22,1,25,8,4,1,0,-5.37,44,9.4,0
54,Male,Ontario,10,88903.44,539,68333.41,7360.26,1388.02,1,1,0,1,0,0.0,5,15,1,1,0,3,-2.32,15,8.5,0
40,Female,Ontario,8,90289.7,738,12634.59,8090.52,2880.82,4,1,1,0,1,1144.39,38,14,5,0,1,0,-25.26,23,29.6,0
33,Male,Quebec,4,126633.83,664,25084.21,9476.61,2642.9,2,1,0,0,1,1144.35,5,5,4,1,0,0,-37.52,20,5.0,0
62,Female,British Columbia,6,80141.98,597,60381.65,6682.09,2764.29,2,0,0,0,0,0.0,33,28,5,0,0,0,-1.03,40,31.25,0
30,Male,Alberta,10,60866.06,777,42118.74,5058.53,2802.09,2,1,0,0,0,0.0,16,6,7,1,1,0,-6.08,21,12.5,0
70,Male,British Columbia,0,168434.17,629,43351.84,14348.53,1783.1,3,0,1,1,0,0.0,6,24,7,2,0,0,12.19,23,12.3,0
21,Female,Alberta,4,78428.86,706,23321.22,6391.3,3411.6,3,1,0,0,0,0.0,38,20,4,2,0,1,-7.85,32,31.7,0
53,Male,Ontario,8,73235.86,683,57364.5,5579.25,1555.42,1,1,1,0,0,2851.04,21,33,4,1,1,0,-13.32,39,25.2,0
72,Male,British Columbia,4,104109.26,739,35664.42,8018.76,1238.31,1,1,0,0,0,748.98,38,1,5,0,1,0,16.12,44,25.05,1
39,Female,Ontario,4,71397.19,618,46915.03,5010.96,4137.86,2,1,0,0,1,367.01,30,10,3,1,0,0,-18.04,24,23.0,0
75,Female,Ontario,11,70281.06,664,65944.25,5875.29,3757.79,1,1,0,0,0,2541.1,3,6,7,1,0,0,-2.64,27,4.05,0
40,Male,Alberta,5,118112.01,714,62562.86,9652.44,1516.02,1,1,1,0,0,2287.8,42,10,8,0,1,0,11.14,34,30.8,0
35,Female,Quebec,8,75034.81,684,26035.47,5019.55,2144.08,2,1,0,0,0,2145.22,43,6,0,3,0,0,-8.05,38,30.05,0
60,Female,Alberta,15,75042.35,731,2095.14,5872.31,4311.18,3,1,0,1,1,2224.37,0,4,8,2,0,0,-21.9,41,1.4,1
47,Male,Quebec,0,96838.36,769,42105.94,8008.89,3550.12,2,1,0,0,0,1366.1,21,14,6,3,0,1,-9.89,45,18.55,0
46,Female,Ontario,11,75327.5,661,36448.64,6007.85,4735.84,1,0,1,1,0,0.0,12,6,0,3,0,1,10.75,12,9.9,0
44,Female,Quebec,5,96748.95,728,59194.3,7392.49,3285.35,1,1,1,1,0,2171.86,27,3,0,2,0,0,-10.33,17,18.6,0
52,Female,British Columbia,6,89408.79,720,39773.26,7246.78,851.15,2,1,0,0,0,484.44,9,29,0,1,0,0,1.76,42,16.0,0
32,Female,Alberta,15,86095.71,756,98443.17,6826.14,259.08,2,1,1,0,0,773.64,3,25,4,1,0,0,21.77,33,10.7,0
28,Male,Ontario,5,48363.88,566,61808.89,3183.01,3076.93,2,1,0,1,0,1657.6,18,6,1,2,0,1,10.53,35,13.8,0
59,Male,Quebec,11,69450.16,797,50667.29,6956.14,2566.97,1,1,0,0,0,1914.91,15,5,6,3,1,0,-10.99,30,11.5,0
54,Male,British Columbia,2,81644.11,575,0.0,6149.53,2002.56,1,1,0,0,0,3220.58,11,30,4,3,0,0,21.14,46,17.65,1
56,Male,Alberta,10,80910.96,717,24755.97,5858.57,2404.72,2,1,0,1,1,1595.62,4,22,3,2,0,1,17.49,1,10.3,0
69,Female,Quebec,7,81339.78,766,26569.35,6628.81,2285.34,1,1,1,0,0,3265.17,37,32,0,2,0,0,11.31,27,35.25,0
62,Male,Ontario,12,85554.41,754,68526.32,7097.56,4232.54,1,1,0,1,0,1740.73,35,32,6,2,1,0,6.35,22,33.95,0
25,Female,Alberta,12,59871.82,644,0.0,5327.32,3589.48,3,1,0,0,0,2067.85,7,31,2,2,0,0,-7.58,30,15.4,1
45,Female,British Columbia,8,96416.36,785,37738.38,8006.16,124.14,3,0,1,1,0,0.0,40,0,4,1,0,0,4.32,39,26.0,0
64,Female,Alberta,1,90623.82,719,6502.29,6718.44,3492.45,1,1,1,0,0,784.8,13,28,2,3,0,0,6.68,40,18.25,1
53,Female,Quebec,7,96614.91,640,23367.8,8402.43,3180.06,3,1,0,1,1,2121.11,29,14,5,0,1,0,-6.51,14,23.75,0
66,Male,Alberta,12,90718.3,596,60030.6,6937.98,1224.34,3,1,0,0,1,1875.97,32,32,5,0,0,0,11.76,35,32.0,0
69,Female,Ontario,0,29076.93,680,46759.68,2178.77,4186.21,1,1,1,0,0,2482.78,15,18,6,1,1,1,-15.85,13,16.05,1
49,Female,British Columbia,11,114749.96,765,27508.31,9691.1,5253.56,1,1,0,0,0,1842.69,1,5,8,1,0,0,16.69,11,2.4,0
23,Male,Quebec,6,114801.28,768,56301.47,10639.56,1684.94,4,1,0,1,0,297.84,5,23,3,0,0,0,-15.6,23,11.3,0
48,Male,Quebec,8,63848.64,722,59483.23,4888.42,2860.53,3,1,1,1,0,2660.43,18,28,4,2,0,1,1.93,49,21.5,0
52,Male,Alberta,3,52470.92,670,17222.31,5608.29,4831.24,4,1,0,0,0,20.57,14,33,1,0,1,0,-1.97,36,20.65,0
62,Male,British Columbia,11,28877.55,705,7401.12,2213.02,2275.73,1,0,0,0,0,0.0,37,23,4,4,0,1,-14.49,26,32.1,1
73,Female,Ontario,15,124845.34,694,30008.8,9675.39,2254.44,1,1,0,1,1,3533.39,0,5,5,1,2,0,5.06,40,1.75,1
26,Male,British Columbia,15,64915.57,821,60088.55,4606.47,3418.34,2,1,0,0,1,684.15,19,3,4,2,0,0,-14.05,35,13.4,0
53,Female,Alberta,13,62976.24,787,7434.49,5353.94,4743.3,3,1,0,0,1,2042.14,33,23,4,1,3,2,5.03,20,29.5,0
64,Female,Ontario,0,50046.62,685,29686.79,3496.68,1522.02,2,1,1,1,0,2296.49,2,13,4,2,3,0,0.59,37,5.85,1
46,Male,Quebec,4,61092.6,674,82522.43,4933.05,50.0,2,1,1,0,0,2610.75,37,33,5,0,0,0,-23.21,24,35.6,1
42,Male,Quebec,14,49945.49,565,54876.32,4545.3,1537.9,1,1,0,0,0,885.51,43,25,1,2,0,0,-0.35,56,36.7,0
40,Male,Alberta,4,69848.74,668,35868.54,5298.74,1987.33,3,1,0,0,0,870.11,2,12,0,1,0,1,-5.24,38,5.5,0
47,Female,Quebec,4,102893.68,630,56587.9,9057.38,898.33,2,1,1,0,0,2677.26,28,17,8,2,1,0,-4.89,20,24.15,0
67,Male,Ontario,4,99451.41,653,5766.04,7486.92,1836.6,2,1,1,0,0,1910.67,33,9,4,2,0,2,0.42,29,24.6,0
68,Female,Quebec,14,169888.63,692,54231.57,13367.87,1860.16,1,1,0,0,1,3091.24,15,20,7,1,0,0,2.29,56,16.75,0
35,Female,Ontario,15,111556.1,663,36541.63,9965.62,3262.87,2,1,0,0,1,843.59,25,11,0,3,0,0,8.82,18,20.1,0
51,Male,Ontario,6,106609.2,590,0.0,8619.34,1975.39,2,1,0,0,0,996.79,18,18,6,0,1,1,2.28,45,18.0,0
44,Male,British Columbia,15,94258.01,728,0.0,8780.98,1298.38,2,1,1,0,0,3683.81,0,7,1,1,1,1,-2.53,30,2.45,0
47,Male,British Columbia,6,137793.69,682,33694.5,11217.65,3549.89,2,1,0,0,1,1075.51,37,13,3,5,1,0,7.01,21,28.6,0
22,Female,Alberta,2,102416.45,775,48299.28,9371.36,322.25,2,1,1,0,0,1692.06,41,8,7,2,1,0,7.85,16,29.45,0
64,Female,Alberta,0,93916.39,644,12230.17,7763.66,2484.85,1,1,1,0,0,2357.07,40,27,4,3,0,0,6.29,44,35.45,0
67,Male,Ontario,4,92052.74,712,22020.47,7479.32,2448.35,1,1,0,1,0,1088.15,36,32,7,2,0,1,10.73,40,34.6,0
34,Male,Alberta,3,66456.32,827,10638.09,5936.48,1369.33,1,1,1,0,0,0.0,2,34,4,2,0,0,16.93,12,13.2,0
70,Female,Ontario,11,128954.92,656,63900.29,10572.6,3707.45,1,1,0,1,1,211.75,44,20,5,2,0,0,15.5,46,35.6,0
53,Male,Quebec,5,121764.54,813,45832.5,9974.52,5800.31,1,1,0,0,0,2718.45,42,22,6,4,1,0,-25.96,41,35.0,0
41,Female,Ontario,12,95546.62,597,95450.4,7581.06,4142.01,1,1,0,0,1,534.96,17,16,8,1,0,0,0.41,29,16.65,0
46,Male,Ontario,13,33297.48,641,87318.79,3439.04,2350.67,2,1,0,1,0,2556.12,12,21,5,1,0,2,-4.06,46,15.15,0
40,Male,Alberta,0,129274.91,772,26743.92,11527.67,2596.92,1,1,1,0,0,2110.74,36,21,7,3,0,0,9.14,52,30.75,0
37,Male,Quebec,5,72939.73,753,67126.87,5487.87,705.02,2,0,0,0,0,0.0,31,5,6,3,0,0,2.71,24,21.9,0
60,Male,Ontario,1,66076.49,714,88249.29,6191.79,2292.26,1,0,1,0,1,0.0,23,29,1,2,0,0,5.86,38,25.1,0
68,Male,Ontario,3,42201.91,578,10209.63,3186.24,3056.23,2,0,0,0,1,0.0,18,11,5,2,1,0,2.8,33,15.55,0
72,Male,Quebec,13,61412.86,702,19810.69,5683.21,2030.25,1,0,1,0,0,0.0,35,8,6,3,1,0,-17.57,2,25.55,0
55,Male,British Columbia,13,91181.59,640,45882.18,7358.37,3628.28,2,1,1,1,1,2230.13,33,2,6,2,0,0,4.26,18,22.15,0
52,Male,Ontario,3,105960.0,661,4315.68,7837.52,50.0,2,1,0,0,0,1183.05,40,1,1,5,0,0,25.09,28,26.35,0
24,Male,Ontario,2,107242.22,668,22657.67,9500.54,3273.53,2,1,0,0,0,96.86,19,33,0,0,0,0,15.37,46,23.9,0
59,Female,Alberta,0,97230.6,598,20359.78,8202.61,2891.05,2,1,0,0,0,3497.5,14,0,6,0,0,0,16.17,59,9.1,0
30,Male,Quebec,11,126104.72,824,127306.36,10028.32,956.43,2,1,0,0,0,695.23,33,6,3,0,0,1,-17.61,52,23.55,0
27,Male,Quebec,14,88625.15,684,19766.29,7440.33,3021.46,1,1,0,0,0,1169.49,5,23,0,3,0,0,13.18,34,11.3,0
48,Female,British Columbia,5,84409.22,677,40572.06,8199.8,2314.52,1,1,0,1,0,3978.73,37,2,1,1,0,0,-31.71,37,24.75,1
24,Male,British Columbia,8,96724.23,651,54239.57,7959.97,2448.59,2,1,0,0,1,2472.45,42,29,8,0,0,0,-12.98,42,37.45,0
29,Male,Ontario,12,77682.55,752,19554.73,6737.97,3217.61,2,1,1,1,1,910.14,39,25,5,1,1,0,17.93,33,34.1,0
64,Male,Alberta,3,70734.18,632,41561.86,6458.61,50.0,2,1,0,0,0,291.18,42,11,0,1,0,0,-8.57,31,31.15,0
33,Male,Alberta,1,71054.61,721,44004.77,5964.64,5377.93,2,1,0,1,0,3582.26,18,30,6,3,0,0,3.26,33,22.2,0
40,Male,Alberta,3,90112.32,604,42516.11,7757.17,3802.84,1,0,0,0,1,0.0,25,20,6,2,0,0,-5.57,49,23.25,0
44,Male,Quebec,3,123954.13,739,36959.87,10077.96,4425.02,3,1,1,0,1,1150.82,20,11,3,4,0,0,-10.73,51,16.85,0
43,Male,Quebec,2,99917.82,572,53594.43,8193.74,2570.82,1,1,0,1,0,2255.27,43,21,6,0,0,2,-3.81,27,35.3,0
57,Male,Quebec,15,92555.53,704,55154.53,7975.44,4374.93,1,1,1,0,0,2617.1,6,11,5,2,0,0,10.13,34,7.75,0
35,Male,Alberta,9,105432.11,654,96586.06,8956.09,2473.86,2,1,0,1,0,4156.54,25,15,3,2,1,1,2.98,41,21.5,0
69,Female,Ontario,10,91016.51,728,43903.23,7647.87,1668.13,1,1,0,1,0,3016.68,11,14,7,0,1,0,-2.74,9,12.05,0
64,Male,British Columbia,11,101320.75,629,33713.79,7539.54,957.57,1,1,0,0,0,2949.7,39,31,0,0,0,0,-2.74,41,36.2,0
34,Male,Ontario,5,129132.22,767,24881.69,12509.58,5038.26,1,1,0,0,0,4001.62,15,28,5,3,0,0,10.52,20,19.55,0
66,Male,Alberta,9,148785.03,718,27431.72,13190.39,864.63,2,1,0,0,0,1713.79,32,3,5,0,2,0,-3.51,16,21.85,0
44,Male,Ontario,2,67947.57,752,26376.49,5270.19,6032.31,2,1,0,1,0,1662.0,35,8,0,1,1,0,-4.52,32,25.55,1
21,Female,Alberta,9,127683.19,850,56492.11,10150.06,2260.93,2,1,0,1,1,2281.97,13,7,5,1,0,0,10.98,39,10.9,0
59,Female,Ontario,7,121646.59,821,28450.19,9823.01,904.77,2,1,1,1,0,1291.55,33,20,0,0,0,0,2.52,57,28.45,0
39,Female,Ontario,13,124535.91,571,23706.06,9313.4,4059.99,1,0,0,0,0,0.0,4,0,2,2,2,0,15.52,25,2.6,1
46,Female,Ontario,12,106270.81,618,73257.85,8572.95,3802.55,1,1,0,0,0,996.45,7,8,2,2,0,0,-18.64,31,7.35,0
45,Female,Ontario,2,69161.63,570,65091.83,6183.53,118.53,1,0,0,0,0,0.0,41,18,1,2,1,0,17.46,31,32.95,0
64,Female,Ontario,3,151041.76,669,17083.82,12067.5,1590.76,1,1,1,1,0,2297.69,5,13,1,1,0,0,-8.04,29,7.8,1
64,Male,Alberta,2,89114.12,692,15694.89,7031.6,718.59,3,0,0,0,0,0.0,16,8,1,3,1,1,10.76,38,13.2,0
29,Female,Ontario,13,103509.32,478,0.0,8308.92,4659.26,1,1,1,0,1,2812.35,30,30,4,2,0,0,-4.18,49,30.0,0
39,Female,British Columbia,2,66349.6,638,9988.18,5535.55,3041.49,1,1,1,0,0,206.96,7,24,3,1,1,0,-22.59,23,12.95,0
45,Female,Alberta,6,71407.51,677,0.0,6953.26,4688.65,2,1,0,0,0,778.94,0,32,7,3,0,1,-32.65,35,11.2,0
44,Female,Ontario,4,104306.31,596,34899.26,7341.7,352.38,1,1,0,0,0,2331.7,30,23,0,2,2,1,10.31,50,27.55,0
63,Male,Ontario,8,112416.09,658,45112.64,8897.65,3679.16,1,1,0,1,0,1993.91,24,31,3,1,0,1,-11.42,28,26.45,1
55,Female,Quebec,12,102193.0,550,53067.45,8281.12,1715.85,2,1,0,0,1,943.89,26,20,5,2,0,0,-4.07,6,23.9,0
30,Male,British Columbia,5,76373.26,762,28293.34,4851.38,50.0,1,0,0,1,0,0.0,36,10,6,2,0,1,-5.53,29,26.9,1
60,Female,British Columbia,4,118504.98,735,8406.11,9312.12,1317.34,1,1,1,0,0,1071.25,15,23,8,3,0,1,-11.01,53,17.8,1
33,Male,Alberta,11,71959.04,776,33134.7,6855.45,1196.61,1,1,1,0,0,1124.33,2,21,1,4,3,0,17.26,12,8.65,0
37,Female,British Columbia,9,66686.89,656,18822.86,5120.09,2551.11,1,1,0,0,0,1894.29,14,13,7,0,0,1,-5.12,36,13.65,1
27,Male,Alberta,14,54888.91,631,9819.48,5522.65,3651.83,3,1,0,0,0,0.0,22,13,2,1,1,0,-5.45,29,18.85,0
36,Male,Ontario,7,39084.53,783,51275.57,4169.39,2046.62,3,1,0,0,0,335.17,0,18,0,2,0,1,-4.77,12,6.3,0
47,Male,Alberta,1,131706.87,515,942.54,11843.18,193.32,1,1,0,0,0,1304.73,21,31,6,2,0,0,-3.23,37,24.5,0
59,Male,Ontario,10,58748.53,796,53407.04,5140.86,2761.15,3,1,1,0,0,2971.07,29,10,7,2,0,0,-1.23,9,22.35,0
29,Female,Alberta,14,147294.77,666,72470.55,11529.8,3820.74,1,0,1,0,0,0.0,16,1,5,2,0,0,21.12,14,10.75,0
24,Male,Quebec,12,103592.56,654,50631.38,8709.7,1962.26,3,1,1,0,0,2323.36,40,32,3,1,1,0,15.39,32,37.2,0
72,Female,Quebec,15,109306.74,661,77361.49,6916.41,1933.34,1,0,0,0,1,0.0,23,8,2,0,1,1,10.28,1,17.75,0
45,Male,Quebec,6,77702.74,683,72823.18,6052.82,1608.36,2,1,0,0,1,2003.79,23,11,4,0,0,0,-14.56,1,18.8,0
49,Male,Alberta,1,116508.04,817,75536.44,9411.67,2557.28,3,1,0,0,0,2847.89,32,16,5,2,1,0,17.04,37,26.4,0
49,Male,Ontario,3,94135.11,711,26184.07,6807.16,5241.16,2,1,1,1,0,3348.42,34,20,5,2,1,1,-2.23,26,29.1,1
51,Male,Ontario,3,117911.09,587,3530.89,9783.93,3536.83,2,1,1,0,1,0.0,30,13,4,3,3,2,14.51,47,24.05,1
49,Female,Alberta,3,86728.43,732,6698.01,7880.04,3289.3,2,1,0,0,1,1333.24,7,10,3,3,0,0,7.04,42,8.05,0
38,Male,Ontario,8,104920.4,850,60302.85,9069.48,50.0,2,1,0,1,0,3164.85,20,9,8,0,0,0,-20.2,35,16.15,0
64,Female,Ontario,10,104689.49,778,5204.44,8485.6,1329.57,2,1,1,0,0,1669.66,1,26,0,2,0,0,6.88,27,9.75,0
46,Female,British Columbia,0,52326.46,773,42290.95,3304.91,4311.16,2,1,0,0,0,2039.94,32,8,3,1,0,0,-1.24,26,23.6,0
61,Female,Alberta,5,74900.88,785,91448.69,6225.24,6193.47,1,1,0,0,0,397.5,25,24,2,1,0,0,14.87,35,24.65,0
61,Female,British Columbia,13,93950.53,615,7534.21,7563.19,4723.43,2,1,0,0,0,1096.8,35,13,5,2,0,0,-0.05,29,27.3,0
62,Female,Ontario,8,57432.96,678,56351.5,5040.59,50.0,1,1,0,0,0,2999.56,24,18,4,1,2,0,-2.41,1,21.9,0
30,Male,Alberta,8,79613.81,730,34864.88,6333.31,3773.49,1,0,0,0,0,0.0,35,7,1,1,0,0,2.72,15,25.2,0
50,Male,British Columbia,12,103280.94,774,61333.64,9300.44,600.79,3,1,0,0,0,1818.1,40,11,7,3,0,0,-11.1,33,29.85,0
70,Female,Ontario,11,94691.75,669,52844.59,7232.08,532.89,1,1,1,0,0,1139.08,1,34,7,1,1,0,-7.92,18,12.55,0
34,Male,British Columbia,4,96810.89,850,0.0,8764.45,4380.61,1,1,0,0,0,1799.33,39,25,1,4,0,0,-16.21,49,34.1,0
44,Female,Ontario,10,80488.53,791,24913.25,6639.11,2731.06,3,1,0,1,0,2952.05,20,0,6,3,1,1,24.62,44,13.0,0
48,Female,Quebec,0,62807.92,694,10542.47,5373.16,2718.17,1,1,0,0,1,1631.85,4,2,5,2,0,0,-5.01,48,3.3,1
26,Male,Alberta,2,99909.38,752,61409.54,7832.47,1207.93,3,1,1,0,0,1808.22,41,0,3,2,0,1,-11.77,40,26.65,0
22,Female,British Columbia,7,114523.05,736,28954.43,10756.95,2403.99,1,1,0,0,0,540.22,30,22,4,3,0,0,-0.96,37,27.2,0
45,Female,British Columbia,4,100069.19,794,44495.0,8291.31,3970.88,3,1,0,0,0,909.8,28,26,8,1,1,2,45.2,20,27.3,0
67,Male,Quebec,11,101600.17,477,43492.17,8849.47,2187.22,2,0,0,0,0,0.0,16,24,1,0,0,0,-16.72,41,18.8,0
23,Female,Quebec,6,105059.45,647,52111.79,9235.92,1259.1,1,0,0,0,1,0.0,2,12,6,1,0,0,-19.22,29,5.5,0
39,Male,Ontario,13,60484.87,766,30700.7,5117.14,725.94,2,1,0,0,1,1473.35,24,10,1,1,1,0,14.52,26,19.1,0
61,Female,Alberta,10,79814.98,601,38831.91,7349.31,2271.26,1,1,1,0,0,1095.67,11,29,3,1,0,0,-1.8,12,17.3,0
68,Female,Alberta,1,57634.21,639,78046.13,3935.49,728.07,1,0,0,0,0,0.0,16,2,8,0,2,0,-15.43,21,11.1,0
54,Female,Quebec,12,69620.0,517,37276.53,6900.97,2446.89,3,0,0,0,1,0.0,36,23,1,1,1,1,5.07,32,31.45,0
55,Male,Ontario,14,44284.83,631,0.0,4808.06,2269.36,3,1,0,0,1,3175.91,31,33,8,1,0,0,0.49,46,31.7,0
65,Male,Quebec,10,88434.07,626,47915.0,6460.17,2518.41,3,1,0,0,0,3795.27,32,0,5,2,0,0,-20.92,8,20.8,0
52,Male,British Columbia,14,65708.02,705,98085.82,5946.12,473.51,3,0,0,0,0,0.0,18,25,2,1,0,0,13.6,1,20.45,0
24,Male,British Columbia,4,61292.06,612,74064.48,4319.32,2477.48,3,1,0,1,0,0.0,38,14,3,0,0,0,-1.08,19,29.6,0
53,Female,Quebec,11,88023.38,610,61365.28,7855.2,3755.95,2,1,0,0,0,2224.46,21,2,4,2,0,0,-9.33,37,14.35,0
39,Male,Ontario,5,95492.72,532,28201.33,9618.29,2615.03,2,0,0,1,0,0.0,1,28,7,2,0,0,1.56,42,10.45,0
39,Male,British Columbia,3,43414.51,619,34475.96,3346.63,1061.73,1,0,0,0,0,0.0,18,33,8,1,0,0,-5.37,12,23.25,0
34,Male,Quebec,9,65446.63,620,32517.63,5766.15,2228.81,1,1,0,0,0,2138.05,7,21,1,2,0,0,4.12,44,11.9,0
35,Female,British Columbia,8,76234.12,583,61371.73,7157.71,50.0,3,1,0,1,0,2784.53,26,18,2,2,0,0,-28.21,2,23.2,0
69,Female,British Columbia,14,133034.76,697,21436.27,11478.6,2971.22,2,1,1,0,0,2021.53,23,21,2,2,1,1,5.84,46,22.3,0
58,Male,Alberta,13,78825.95,649,43852.01,6162.62,4311.04,1,0,0,0,0,0.0,26,28,4,1,0,0,-5.53,29,26.7,0
29,Male,Alberta,7,53444.16,668,80933.06,4227.94,4855.32,1,1,1,0,0,1241.05,9,5,0,2,0,0,24.09,37,7.6,0
48,Female,British Columbia,0,138912.56,695,468.84,12453.12,50.0,1,1,0,0,0,3692.83,7,24,0,3,1,0,-12.6,31,12.95,1
65,Male,Ontario,7,25000.0,617,82850.28,1643.09,747.18,1,0,0,0,1,0.0,9,2,3,1,0,0,-6.48,33,6.55,0
40,Male,British Columbia,10,104829.97,724,22151.03,8943.26,2649.74,1,1,0,0,1,2208.18,33,19,0,2,0,1,22.97,29,28.1,0
61,Female,British Columbia,10,103073.67,680,76595.55,10123.78,4171.41,1,1,1,0,0,2213.26,14,33,4,0,1,0,-11.96,14,20.65,0
33,Female,Alberta,3,135870.24,707,82214.15,10906.06,2991.39,3,1,1,0,1,3077.23,0,22,8,1,1,0,9.13,25,7.7,0
37,Male,Ontario,12,55786.55,693,50926.94,4799.58,50.0,2,0,0,0,0,0.0,15,7,8,2,0,0,-16.74,23,12.2,0
49,Female,British Columbia,11,84223.2,655,36667.54,7635.79,50.0,1,1,1,0,0,3734.37,4,3,2,6,1,1,18.79,26,3.65,1
71,Male,Ontario,6,70723.25,592,23196.4,6526.15,4742.8,2,1,0,0,0,1513.32,3,28,7,2,0,0,13.26,2,11.75,1
69,Male,British Columbia,11,32885.09,706,39120.78,1996.41,1795.1,1,1,0,1,0,3686.65,33,16,2,0,0,0,-11.91,69,27.05,0
40,Male,Alberta,5,140786.38,840,99123.65,12367.72,1898.2,1,1,1,0,0,1934.6,32,8,0,1,1,0,11.37,32,23.6,1
48,Male,Ontario,11,82260.87,543,0.0,7162.76,3974.02,2,1,0,0,0,1941.5,39,23,8,1,0,1,2.96,5,33.4,0
70,Female,British Columbia,1,50603.16,654,25344.29,4151.9,1201.45,2,1,0,0,0,775.88,6,20,3,4,0,1,40.83,12,10.9,0
32,Male,British Columbia,10,88204.89,512,72340.34,8129.18,1046.66,2,1,0,0,0,1807.07,19,12,2,2,1,0,4.95,19,16.55,0
26,Male,Alberta,15,83270.93,685,19254.12,7674.98,4417.55,3,1,1,0,1,969.79,18,10,3,1,0,0,-0.9,37,15.2,0
64,Female,Ontario,1,122954.8,632,50377.97,9256.47,2567.37,3,1,0,0,1,3823.18,25,33,2,0,0,0,12.24,18,27.8,0
63,Male,British Columbia,5,92477.21,645,55084.43,7032.42,4039.42,4,1,0,0,1,2577.44,36,7,1,1,2,0,-19.45,55,25.85,1
42,Male,Quebec,3,96219.21,715,100919.5,7370.97,752.33,4,1,1,0,1,1053.11,23,17,4,2,0,0,28.93,28,20.9,0
55,Male,Alberta,15,83076.98,810,36265.29,7248.94,2491.88,1,1,0,0,1,2780.71,36,4,5,0,1,0,19.68,30,24.8,0
46,Male,Ontario,3,124680.05,807,16886.08,10695.84,4376.53,1,0,0,0,0,0.0,4,15,3,1,1,0,27.21,8,7.85,1
21,Male,Ontario,11,94341.1,712,20979.32,8282.49,4116.47,4,1,0,1,0,2783.78,3,6,5,2,0,0,-9.48,39,4.05,0
61,Male,Alberta,4,128570.92,742,94934.13,11431.78,3128.29,3,1,0,0,1,929.99,29,20,0,2,0,0,5.88,40,25.85,0
30,Female,Quebec,8,102724.82,643,13869.34,8359.57,2067.61,2,1,1,1,1,3007.9,0,3,8,1,0,0,12.06,26,1.05,0
35,Male,Quebec,3,113574.91,584,40958.91,11165.71,3409.17,1,0,0,0,0,0.0,41,12,3,0,1,0,-2.65,46,30.85,0
64,Male,Ontario,11,53179.3,742,32978.6,4501.32,1877.42,4,1,0,0,0,2113.33,38,7,5,0,0,1,2.77,35,27.15,0
25,Male,Quebec,8,100935.53,645,17896.62,7963.1,2103.26,2,1,1,0,1,1255.06,36,2,8,4,1,1,-4.15,23,24.1,1
63,Female,Ontario,15,93249.51,772,77372.19,8179.66,4139.42,2,1,0,0,0,1442.28,4,31,0,2,1,0,7.36,39,13.45,0
38,Male,Quebec,2,55307.92,756,0.0,4656.58,3490.23,3,1,0,0,0,1810.67,25,13,6,4,0,0,0.28,11,20.8,0
37,Male,Ontario,1,121563.12,639,79750.19,10003.69,1463.01,1,1,0,0,0,0.0,2,16,6,1,0,0,-3.5,18,6.9,1
40,Male,British Columbia,2,101838.39,679,55951.45,8777.5,2184.36,2,0,0,1,0,0.0,22,26,6,3,0,0,7.84,48,23.4,0
71,Female,British Columbia,0,105926.66,646,60208.93,9126.01,1331.83,2,1,0,0,0,2440.48,31,12,2,2,0,1,9.52,27,24.35,1
24,Female,Quebec,6,92512.68,609,36915.45,7382.96,4850.19,2,1,0,0,0,2298.91,11,21,8,4,0,0,9.74,35,14.5,0
43,Female,British Columbia,11,25000.0,661,51070.55,3030.89,1885.87,2,0,0,1,0,0.0,19,29,5,1,0,0,-6.98,31,22.5,0
65,Female,Ontario,7,145171.83,542,45213.29,11560.17,957.9,1,1,0,1,1,2635.31,13,1,5,0,0,1,-15.86,45,8.8,0
42,Male,Ontario,15,115109.07,791,55168.41,9789.4,2682.79,2,0,1,0,0,0.0,27,8,0,3,1,0,0.04,27,20.35,0
38,Male,Ontario,12,65317.54,723,51819.87,5428.35,1694.69,3,1,0,0,0,674.48,40,7,2,3,1,1,-11.81,45,28.45,0
41,Female,Alberta,13,71001.88,683,64560.79,5857.03,2311.66,2,1,1,0,1,1885.88,7,3,6,5,0,0,26.63,39,5.6,0
54,Male,Quebec,9,30166.69,645,53549.15,2580.23,3387.71,1,1,1,0,0,1247.29,44,12,7,0,1,0,14.28,32,32.8,0
70,Male,Ontario,6,60906.57,530,29208.07,5534.53,3744.81,2,1,0,0,1,1488.4,41,25,0,1,0,0,23.8,51,35.4,0
51,Female,Ontario,11,135585.36,817,39465.02,10435.39,2085.56,3,1,0,1,0,1154.51,1,4,7,1,0,0,4.11,19,2.05,0
27,Male,Ontario,5,105699.45,772,0.0,8284.74,1872.3,1,1,1,0,0,3578.06,42,25,0,1,0,0,31.87,42,36.05,0
37,Male,Quebec,13,81967.07,739,54876.1,7254.81,3628.64,2,1,0,0,0,2963.89,11,5,3,5,1,0,24.02,35,8.9,0
48,Female,British Columbia,2,112598.54,654,36580.72,8418.92,2086.43,1,1,1,0,1,1975.39,38,20,6,1,0,1,-2.89,36,31.7,0
60,Female,Alberta,10,113283.32,715,0.0,9751.02,4413.02,2,1,0,0,0,1435.38,42,0,2,2,0,1,-18.58,51,27.3,0
23,Female,Ontario,12,81792.42,661,58135.1,7372.49,3870.62,2,1,0,1,0,1082.73,42,14,8,3,0,0,-11.56,30,32.2,0
50,Male,British Columbia,9,111409.93,743,66950.42,9981.79,3345.33,3,0,0,0,0,0.0,39,34,3,1,1,0,-17.36,33,37.25,0
47,Male,Ontario,13,80368.74,672,57099.5,7197.49,3214.51,1,1,0,0,0,2958.3,28,19,8,1,0,0,-4.81,23,24.85,0
21,Female,Alberta,1,133786.1,595,41174.08,11301.28,3766.48,3,1,0,0,0,1181.28,8,11,2,4,1,0,0.17,20,9.05,0
52,Female,Quebec,0,46870.87,733,21084.37,3936.62,1905.0,2,1,0,0,1,1568.69,38,8,1,0,0,0,-5.48,23,27.5,0
32,Male,British Columbia,12,53330.57,636,32187.97,4536.56,771.8,2,1,0,0,0,1021.54,36,18,2,1,0,0,-2.95,21,29.7,0
45,Female,Alberta,11,38483.87,697,0.0,2928.71,2113.89,2,1,1,0,0,938.0,28,28,1,3,1,1,-22.47,26,28.0,0
54,Male,British Columbia,3,153109.11,623,25808.5,13739.53,2904.29,1,1,1,0,1,541.12,42,12,4,3,2,0,10.76,32,31.5,0
46,Female,British Columbia,15,90064.64,769,0.0,7050.82,3238.7,1,1,1,0,0,1762.59,39,16,3,1,0,1,21.08,9,30.95,0
51,Male,British Columbia,3,70429.35,622,5352.92,4569.42,3121.14,1,0,0,0,0,0.0,16,33,3,2,0,0,6.84,48,21.95,0
30,Male,Alberta,0,52790.37,800,22702.61,4303.44,776.52,1,1,0,0,1,1635.46,9,17,3,4,0,1,-16.29,35,11.8,0
40,Male,Ontario,15,63480.39,682,21294.3,3889.16,5302.56,2,0,1,1,1,0.0,11,17,3,0,0,0,-1.44,45,13.1,1
71,Male,British Columbia,12,68036.44,784,23684.89,6427.58,1453.95,2,1,0,0,0,582.44,23,6,8,0,1,0,-1.1,40,17.05,0
55,Male,Quebec,7,97586.77,684,32358.44,8674.13,335.02,4,1,0,1,0,1806.31,11,8,5,6,1,0,1.64,36,9.95,0
55,Male,Quebec,12,49246.84,733,0.0,3660.15,1207.5,1,1,0,0,0,1987.93,32,7,0,1,0,0,20.52,20,23.25,0
40,Female,Ontario,4,101645.54,671,55246.38,8452.64,1231.05,2,0,0,0,0,0.0,13,2,3,0,0,0,2.57,21,9.15,0
51,Male,Ontario,4,105612.55,791,23086.18,7997.79,1434.01,2,1,0,0,0,1692.47,40,27,2,1,0,0,6.52,25,35.45,1
52,Male,Ontario,9,72880.49,768,54916.87,7311.96,3789.04,1,0,0,0,1,0.0,20,17,8,1,0,0,4.04,6,18.95,0
26,Male,Ontario,12,125018.37,580,36192.78,10649.0,4748.85,3,0,0,0,1,0.0,29,30,6,0,0,0,-6.1,43,29.35,0
47,Female,Alberta,5,108063.14,783,59481.04,8282.15,3583.3,2,1,0,1,0,2238.89,24,24,5,2,1,0,-0.86,6,24.0,0
65,Female,Quebec,1,98871.93,603,23141.35,7057.72,2639.11,1,1,0,1,1,2346.1,1,16,2,2,0,0,-1.07,31,6.25,1
34,Female,Quebec,8,68023.32,748,43135.41,5781.94,3308.47,2,1,0,0,0,977.67,24,16,5,2,1,0,13.04,20,21.2,0
28,Female,Ontario,3,95801.59,609,39488.95,8273.05,1469.5,3,0,0,0,0,0.0,20,1,3,2,0,0,-11.29,29,13.35,0
61,Female,British Columbia,2,98787.48,745,67086.34,8038.39,3436.51,2,1,1,0,1,3385.42,19,9,4,3,2,0,-26.67,23,15.5,0
64,Male,British Columbia,5,87825.99,528,9190.5,7874.59,3844.87,1,1,0,0,0,957.0,20,13,1,1,0,0,-13.24,34,17.55,0
67,Male,Ontario,6,46506.52,659,69051.59,3169.12,2833.26,1,0,0,0,0,0.0,24,21,4,2,0,1,5.21,47,22.95,1
36,Female,Alberta,5,165272.47,761,55953.72,13281.02,3796.44,1,1,1,1,1,623.87,2,34,1,1,1,0,-10.15,23,13.2,0
65,Male,Ontario,3,112400.88,800,35441.22,8938.82,4227.95,2,1,1,0,0,2693.41,7,11,0,2,0,0,11.55,24,8.4,0
26,Female,Quebec,3,122760.27,740,5921.78,10813.95,1867.84,1,1,1,0,1,1133.14,23,9,8,2,1,0,-0.67,33,18.1,0
56,Female,Alberta,9,96051.14,702,42515.52,8012.0,4873.67,3,1,0,0,1,1407.13,0,10,8,2,0,0,15.94,9,3.5,0
27,Female,Ontario,14,111863.84,665,31009.5,8983.36,1841.38,1,1,0,0,1,1432.86,7,14,6,3,3,0,14.87,22,9.45,0
71,Female,Alberta,6,159556.81,850,0.0,12772.45,2496.22,2,1,0,0,0,4357.91,10,12,7,2,0,0,4.79,28,10.7,0
29,Female,Quebec,4,99301.12,714,51529.2,8435.63,50.0,2,0,0,0,0,0.0,20,7,7,2,1,1,-5.09,7,15.45,0
69,Female,Ontario,11,59034.21,656,51400.08,4649.09,4675.81,2,0,0,1,1,0.0,15,3,2,3,1,1,-8.05,15,10.8,1
46,Male,Alberta,8,71523.14,823,47190.47,6635.56,1957.5,1,1,1,0,0,1424.94,26,29,0,1,0,0,-16.12,20,27.05,0
31,Female,Ontario,8,82667.65,732,22796.62,6471.38,4653.19,1,0,0,0,0,0.0,23,25,5,2,2,0,-6.6,32,23.7,1
39,Female,Alberta,3,77852.22,751,34975.77,6554.03,2091.9,2,1,0,1,1,832.22,27,28,8,1,1,0,-0.73,21,27.35,0
66,Female,Ontario,12,127357.92,792,37147.82,10143.04,3546.1,2,0,0,0,0,0.0,9,5,0,2,0,0,-8.63,3,7.6,0
26,Male,Quebec,5,88247.66,620,31636.52,7139.13,3846.42,1,1,0,0,0,1946.98,44,7,3,5,0,0,5.72,53,31.05,0
49,Female,Ontario,6,99411.59,746,40185.93,9437.93,747.53,3,1,1,1,0,2961.38,39,1,2,1,0,0,-18.18,22,25.7,0
56,Male,Quebec,1,60889.79,751,45314.22,5462.47,4697.41,1,1,0,0,0,2536.03,35,1,8,1,0,1,-19.56,32,23.1,0
61,Male,Alberta,2,63798.73,571,49027.05,4964.92,379.73,2,1,0,0,0,2198.34,40,1,1,0,0,0,7.39,38,26.35,0
34,Male,British Columbia,3,76510.21,750,15413.57,6167.07,3718.62,1,1,0,0,0,3657.49,27,21,2,2,0,2,-15.05,18,24.9,0
60,Male,Ontario,6,40186.97,667,65239.72,3814.69,837.53,3,1,0,0,0,943.15,22,2,6,0,0,0,-12.18,37,15.0,1
41,Male,British Columbia,8,56427.1,697,26815.61,4325.29,1734.84,1,1,1,0,1,882.08,11,12,0,3,1,0,5.35,33,11.35,0
49,Female,Quebec,0,62611.54,624,42654.64,5249.32,2745.16,3,1,0,0,0,2684.91,3,7,8,3,1,0,-4.06,21,4.4,1
69,Male,Quebec,2,90155.71,573,57430.2,7467.92,2914.6,2,1,0,0,1,2855.88,9,25,8,4,1,1,22.39,36,14.6,0
22,Female,British Columbia,10,67366.14,633,19848.82,4443.46,3352.0,2,0,0,0,0,0.0,17,29,4,3,0,0,-6.29,47,21.2,0
61,Male,Ontario,9,116162.47,607,48408.04,9886.21,3725.41,3,1,0,0,0,1629.68,30,11,2,2,0,0,-15.51,38,23.35,0
32,Female,Ontario,8,104452.01,672,19024.41,8096.83,3832.51,1,0,0,0,1,0.0,36,28,2,3,2,0,3.93,47,33.2,0
44,Male,Ontario,3,71265.73,711,41987.71,7332.81,2914.55,3,1,1,0,0,1292.16,16,9,0,3,0,0,22.72,27,13.55,0
28,Male,Alberta,6,97239.01,631,23077.81,8000.36,4499.27,1,0,0,0,1,0.0,11,31,0,6,0,1,7.2,21,18.0,0
68,Male,British Columbia,0,90457.69,695,119691.27,7359.56,2933.49,4,0,1,0,0,0.0,7,32,3,2,0,1,-6.71,30,15.75,0
42,Female,Alberta,15,78413.33,642,36735.15,7014.12,989.15,3,1,0,0,1,2335.0,16,25,6,3,0,1,6.69,22,19.15,0
30,Female,Ontario,11,125439.65,514,6355.74,10971.87,1488.28,3,1,1,0,0,607.56,12,0,4,2,1,1,-13.44,21,7.8,0
41,Female,Ontario,12,43557.77,655,24386.32,3927.96,2803.98,2,1,0,0,0,2507.89,2,15,6,2,0,0,-8.52,15,6.55,0
36,Male,British Columbia,10,61393.16,707,0.0,5654.75,1642.52,1,1,0,0,0,1812.2,43,24,8,1,0,0,-19.7,32,36.35,0
58,Male,Ontario,15,114219.18,746,94057.83,9557.29,3936.74,3,1,0,0,1,2217.5,29,9,7,3,0,1,-5.03,52,22.0,0
60,Female,Ontario,0,26081.23,683,27673.83,2310.81,2388.53,2,1,1,0,0,2884.85,4,31,7,2,1,0,-26.38,36,13.45,0
40,Male,Ontario,8,102518.14,524,19106.23,7852.92,3083.43,3,1,0,1,0,1928.1,44,17,2,3,0,0,-6.84,46,34.55,1
30,Male,Alberta,7,67235.7,648,48832.52,5634.27,3819.11,1,1,1,0,0,1372.93,33,1,7,3,0,0,-28.16,30,21.8,1
60,Female,Alberta,13,95225.96,618,40175.99,7843.3,617.06,2,0,0,0,0,0.0,2,28,7,0,0,0,18.65,30,11.1,0
35,Female,Quebec,15,25000.0,616,7217.21,1715.11,1776.35,3,1,0,0,0,2711.61,4,1,2,0,0,1,-7.71,20,2.95,0
46,Female,Ontario,7,59450.07,683,8639.16,5073.48,2606.45,2,0,0,0,0,0.0,41,6,4,0,0,0,-7.93,27,28.75,1
65,Male,Ontario,6,96503.31,741,23865.71,7462.12,876.68,1,1,0,0,0,736.31,5,13,2,1,0,0,-3.71,22,7.8,0
49,Male,British Columbia,15,62802.47,546,25816.46,4472.04,2025.89,3,1,0,0,1,693.95,26,33,1,1,1,1,-15.16,5,28.45,0
72,Male,Quebec,6,70705.04,624,64424.34,6699.81,50.0,4,1,0,0,0,3140.35,27,1,2,1,0,0,-0.24,7,17.9,0
37,Female,British Columbia,5,71835.26,673,2180.12,7032.03,5129.36,2,1,0,0,0,0.0,9,7,1,0,0,1,6.5,39,8.3,1
23,Female,Alberta,10,93460.65,748,15299.58,8153.97,2045.49,1,1,0,1,0,1363.93,27,27,3,2,0,0,15.52,21,27.0,0
49,Male,Alberta,12,95346.14,800,66416.72,7988.75,50.0,2,0,1,0,0,0.0,2,1,7,3,0,2,-23.55,41,1.65,0
38,Male,British Columbia,10,77979.95,743,36532.38,6058.87,1208.07,1,1,0,0,0,1272.78,10,16,7,1,0,0,7.9,9,12.1,0
45,Male,Ontario,7,74873.91,673,20692.71,5928.73,2400.76,1,0,1,0,0,0.0,21,17,4,0,0,0,-4.86,51,19.6,0
35,Female,Quebec,0,109009.66,693,5639.35,8685.61,5491.78,1,1,0,0,0,2561.32,35,6,1,3,0,3,0.74,10,24.85,1
45,Female,British Columbia,0,63097.1,563,47525.55,5802.78,1726.49,2,1,0,1,0,1460.52,36,20,4,2,0,0,18.08,39,30.4,0
56,Female,Ontario,4,62510.71,634,57509.75,5228.26,5448.89,2,1,0,1,0,938.25,10,14,8,1,0,0,0.33,26,11.4,1
46,Male,Ontario,3,117960.37,755,93460.04,9156.19,2194.74,1,0,0,0,1,0.0,41,2,0,0,0,1,14.73,50,27.35,0
35,Male,Ontario,7,41345.32,647,74022.62,3662.88,2572.54,2,1,0,0,0,366.11,28,0,7,1,1,1,12.89,40,18.2,0
44,Male,Ontario,10,77888.83,753,76999.53,6960.67,2412.34,2,1,0,0,0,1910.42,7,27,0,1,0,0,-15.17,33,14.0,0
30,Male,British Columbia,15,59210.94,759,17006.08,4953.08,1800.3,2,1,1,0,0,723.72,13,12,6,6,1,0,-26.11,18,12.65,0
66,Female,Quebec,4,25000.0,705,68751.34,2298.11,1421.67,2,1,1,0,0,3601.96,33,25,2,1,0,1,-12.71,31,30.2,0
37,Female,Ontario,4,73608.87,669,69910.81,6183.97,2671.39,1,0,0,0,1,0.0,4,8,8,2,1,0,17.06,33,5.4,0
23,Female,Quebec,15,90711.14,547,76517.8,7173.02,2899.78,3,1,0,0,0,1523.49,36,1,7,2,1,1,8.99,17,23.75,0
23,Female,Ontario,13,49730.05,727,50408.48,4926.9,3607.37,2,1,0,0,0,2827.37,11,24,4,2,0,0,-1.17,43,15.55,0
51,Male,Ontario,10,59619.73,722,22584.1,4555.95,4717.49,1,1,0,0,0,1949.58,35,15,7,1,0,0,1.6,7,28.0,0
53,Male,British Columbia,6,126477.55,439,10360.0,11115.98,5681.29,1,1,0,0,0,1134.07,7,32,1,2,1,0,2.18,55,15.75,1
65,Male,Ontario,1,71455.96,657,102111.46,7165.53,2726.97,1,1,1,0,0,1982.03,9,34,2,1,0,1,25.73,23,17.75,0
23,Female,British Columbia,0,73864.18,783,3687.75,5083.05,3315.58,1,1,0,0,1,178.04,44,31,6,0,1,1,1.59,11,39.45,0
45,Female,Ontario,11,71206.32,712,0.0,6244.5,1444.28,2,1,0,0,0,2966.65,41,24,5,0,0,0,14.68,25,35.05,0
27,Male,British Columbia,8,88087.21,600,36125.15,6966.03,3700.69,1,1,0,0,0,3183.56,1,26,7,0,0,0,-5.51,42,9.75,0
69,Male,Alberta,15,98519.25,705,40838.79,8539.35,1783.12,4,1,1,0,0,4978.7,23,17,7,1,0,0,14.72,34,20.9,0
27,Male,Quebec,1,85745.17,523,64747.56,7162.49,3504.33,1,1,0,0,0,0.0,42,0,5,1,0,2,8.49,46,27.3,0
23,Female,Ontario,12,105023.61,808,2164.94,9761.28,2045.66,2,0,0,0,1,0.0,34,30,4,3,0,0,6.34,26,32.6,0
75,Male,Ontario,0,55548.48,522,29802.9,4232.42,3156.61,2,1,0,0,1,2644.61,22,27,6,1,0,0,-3.35,36,23.75,0
71,Female,Ontario,1,78036.13,579,7022.92,6586.33,3934.11,2,1,0,0,1,2876.11,0,10,3,0,1,0,13.98,22,3.5,0
42,Female,Ontario,2,115561.12,616,7030.39,9552.72,771.02,1,0,1,0,1,0.0,42,13,8,4,0,1,-15.97,10,31.85,1
35,Female,Alberta,15,138167.8,556,51375.73,11495.63,3460.67,1,1,0,0,1,1315.85,2,30,2,1,0,0,-7.22,19,11.8,0
65,Male,British Columbia,1,92599.87,729,26741.68,7666.58,1819.26,1,1,0,0,0,3403.72,21,3,3,2,0,0,3.97,48,14.7,0
68,Female,Alberta,0,86705.54,754,94387.36,7395.5,3579.63,4,1,0,0,0,2926.87,16,5,6,0,2,0,4.37,36,12.15,0
59,Female,British Columbia,11,103645.01,631,78926.47,7533.99,3134.64,1,0,0,0,0,0.0,1,0,0,5,0,0,2.67,63,0.65,0
50,Male,Ontario,1,63693.02,617,0.0,6179.26,3491.59,3,1,0,0,0,790.53,5,9,1,1,0,0,7.37,28,6.4,0
67,Male,British Columbia,5,42390.87,635,67139.85,3061.7,1998.34,4,1,0,0,0,1957.41,26,0,2,1,1,0,-0.23,32,16.9,0
57,Male,Quebec,6,141597.04,587,49820.67,12242.11,4019.83,2,1,0,0,1,3198.21,44,9,8,4,0,0,7.85,17,31.75,0
46,Male,Quebec,0,89967.44,564,74280.77,8067.24,4475.11,2,0,0,0,1,0.0,36,31,0,2,1,0,1.16,47,34.25,0
56,Male,Ontario,5,103935.71,607,41352.2,8923.38,6753.03,2,1,0,1,0,2012.13,28,31,0,2,0,1,-2.53,22,29.05,0
23,Female,British Columbia,3,92878.68,623,26846.96,8161.46,4721.46,2,1,0,0,1,3752.19,11,5,3,4,1,1,-12.93,40,8.9,1
45,Female,Quebec,6,100634.51,719,21500.38,8133.25,2584.46,2,1,1,1,1,992.82,21,16,8,1,1,0,0.33,40,19.25,1
21,Male,British Columbia,13,111695.34,605,67064.6,8620.93,1582.24,3,1,0,0,0,4738.38,44,14,3,1,0,0,21.57,14,33.5,0
64,Female,British Columbia,15,81345.91,725,53122.4,6774.28,3515.44,1,0,1,0,0,0.0,2,15,1,3,1,0,-18.27,59,6.55,0
24,Male,Ontario,1,90847.56,738,14783.64,6762.03,2764.26,1,1,0,0,0,4479.63,1,15,8,2,1,1,-2.34,13,5.9,1
59,Male,Ontario,10,59729.46,800,117048.01,5070.96,2334.17,1,1,0,0,0,115.97,28,13,5,2,2,0,-5.2,13,22.75,0
45,Female,British Columbia,0,94474.12,670,80365.29,8062.5,1818.98,3,1,0,0,0,443.62,35,33,2,1,0,0,-1.97,7,34.3,0
61,Female,Ontario,13,61430.51,702,56330.59,4450.68,1258.1,1,1,1,1,1,1562.61,7,30,2,5,2,0,-1.38,37,15.05,0
67,Male,Quebec,13,104065.99,731,25695.6,9633.99,3620.04,3,1,1,0,0,1324.22,30,2,3,1,0,0,1.43,38,20.2,0
60,Male,Alberta,0,108854.06,549,73426.39,9528.15,2586.69,1,1,1,0,0,1596.21,8,7,8,2,0,0,-3.64,48,7.65,0
43,Female,Quebec,1,100937.47,725,40568.35,8024.55,2103.84,3,1,0,0,1,1448.48,43,11,3,2,0,0,-18.75,42,31.8,0
65,Female,Quebec,9,109529.72,652,14472.41,8746.8,4108.3,1,1,1,1,0,3117.8,28,11,3,1,0,1,-18.59,40,22.05,0
62,Male,Ontario,13,119064.71,683,18719.92,10476.27,4154.78,2,1,0,0,1,2428.89,35,34,4,1,0,0,14.47,37,34.65,0
44,Female,Ontario,7,80255.24,766,44539.69,7368.91,1731.17,1,1,0,0,0,3191.84,7,23,2,2,0,1,-10.33,44,12.6,0
66,Male,British Columbia,6,111418.8,766,102422.07,8802.32,50.0,2,1,0,0,1,1729.78,20,22,1,2,1,0,-4.79,50,20.7,0
23,Male,Ontario,4,132469.05,647,85230.32,9865.04,5402.49,2,1,0,1,0,1197.08,38,29,7,1,1,1,-18.84,29,34.85,0
29,Male,British Columbia,5,103302.29,784,36583.92,8854.33,1384.72,3,1,0,0,0,1509.9,26,12,3,5,0,0,14.59,31,21.1,0
66,Male,Alberta,9,112935.48,846,51909.67,8944.54,1989.12,3,1,0,1,1,1166.47,28,5,0,1,1,0,-5.49,4,19.95,0
51,Male,Ontario,2,74475.56,688,58311.42,6632.67,1220.65,2,1,0,0,0,2093.42,22,15,4,1,0,0,15.59,44,19.55,0
29,Male,Alberta,14,88212.37,667,0.0,7327.52,1274.26,3,1,0,0,0,0.0,26,11,7,1,0,1,20.8,32,20.75,0
31,Male,Ontario,15,37163.24,675,0.0,2369.81,2698.35,1,0,0,0,0,0.0,32,32,6,4,0,0,4.87,24,32.0,0
33,Female,Ontario,6,76418.06,711,35749.3,6592.49,6070.14,2,1,0,0,1,2762.03,44,27,3,4,0,5,-24.5,48,38.05,1
27,Female,Alberta,4,29449.84,606,26891.74,2238.95,2604.83,1,1,0,0,1,3097.67,12,29,8,0,1,0,-5.4,37,17.95,0
55,Female,Ontario,2,25000.0,577,39544.83,2232.54,952.17,3,1,1,0,0,1632.08,9,33,5,2,0,0,5.28,24,17.4,0
49,Female,Ontario,6,112049.5,805,83242.49,9561.87,2258.35,3,1,0,0,0,2540.85,9,8,2,0,0,0,0.18,49,8.65,0
45,Female,British Columbia,0,106623.57,560,49594.38,9959.19,1827.1,2,1,1,0,0,93.26,9,26,1,0,0,1,-3.87,28,14.95,1
55,Female,Quebec,2,107432.97,646,35333.23,9054.36,1866.46,4,1,0,1,0,1456.59,18,9,4,3,0,0,7.85,31,14.85,0
37,Male,British Columbia,14,66471.01,688,73827.07,6235.74,3365.64,3,1,0,0,1,736.23,0,29,4,1,0,0,-5.58,32,10.15,0
35,Female,Alberta,7,107745.68,759,0.0,9151.66,2711.85,2,0,0,1,0,0.0,12,0,0,2,0,0,0.78,25,7.8,0
26,Male,Ontario,13,67614.54,662,16141.52,5169.46,3612.15,3,1,1,0,1,2075.31,15,19,0,1,0,0,14.15,37,16.4,0
33,Male,Ontario,1,69587.93,769,18722.97,5819.85,1232.32,2,1,1,0,0,764.99,24,21,6,4,0,0,-7.58,9,22.95,0
29,Male,Alberta,10,84656.03,550,59238.29,6753.37,3141.39,2,1,1,1,1,47.28,15,15,7,3,0,0,25.62,1,15.0,0
30,Female,Quebec,9,177962.21,828,36994.52,14489.67,3450.71,2,1,1,0,1,1288.64,22,0,2,3,0,0,-5.12,16,14.3,1
57,Male,Ontario,6,93762.96,654,42175.0,8024.26,411.63,2,1,1,0,1,1515.38,23,10,6,0,0,0,12.14,18,18.45,1
24,Female,Ontario,6,92066.88,713,46960.77,8123.17,3166.52,3,1,1,0,0,2059.73,33,25,2,2,1,0,-3.26,18,30.2,0
44,Female,Quebec,13,91953.81,824,102193.73,6744.25,2151.18,3,1,0,0,0,3824.85,1,10,6,0,0,0,8.52,15,4.15,0
25,Male,Alberta,9,99070.92,784,27533.98,9224.71,1183.08,2,1,0,0,0,2019.73,16,0,0,2,1,0,23.52,48,10.4,0
62,Male,Quebec,3,84594.8,690,16872.52,7148.27,3863.71,1,1,0,0,1,952.22,26,5,5,1,0,1,-13.74,30,18.65,0
53,Female,Alberta,5,71875.55,635,31033.74,7195.46,3848.95,2,1,0,0,1,172.16,28,14,6,0,1,1,-10.05,25,23.1,0
74,Male,Ontario,4,90123.87,672,95329.69,8008.93,2096.04,2,0,1,0,0,0.0,21,27,4,3,1,0,-14.68,32,23.1,0
58,Female,Ontario,3,49575.89,658,32893.82,4840.63,3182.43,1,0,1,0,0,0.0,44,5,5,0,0,0,8.66,38,30.35,0
26,Male,Quebec,13,72878.39,786,44540.0,6108.24,3492.21,1,1,1,0,0,1470.92,31,23,8,3,0,0,-6.0,36,28.2,0
60,Male,Ontario,13,113535.45,802,31982.51,8919.77,2483.66,1,1,1,0,0,2216.38,21,6,8,0,0,2,-23.67,24,15.75,0
75,Male,Ontario,1,132218.85,645,92544.29,11730.19,400.21,2,1,0,0,1,2330.72,31,0,1,4,2,0,12.43,30,20.15,0
21,Male,Alberta,2,101145.53,751,0.0,8760.14,997.27,4,1,0,0,0,1365.2,15,23,4,3,0,1,-12.33,25,17.8,0
49,Female,Quebec,3,72178.94,664,50316.11,5901.21,636.98,3,1,0,0,1,0.0,13,19,2,1,1,0,-26.35,32,15.1,0
72,Female,British Columbia,6,44207.21,733,55801.51,4021.98,3016.66,4,0,0,0,0,0.0,12,10,4,1,0,0,-13.69,42,11.3,0
23,Female,Ontario,14,136396.05,690,98599.42,10795.63,3413.88,2,1,0,0,1,1490.41,19,30,3,1,0,0,-0.23,63,22.85,0
35,Male,Ontario,2,104111.94,656,67869.98,8764.37,50.0,3,0,0,0,0,0.0,14,27,7,0,0,0,-6.63,40,18.55,0
51,Female,Alberta,14,93740.93,629,61235.27,8563.94,3192.39,3,1,0,0,0,2508.48,25,23,6,1,0,0,-0.59,13,24.3,0
65,Female,Ontario,3,73637.32,599,60761.02,5061.81,4799.89,2,1,1,0,1,759.36,41,14,3,2,1,1,-17.25,52,31.55,0
66,Female,Quebec,11,69794.09,688,50016.56,6750.76,1318.45,3,1,0,0,1,3098.44,14,9,2,1,0,0,-27.37,33,12.25,0
53,Female,Ontario,7,55999.54,726,23385.3,5046.23,2180.73,1,0,0,0,1,0.0,31,33,8,1,0,0,17.64,35,31.7,0
67,Male,Ontario,8,152075.83,717,52103.6,12665.36,4894.47,4,1,0,0,0,3450.07,15,21,4,2,1,0,-22.06,33,17.1,0
63,Male,British Columbia,10,153452.96,735,49132.39,11980.62,4220.32,1,1,1,0,0,991.16,22,27,3,5,1,0,3.1,8,23.75,0
65,Female,Alberta,0,118044.9,624,32513.37,10011.78,4342.02,1,1,0,1,0,1488.25,4,23,0,4,0,0,-1.28,42,10.65,1
22,Female,Quebec,7,25000.0,753,82793.37,2667.94,3306.41,1,1,1,0,0,641.96,19,1,6,0,0,0,10.72,6,12.7,0
51,Male,British Columbia,6,100755.18,698,0.0,8210.46,4631.47,1,1,0,0,0,652.02,26,10,5,3,1,0,-3.45,36,20.4,0
73,Male,Ontario,14,98591.54,724,20556.51,8743.57,297.5,2,1,0,0,1,0.0,26,11,4,5,0,0,20.25,16,20.75,0
40,Female,British Columbia,11,86458.41,773,17467.18,6622.82,3581.16,1,1,0,0,0,2550.46,7,7,8,1,0,0,-20.7,40,7.0,0
53,Male,Quebec,11,58633.84,539,40697.02,4859.56,3558.3,3,1,1,0,0,2676.19,6,34,1,5,1,0,11.57,32,15.8,0
56,Male,Quebec,7,25000.0,697,30404.56,1199.82,3374.47,3,1,0,0,0,3526.91,16,34,8,1,0,1,-14.21,26,22.3,0
62,Female,Ontario,4,56560.93,569,15300.65,5146.83,4700.75,3,1,1,1,0,0.0,23,8,2,1,0,0,8.92,41,17.75,0
63,Male,Quebec,9,119229.71,812,0.0,9975.61,2325.43,1,1,0,1,0,1875.21,19,29,3,1,0,0,11.21,40,22.5,0
72,Female,Ontario,10,101084.08,725,0.0,6859.23,3285.69,2,1,1,1,0,2380.78,25,22,7,4,0,0,-3.36,15,23.95,0
48,Female,Quebec,0,104320.26,821,40783.32,8384.32,2932.64,1,1,1,1,0,1991.74,18,17,6,1,1,0,5.26,44,17.65,0
52,Male,Ontario,13,64288.46,723,50641.54,4903.33,50.0,2,1,0,0,0,1948.2,3,4,2,1,0,1,11.26,27,3.35,0
75,Female,British Columbia,1,28941.54,687,70946.1,3806.92,2716.07,2,1,0,0,1,2652.19,14,32,4,2,2,0,-8.12,26,20.3,0
38,Male,Ontario,4,25000.0,558,0.0,2182.33,2060.9,2,1,1,0,0,3788.26,41,8,6,0,1,0,0.81,45,29.45,1
66,Female,Alberta,13,90169.63,666,39638.53,7799.43,1849.28,2,1,0,0,0,1023.58,11,14,4,4,1,0,14.36,16,12.05,0
31,Female,Ontario,12,25000.0,709,72378.22,2005.98,2455.58,1,1,0,0,0,2123.12,19,23,1,1,0,1,-0.67,34,20.4,0
71,Female,Ontario,1,98244.7,822,67790.88,8205.98,1109.94,2,0,0,0,0,0.0,34,15,7,2,0,1,8.93,23,27.35,0
69,Male,Ontario,4,125170.48,557,59578.95,10484.35,2268.32,1,1,0,1,0,2417.17,25,2,5,4,1,2,-17.85,23,16.95,1
44,Male,Quebec,6,92166.0,536,33253.82,7917.33,2324.59,2,1,0,0,0,1976.02,12,20,7,0,0,0,-14.12,27,14.8,0
38,Female,Ontario,0,47668.91,830,7845.03,5148.98,2937.86,2,1,0,0,1,1767.84,25,34,7,1,0,0,-17.05,8,28.15,0
75,Female,British Columbia,12,114252.7,648,41413.49,9666.15,5006.31,2,0,1,0,0,0.0,33,30,3,2,1,0,11.65,30,31.95,0
28,Male,Ontario,5,84718.85,654,28677.43,5887.19,1835.98,2,1,0,0,0,1755.6,1,24,2,3,2,0,10.27,27,9.05,0
46,Male,Ontario,14,54259.99,697,20822.29,4511.86,3843.43,3,1,1,0,1,1105.53,12,2,7,0,1,0,-12.23,25,8.5,0
40,Male,British Columbia,6,99068.84,641,32922.56,8089.65,1896.12,2,1,0,0,1,1307.88,35,12,7,4,1,2,-2.56,46,26.95,1
26,Male,Ontario,0,68000.87,645,11062.62,5221.83,5226.51,2,1,0,1,0,2047.78,15,24,4,2,0,0,1.69,34,18.15,0
38,Male,British Columbia,0,87725.87,716,37498.29,6241.7,3674.09,2,1,1,1,0,34.52,25,22,5,0,0,0,-9.37,35,23.95,1
65,Female,Ontario,7,77299.3,632,13177.68,7443.26,1647.98,1,1,0,0,1,2165.03,7,15,8,0,1,0,-16.96,13,9.8,1
24,Female,British Columbia,4,53047.24,806,27472.15,4812.46,2429.57,2,1,1,0,0,1972.08,20,28,2,1,1,0,18.58,12,22.8,0
64,Male,Quebec,9,87642.61,704,18266.1,7053.24,2547.44,1,1,0,0,0,751.21,19,17,5,1,0,0,-0.49,26,18.3,0
71,Female,Ontario,15,44196.26,704,15867.36,3714.92,1871.68,2,0,0,0,0,0.0,9,20,5,4,0,0,12.34,24,12.85,0
59,Male,Ontario,2,113677.35,534,70364.55,8920.2,3420.12,3,1,1,0,1,966.57,17,9,0,1,0,0,2.56,24,14.2,0
50,Male,Ontario,12,140818.54,797,37425.16,10712.7,1889.22,2,1,0,0,0,1655.74,27,6,3,1,0,0,17.25,26,19.65,0
23,Male,Ontario,8,44662.79,828,41034.58,3444.46,3485.52,2,1,0,0,0,1712.25,20,0,5,1,0,2,16.27,26,13.0,0
34,Female,Ontario,2,94474.28,828,53458.41,8148.26,4162.61,1,0,1,1,0,0.0,32,10,7,1,0,0,2.09,20,24.3,0
23,Female,Alberta,3,95957.4,733,60877.59,8940.94,1663.51,1,1,1,0,0,679.94,21,20,3,1,1,1,2.04,33,20.65,1
42,Female,Alberta,0,67261.01,721,848.56,5712.16,709.0,1,1,0,0,0,3111.82,12,2,5,0,0,0,-5.12,17,8.5,1
38,Male,Ontario,3,86164.96,702,91240.65,7213.32,2681.12,1,0,1,0,1,0.0,8,5,0,1,0,0,0.01,12,6.95,0
27,Female,British Columbia,11,41025.82,803,71746.83,2962.27,2364.21,3,0,1,1,0,0.0,23,4,6,2,0,0,-22.44,44,16.35,0
22,Male,Ontario,11,139981.48,774,7570.75,12022.18,3742.35,3,1,0,1,1,927.46,41,12,2,2,1,0,2.68,38,30.85,0
54,Male,Ontario,2,69380.78,693,68974.16,6374.18,2973.76,2,1,0,0,0,1288.15,17,23,0,2,0,0,-8.15,17,19.1,0
37,Male,Ontario,3,92440.12,561,19934.12,6497.35,3630.73,2,1,0,0,0,848.3,8,5,4,0,2,1,-12.49,37,6.95,1
57,Male,British Columbia,6,114788.26,695,37038.46,9729.64,2209.92,2,1,1,1,1,3351.15,15,1,7,2,0,0,-11.94,25,10.1,0
34,Male,Ontario,6,86822.33,678,55495.57,6881.39,1683.99,4,1,1,1,1,1743.03,14,16,0,1,0,0,8.38,31,14.7,0
21,Female,Ontario,7,87884.66,850,41489.58,7835.08,3701.83,3,1,1,0,0,1645.4,41,6,8,4,0,0,-5.69,1,28.75,0
35,Male,Alberta,8,66626.75,512,45127.44,6420.92,3104.72,1,1,0,0,1,1332.54,31,15,4,2,0,0,15.58,29,25.4,0
22,Male,Quebec,0,108160.36,850,40037.85,9379.61,1546.13,1,1,0,0,0,2233.3,36,25,2,3,0,0,1.18,55,32.15,0
37,Male,British Columbia,15,77657.47,579,62786.86,6317.88,5579.65,2,1,0,1,0,2534.86,43,34,5,3,0,0,-20.64,14,39.85,0
37,Male,British Columbia,1,58254.99,644,48170.22,5559.49,4492.71,3,1,0,0,0,2809.14,14,14,1,5,0,0,-2.01,32,14.0,0
54,Female,British Columbia,10,84974.14,697,71989.28,6690.41,1870.55,3,1,0,0,0,2566.3,36,12,6,3,0,1,13.4,32,27.6,0
22,Male,Ontario,11,46385.45,767,15608.52,4792.16,3630.28,1,0,0,0,1,0.0,5,29,5,4,0,0,7.46,24,13.4,0
54,Male,British Columbia,6,76550.76,829,85824.52,7657.36,2749.78,1,1,0,0,0,1988.15,27,12,3,3,0,0,-3.83,14,21.75,0
49,Male,Ontario,3,59340.67,656,73745.1,5407.37,4901.83,1,0,0,0,1,0.0,41,27,1,2,0,0,-12.63,44,36.1,0
59,Female,Quebec,0,56447.56,804,28578.83,5143.97,3641.72,2,0,0,0,0,0.0,11,27,1,2,1,0,21.0,35,16.6,0
65,Male,Ontario,2,90879.73,646,18628.47,7207.71,2654.38,2,0,0,0,0,0.0,4,4,2,1,0,0,11.2,14,4.0,0
30,Female,Alberta,1,75034.84,772,8730.66,5533.75,1021.21,3,1,0,1,0,1578.8,42,18,5,1,0,0,-12.06,26,33.6,0
67,Female,Ontario,14,81281.66,746,56136.42,6344.84,1046.6,1,1,0,0,1,546.38,35,4,7,2,0,1,-0.72,24,24.15,0
58,Female,Alberta,7,55172.66,778,70489.62,5175.84,50.0,1,1,0,1,0,1802.75,31,33,2,3,0,1,1.44,55,31.7,0
34,Male,Quebec,8,125698.6,662,53183.15,10892.73,3845.59,2,1,1,0,0,2213.58,19,24,2,1,3,0,3.47,13,20.75,0
43,Male,British Columbia,10,55857.72,568,65805.88,6108.86,1460.33,3,1,0,0,1,378.26,43,31,7,0,0,0,11.24,25,38.8,0
45,Female,British Columbia,10,108855.88,639,8941.97,9214.34,2033.18,3,0,0,1,0,0.0,16,4,7,6,0,0,16.79,27,11.8,0
46,Male,Quebec,13,67551.71,713,26405.17,5879.34,1465.56,2,1,0,1,0,381.67,16,6,3,3,1,0,-10.63,42,12.5,0
74,Male,Ontario,8,135232.54,703,43679.87,11125.98,3999.41,1,1,0,0,0,3165.62,39,4,1,1,1,1,-2.83,21,26.75,0
61,Male,Ontario,15,44988.11,614,54603.56,3328.5,3602.88,2,1,0,0,0,2899.02,18,23,4,2,0,1,1.95,44,19.75,0
58,Male,Alberta,15,25000.0,690,53809.03,1580.47,776.22,1,1,0,0,0,2763.01,20,2,7,0,0,1,0.94,27,13.7,0
69,Male,Quebec,12,32189.05,614,25019.91,3249.37,2009.56,2,0,1,0,0,0.0,9,15,8,2,1,0,-1.24,15,11.1,0
31,Female,Ontario,15,84540.15,635,34898.43,7202.5,3804.2,1,0,0,0,0,0.0,24,22,0,2,0,0,20.7,21,23.3,0
46,Male,Ontario,8,106942.24,679,30737.96,8848.09,1296.71,3,1,0,0,0,2396.82,9,5,4,1,1,0,-12.28,46,7.6,0
30,Male,Quebec,1,90203.91,850,54407.81,6145.26,1693.59,1,1,0,0,1,2031.57,10,33,7,1,0,0,-2.33,45,18.05,1
28,Female,Ontario,8,92804.92,761,52177.55,7084.1,2196.21,3,0,1,0,0,0.0,2,1,8,3,0,0,2.3,26,1.65,0
69,Male,Quebec,9,99136.18,850,13080.16,8350.71,3960.1,1,1,0,0,0,768.95,36,25,7,0,0,1,-24.67,55,32.15,0
73,Male,Quebec,10,68860.75,711,50513.91,6802.92,3853.33,1,1,0,1,0,1915.53,23,21,5,0,0,0,5.9,29,22.3,0
69,Male,Quebec,13,76010.83,850,16337.18,6422.24,50.0,2,1,0,0,0,1875.29,30,28,1,1,0,0,9.17,10,29.3,0
44,Male,Quebec,14,44898.51,657,1917.09,3136.21,3695.31,3,1,0,0,0,4172.83,31,1,8,1,0,0,-15.82,47,20.5,0
30,Female,Ontario,5,47738.94,806,101784.99,3568.57,4653.06,3,0,1,0,0,0.0,30,0,5,2,0,1,-8.81,41,19.5,0
39,Male,Ontario,3,29216.31,629,20072.61,659.68,2566.79,1,0,0,0,1,0.0,37,1,7,3,0,1,11.62,26,24.4,0
62,Female,Ontario,4,66097.7,742,5178.77,5499.1,3147.32,1,1,0,0,1,2522.08,20,15,7,2,0,0,-6.8,4,18.25,0
64,Female,British Columbia,3,99469.03,702,49154.23,8573.66,2904.48,1,1,0,1,0,1081.0,22,10,7,1,1,0,-8.16,44,17.8,0
42,Male,Quebec,6,58935.74,724,2105.97,5910.66,3443.85,1,1,0,0,0,1555.18,7,20,7,1,0,1,-0.89,25,11.55,0
31,Male,Ontario,10,69439.64,735,43155.15,5410.79,1846.25,1,0,0,0,1,0.0,33,2,7,0,1,1,0.07,26,22.15,0
27,Female,British Columbia,1,60532.62,666,36732.57,4868.99,1327.77,1,1,0,0,0,1059.9,37,18,7,1,1,0,4.99,32,30.35,1
62,Male,Ontario,3,61543.14,729,7534.51,5833.81,2184.75,3,1,0,1,0,1603.89,7,7,0,0,1,0,-17.65,54,7.0,0
53,Male,Quebec,5,71263.09,721,18042.05,5988.27,1904.61,1,1,0,0,0,2432.23,32,33,5,2,1,0,-9.41,38,32.35,0
26,Female,Ontario,0,88523.37,630,33146.34,7579.76,1977.55,1,1,0,0,0,2613.57,35,32,7,1,1,1,-15.07,50,33.95,1
40,Female,Quebec,3,63342.04,657,29020.4,6236.45,4825.1,1,1,0,0,0,216.8,11,33,0,3,0,2,-37.14,19,18.7,1
71,Female,British Columbia,3,45943.6,641,32443.48,3567.58,1821.35,2,1,1,0,0,1690.02,37,11,6,3,1,0,26.78,36,27.9,0
57,Female,British Columbia,13,76852.75,715,49057.4,6147.85,1039.44,3,1,1,0,1,2646.47,24,26,5,1,1,1,7.85,1,24.7,0
51,Male,Alberta,4,73047.61,730,34287.75,5810.76,3450.93,3,1,0,0,0,1496.97,3,13,4,2,0,1,4.19,48,6.5,0
55,Female,Quebec,1,96533.94,763,44565.48,8494.89,4628.98,1,1,1,1,1,3167.32,9,6,7,3,1,0,15.92,43,7.95,0
69,Female,Alberta,4,110968.84,812,60607.49,8328.51,3170.2,1,1,0,1,0,3910.47,30,24,0,1,0,2,10.5,35,27.9,0
62,Male,Alberta,0,101479.77,677,55961.93,9414.47,993.23,3,1,0,1,0,1484.67,28,6,7,2,2,0,9.71,25,20.3,0
61,Male,Alberta,14,121915.96,629,40150.73,10748.78,970.89,3,1,0,1,1,2225.84,25,34,2,0,0,0,15.99,31,28.15,0
44,Female,Ontario,11,90998.34,767,22177.57,7687.63,2966.98,3,1,0,0,1,2263.83,22,16,2,3,0,1,0.88,30,19.9,0
65,Male,British Columbia,1,68991.36,660,59431.97,6583.64,3404.64,3,0,0,0,0,0.0,21,7,4,2,1,0,6.18,39,16.1,0
34,Female,Ontario,12,117958.2,695,51027.15,9405.55,1366.03,3,1,0,0,1,2410.92,42,16,7,0,1,0,13.15,9,32.9,0
65,Female,British Columbia,15,87866.77,614,32164.16,7380.42,1372.03,1,1,0,0,0,572.48,32,31,5,1,1,0,13.57,63,31.65,0
55,Male,Ontario,12,86251.92,502,66594.97,7645.11,2294.39,3,0,1,0,0,0.0,32,1,0,0,0,2,3.08,32,21.15,0
66,Female,Ontario,0,104994.38,556,33264.45,8749.21,2696.88,1,1,1,0,0,4054.69,38,19,6,3,1,0,-5.34,30,31.35,0
59,Male,Ontario,8,58125.34,616,46027.75,5376.9,3090.95,2,0,1,0,0,0.0,0,23,6,2,0,0,-2.67,19,8.05,0
58,Female,Ontario,9,101898.11,735,46770.48,7078.29,2418.95,3,1,0,0,0,663.31,21,13,6,2,0,1,-6.19,5,18.2,0
40,Female,Quebec,8,66040.95,743,37605.77,4609.96,3386.41,3,1,1,0,0,4999.22,15,3,4,3,1,0,-4.37,43,10.8,0
21,Female,Alberta,9,61717.7,681,0.0,4943.22,2216.75,2,1,1,0,0,3387.89,19,17,1,1,0,0,-3.01,36,18.3,0
51,Female,British Columbia,0,30706.19,720,0.0,2024.38,3408.07,3,1,1,0,1,1554.88,31,16,7,3,1,0,0.87,19,25.75,0
27,Male,Quebec,5,68724.31,678,40771.53,6100.54,3521.29,1,1,0,0,1,2852.75,0,29,7,0,0,0,-11.78,39,10.15,0
27,Female,Quebec,0,43820.7,721,60037.16,3578.04,1615.96,1,1,0,0,0,2022.24,8,16,6,4,1,0,13.36,46,10.8,0
28,Female,Ontario,3,95668.39,591,10645.01,8914.94,2777.83,3,0,0,0,1,0.0,5,16,0,5,0,1,-21.62,30,8.85,0
56,Male,Ontario,6,90820.99,664,70807.48,7942.63,3582.76,1,1,1,0,0,3319.18,11,16,6,1,0,0,10.46,18,12.75,0
38,Male,British Columbia,14,93632.69,641,33457.48,7280.28,50.0,2,0,1,1,0,0.0,21,18,1,0,0,0,1.45,6,19.95,0
64,Female,Quebec,4,50193.29,750,64921.93,5114.95,263.27,4,1,0,0,0,1694.33,2,32,2,1,1,1,-24.18,36,12.5,0
22,Male,Quebec,13,90103.65,741,25591.71,6606.22,2165.79,2,1,1,1,0,3274.27,19,18,6,0,1,1,8.86,35,18.65,0
29,Male,Ontario,15,104746.08,761,68841.82,8880.9,6152.71,2,1,0,1,0,3015.98,22,16,3,2,0,0,12.17,27,19.9,0
37,Female,Alberta,12,126430.42,681,73523.5,10714.89,3223.8,2,0,0,0,0,0.0,33,18,7,0,1,0,-0.39,58,27.75,0
52,Female,Ontario,5,124191.35,507,30867.44,10067.89,1750.03,2,1,0,1,0,2419.43,20,20,1,1,1,0,6.8,32,20.0,0
67,Female,Alberta,5,81534.19,645,42882.37,7322.6,325.77,1,1,1,0,1,7.97,26,22,5,3,1,0,11.21,24,24.6,0
68,Female,Ontario,3,125161.15,674,0.0,10636.23,95.02,1,1,1,0,0,2194.11,9,7,5,4,1,1,-13.31,18,8.3,1
70,Female,Quebec,2,103899.05,524,18174.56,9027.53,3427.77,1,1,1,0,1,2759.13,4,6,2,4,0,0,4.3,35,4.7,0
26,Male,British Columbia,13,105671.07,615,41897.36,7821.12,2479.22,3,1,1,0,0,0.0,42,10,4,2,0,0,11.84,27,30.8,0
44,Female,Alberta,15,135270.37,650,52683.95,11159.76,3670.71,2,1,0,1,0,3083.83,29,15,2,3,0,0,-15.85,16,24.1,0
33,Male,Alberta,3,88416.08,707,0.0,7626.5,3569.66,1,1,0,0,0,2098.56,10,14,1,2,1,1,-7.08,52,11.4,0
55,Female,British Columbia,7,107537.28,613,24603.5,8904.63,1550.04,1,1,0,0,0,2233.71,37,7,6,3,1,0,21.74,23,26.5,0
73,Male,British Columbia,2,94836.92,652,35306.6,8491.6,2467.24,2,1,0,1,0,1845.31,21,5,4,3,1,0,7.56,33,15.4,0
73,Male,British Columbia,4,50682.34,751,55227.19,2934.35,4818.26,1,0,0,0,0,0.0,15,14,1,6,1,0,3.83,29,14.65,0
74,Female,Ontario,15,113773.29,595,27697.19,9118.47,3050.16,1,1,0,0,0,2856.36,31,21,6,1,0,1,2.49,44,27.5,0
61,Male,Ontario,15,57555.08,850,77970.81,5629.27,3199.23,2,1,0,0,1,2031.83,37,30,5,2,0,2,-4.82,44,34.55,0
39,Male,Ontario,7,77063.47,749,99370.28,7855.11,1707.79,2,1,0,0,0,3366.98,21,24,2,1,1,1,-4.79,32,22.05,0
70,Male,Alberta,7,43150.83,747,61591.8,3534.75,1438.47,2,1,0,0,1,1757.13,17,34,6,4,1,1,8.59,38,22.95,0
64,Male,Ontario,9,77045.11,695,37063.51,5415.09,754.93,3,1,0,0,0,2427.94,32,16,6,1,0,0,-8.78,40,26.4,0
27,Male,Quebec,10,96810.95,714,40361.31,9009.46,2106.08,3,1,0,0,1,1625.56,13,25,5,0,1,1,6.34,38,17.2,0
53,Male,Quebec,14,129352.41,752,54790.82,10982.63,3155.35,1,1,0,0,0,3171.25,22,13,7,1,0,0,-2.1,52,18.85,0
71,Male,British Columbia,3,107139.88,770,50199.36,8050.21,2464.19,2,1,0,1,0,2176.47,41,7,7,3,1,1,18.98,55,29.1,0
23,Female,Quebec,14,94111.47,752,67092.29,8263.1,3789.33,1,1,0,0,1,2210.56,15,33,1,1,2,0,6.47,28,21.3,0
72,Female,Ontario,11,38230.54,562,0.0,3388.48,3148.89,3,1,0,0,0,1556.23,30,29,4,2,0,2,-23.54,49,29.65,1
70,Female,Ontario,0,74278.2,811,66989.27,6513.19,1696.08,2,0,0,0,1,0.0,30,15,8,2,1,0,-5.37,23,24.75,0
67,Male,Ontario,12,98637.67,695,0.0,8182.43,4975.45,2,0,1,0,1,0.0,29,34,3,2,0,0,9.27,43,30.75,0
48,Female,Alberta,11,43112.96,705,59826.84,3744.88,3824.65,1,0,0,0,0,0.0,11,28,8,0,0,0,7.21,11,16.95,0
29,Female,British Columbia,10,126444.1,683,84712.27,10482.89,2692.2,2,1,0,0,0,2931.13,43,15,4,3,0,0,-0.4,38,33.2,0
29,Female,Ontario,15,81249.67,752,56122.64,7275.69,2533.3,3,1,0,0,0,1136.58,20,31,3,2,2,0,3.88,28,23.85,0
73,Female,Alberta,14,132705.95,653,26668.96,10482.12,3250.84,2,0,1,0,1,0.0,35,18,4,1,0,1,-18.37,55,29.05,0
72,Female,Ontario,4,71968.97,623,99868.43,5139.13,2915.68,1,1,0,1,0,2618.14,2,12,8,3,0,0,-3.67,16,5.5,1
49,Male,Ontario,13,82776.37,494,20031.72,5911.96,2658.51,2,0,0,0,0,0.0,1,30,7,2,0,1,-3.01,34,11.15,0
43,Female,Quebec,3,135933.38,724,37076.33,11952.43,2353.09,2,1,0,1,1,3586.76,43,19,8,4,0,0,34.38,6,34.6,0
46,Male,Ontario,9,71476.64,749,31773.23,6161.68,4125.53,3,1,0,0,0,4237.12,30,8,1,1,1,0,2.27,41,22.3,0
24,Female,Quebec,1,121534.0,718,15366.53,10382.61,2541.85,2,1,0,1,1,634.32,29,31,7,0,0,1,-13.38,34,29.7,0
70,Male,Ontario,6,74326.91,710,55814.88,5751.6,351.06,2,1,0,0,0,3219.77,32,18,0,3,1,0,0.43,49,27.1,0
37,Male,Quebec,11,34232.27,746,61971.44,2501.79,3334.68,3,0,0,0,0,0.0,7,8,8,1,0,0,-19.56,48,7.35,1
45,Female,British Columbia,7,97145.01,653,0.0,7020.2,3797.61,1,1,0,0,1,1847.2,43,14,7,0,0,0,-9.78,40,32.85,0
36,Male,Quebec,13,107262.07,740,106057.09,9552.99,2840.34,1,1,0,0,0,2604.62,14,1,1,3,0,0,3.75,28,9.45,0
70,Female,Ontario,14,29752.5,653,63204.09,2576.93,736.13,1,1,1,0,0,1472.26,30,13,5,3,0,0,-9.84,51,24.05,0
47,Male,Alberta,13,63546.08,755,0.0,4362.89,4553.25,1,1,1,0,0,2096.02,13,26,3,1,0,0,5.86,1,17.55,0
48,Male,Alberta,8,95873.72,601,35384.46,7547.48,2388.7,2,0,0,0,0,0.0,2,9,7,5,1,0,-10.78,38,4.45,0
50,Male,Ontario,13,82177.27,783,10846.81,8251.74,3173.02,1,1,0,0,0,3152.57,44,19,0,3,1,0,12.59,5,35.25,0
26,Male,Quebec,14,107602.29,661,64263.98,8600.86,4225.86,1,0,1,0,0,0.0,14,33,2,2,0,0,24.17,41,20.65,0
53,Male,Ontario,13,48522.11,639,0.0,4037.45,50.0,3,1,0,0,1,341.16,14,18,3,1,1,1,-3.46,48,15.4,0
66,Male,Alberta,9,71507.07,675,27118.88,5767.23,3189.27,4,1,1,0,0,952.53,9,22,7,1,0,1,-13.48,64,13.55,0
27,Male,British Columbia,2,90378.48,634,35460.86,8134.17,1511.94,2,1,0,0,0,1220.88,42,7,3,3,0,0,-1.0,24,29.75,0
68,Male,Quebec,13,64728.66,729,82998.13,3627.62,1983.41,1,0,0,1,0,0.0,28,0,0,2,2,0,-33.25,3,18.2,0
25,Male,Ontario,6,78069.36,610,0.0,6046.02,6012.97,1,1,0,0,0,2704.97,40,7,7,0,0,0,-7.96,36,28.45,0
35,Female,British Columbia,11,57096.7,812,12422.15,4655.51,661.32,2,1,0,0,0,1852.64,38,17,8,2,0,0,-1.98,26,30.65,0
65,Male,Ontario,10,75036.87,734,96525.67,6244.11,3906.88,4,0,0,0,1,0.0,17,26,7,1,0,0,12.18,38,20.15,0
61,Male,Ontario,9,105083.9,713,108925.74,9423.84,2366.8,3,1,0,0,0,2789.86,26,12,0,3,1,0,12.6,40,21.1,0
30,Female,Quebec,0,101754.73,668,42483.65,8904.43,2785.4,1,0,0,0,1,0.0,0,34,2,2,0,0,-6.86,13,11.9,0
64,Female,Quebec,3,94957.18,753,47802.51,7595.53,3966.96,1,1,0,0,0,1600.12,15,28,8,5,0,0,20.15,22,19.55,0
21,Male,Alberta,11,58252.9,564,44921.0,3653.64,5001.88,2,1,0,0,0,3229.34,12,24,6,1,1,0,-21.54,28,16.2,0
56,Male,Ontario,6,149802.95,783,96002.96,13291.6,3180.68,1,1,1,1,0,1375.31,8,5,1,4,0,0,-9.09,34,6.95,0
29,Female,Quebec,0,47270.27,614,65423.52,3668.08,3367.48,2,1,0,1,0,2132.36,10,8,5,0,0,0,-10.74,21,9.3,1
44,Female,Ontario,9,78201.9,817,27385.64,5024.2,1348.49,4,1,0,0,0,0.0,34,1,6,1,0,0,12.93,31,22.45,0
60,Female,Quebec,11,81993.48,714,0.0,6682.48,1305.54,3,1,0,0,0,2257.89,2,9,1,2,0,1,-5.1,20,4.45,0
39,Male,Ontario,13,47585.43,697,36395.74,3456.19,3500.53,1,1,0,0,1,2136.17,4,15,8,0,0,0,-19.18,42,7.85,0
27,Male,Quebec,5,79287.11,601,96073.21,6545.49,4422.71,2,1,0,1,1,1040.92,22,2,1,0,1,1,-2.01,29,15.0,0
68,Male,British Columbia,15,72926.51,730,41713.32,5121.9,4370.39,2,1,0,0,0,1900.44,40,21,3,0,0,0,13.27,48,33.35,0
64,Male,Ontario,10,78379.72,679,16168.63,6134.63,4244.48,2,0,0,1,1,0.0,29,23,2,0,0,1,-12.83,22,26.9,0
36,Female,Alberta,8,88978.97,670,43020.81,7468.75,2296.17,2,1,1,0,1,2775.42,21,17,4,5,0,0,9.92,35,19.6,0
55,Male,Ontario,10,85614.77,749,27637.0,7103.17,2065.81,3,1,0,1,0,1533.31,27,23,6,1,0,1,-17.9,35,25.6,1
39,Female,Quebec,14,130625.53,697,0.0,10889.81,1262.64,2,1,1,0,1,2662.48,32,33,1,3,1,0,5.88,40,32.35,0
36,Male,Quebec,13,70198.67,659,37732.07,5498.44,2753.51,1,0,0,0,1,0.0,38,9,4,2,0,0,14.25,46,27.85,0
75,Female,Ontario,10,56263.57,823,46639.77,5448.89,2960.22,2,1,0,0,1,1352.38,40,12,6,4,1,2,24.78,49,30.2,0
75,Male,Ontario,0,80973.58,775,82846.6,6304.38,1392.1,3,1,0,0,0,2198.71,34,22,0,3,0,1,-3.31,24,29.8,1
34,Female,British Columbia,15,106506.89,710,45848.11,10229.99,5456.25,2,1,1,0,0,2185.92,29,31,3,3,1,0,6.23,20,29.7,0
42,Male,British Columbia,6,81670.17,680,50404.67,6765.39,1554.11,1,1,0,0,1,1598.33,38,13,2,0,0,0,9.49,41,29.25,0
35,Female,Quebec,6,67226.96,625,20857.46,5014.15,4758.89,1,1,0,0,0,1932.89,42,14,0,4,1,0,2.78,41,32.2,0
73,Female,Ontario,12,111207.01,548,61944.33,9738.65,1565.28,3,1,1,0,0,1931.54,16,24,4,2,0,0,-12.34,32,18.8,0
45,Male,Ontario,3,80056.34,739,40753.31,7567.12,2854.0,2,1,0,1,0,1648.18,18,15,2,3,0,1,-10.55,12,16.95,0
28,Female,Quebec,7,141894.89,685,25408.02,10739.67,4564.52,2,1,0,0,0,1433.02,7,19,1,2,0,1,7.37,20,11.2,0
62,Female,Quebec,12,82259.27,612,42214.33,6841.63,3466.66,4,1,1,0,1,1808.14,41,22,6,0,1,0,17.31,20,34.35,0
62,Female,British Columbia,9,124545.6,634,37869.71,11837.62,4633.33,2,1,0,0,0,2215.05,11,24,2,0,0,0,-6.15,41,15.55,0
73,Female,Ontario,9,111392.53,576,0.0,8541.11,1938.52,1,1,0,0,1,1913.19,23,11,0,4,1,0,9.31,29,18.8,0
35,Male,Quebec,3,53114.75,773,54751.59,4233.78,2396.92,3,1,0,0,0,1814.65,32,28,6,2,2,0,-6.12,28,30.6,0
49,Female,Quebec,7,87224.72,746,75944.79,7292.57,2304.46,1,1,0,1,0,2067.99,27,14,1,1,1,0,1.7,36,22.45,0
53,Female,Ontario,6,67260.68,659,52195.83,5640.9,4401.95,3,1,1,0,1,1684.93,31,6,3,1,0,1,15.2,15,22.25,0
69,Male,Ontario,9,84632.75,633,0.0,7297.2,606.33,1,1,0,0,0,1773.38,20,25,7,2,0,0,11.26,22,21.75,0
70,Female,Alberta,6,123905.08,679,37625.33,9146.54,4009.62,1,1,0,0,1,775.74,22,15,7,1,0,0,16.15,14,19.55,0
69,Male,Alberta,10,76313.28,638,14340.69,5938.72,999.13,2,1,0,0,0,3706.32,25,10,5,4,0,0,0.13,24,19.75,1
59,Female,Ontario,2,85515.12,592,3442.84,6309.08,2251.19,1,1,0,0,1,1849.62,0,22,3,1,1,0,-10.11,35,7.7,0
64,Female,Quebec,7,78012.25,555,16493.1,5856.73,3077.83,2,0,0,1,1,0.0,22,12,0,0,0,0,-14.28,27,18.5,0
24,Male,British Columbia,6,63298.07,726,54324.04,5158.16,2793.02,2,0,1,0,0,0.0,35,7,7,2,0,0,23.95,25,25.2,0
21,Female,Alberta,2,84867.7,850,0.0,7591.08,2016.09,2,1,0,1,0,2523.59,37,0,2,3,1,0,-3.59,18,24.05,0
26,Male,Quebec,11,121395.43,826,31612.14,9384.8,3206.84,1,1,0,1,0,2439.46,25,9,2,1,0,0,8.46,41,19.4,0
59,Male,Ontario,15,93004.56,659,83699.21,5956.24,4752.81,2,1,0,0,0,1085.03,34,19,5,3,0,0,8.29,66,28.75,0
26,Male,Quebec,6,111411.52,679,33371.16,9719.87,2236.11,1,1,0,0,0,2866.08,31,7,8,2,0,0,-3.41,35,22.6,0
54,Female,British Columbia,8,153336.91,608,37313.19,13077.83,4564.01,1,1,0,0,0,1210.57,1,14,6,1,0,0,-5.21,22,5.55,0
29,Male,Quebec,10,120536.39,716,56694.69,10871.3,3463.59,1,1,1,1,0,3088.13,22,8,4,7,0,1,6.63,7,17.1,0
45,Male,Quebec,11,121419.38,741,25089.26,9745.23,3604.87,1,1,0,0,0,1381.17,8,1,2,0,1,0,-12.39,34,5.55,1
36,Male,British Columbia,11,85444.63,713,87545.79,7682.63,2389.41,1,1,0,0,0,3307.52,12,7,1,1,0,0,15.67,13,10.25,0
42,Male,Ontario,8,39783.93,723,46346.94,2841.49,1747.46,3,1,1,0,1,2764.49,6,5,8,3,0,0,3.39,19,5.65,0
25,Male,Ontario,9,111843.52,614,41335.16,9532.77,1505.22,1,0,0,0,0,0.0,43,12,7,1,0,0,-3.3,40,32.15,0
32,Male,Alberta,15,28886.83,519,15788.45,2420.72,2679.16,1,1,1,0,0,1624.06,44,2,6,2,0,0,-3.34,15,29.3,0
46,Female,British Columbia,12,66157.5,680,27539.49,6545.61,2078.75,2,1,0,1,0,1151.52,5,2,8,4,0,1,-4.48,47,3.95,0
65,Male,Ontario,2,82789.55,688,22431.66,6319.58,2858.83,2,1,0,1,0,2246.01,2,0,4,2,0,0,-19.25,1,1.3,0
29,Male,Ontario,14,52615.04,668,22281.42,5270.79,3175.49,2,0,0,0,0,0.0,9,11,2,1,1,0,1.19,47,9.7,0
40,Female,British Columbia,10,63271.69,610,3003.24,6003.59,1681.67,2,1,0,1,0,342.71,9,10,7,4,0,0,-9.74,25,9.35,0
67,Male,Ontario,8,101622.45,806,10681.73,8279.62,2533.41,1,1,0,0,1,2382.19,30,26,2,1,1,0,0.79,48,28.6,0
71,Female,Alberta,11,108799.16,696,31711.5,8375.9,2445.67,3,0,1,0,0,0.0,2,16,7,5,0,0,25.63,18,6.9,0
48,Male,Alberta,12,71040.49,638,2989.37,5993.92,1937.06,1,1,1,0,0,2914.91,36,23,8,3,0,0,-10.56,39,31.45,0
74,Male,Ontario,2,88568.73,794,5157.83,8097.56,4590.96,1,0,1,0,0,0.0,23,26,5,4,1,0,-18.39,41,24.05,0
45,Male,Ontario,9,90992.71,620,0.0,7661.37,1142.16,1,1,0,0,1,2033.75,8,10,7,3,0,0,-0.22,17,8.7,0
55,Male,Alberta,13,150622.5,646,27228.31,12142.51,3117.59,2,1,0,0,0,2394.73,37,13,0,3,0,0,5.38,58,28.6,0
54,Female,Ontario,12,55502.49,701,93139.83,5386.32,50.0,4,1,0,0,0,484.17,41,33,8,2,0,0,-6.37,36,38.2,0
70,Male,Quebec,2,58313.98,614,66773.32,5658.87,3897.44,1,0,1,0,0,0.0,6,6,2,0,1,0,-7.76,32,6.0,1
33,Male,Quebec,5,37019.01,751,29877.78,3826.26,1930.02,1,1,0,1,0,2577.49,21,0,4,5,2,0,8.64,35,13.65,0
62,Female,Ontario,5,110989.63,579,52979.71,10208.38,2015.75,1,0,0,1,0,0.0,7,12,7,2,0,1,7.81,15,8.75,0
75,Female,Quebec,2,46780.91,738,53545.93,3798.72,4280.02,2,1,0,0,0,3327.48,17,3,7,1,0,0,18.81,42,12.1,0
73,Female,Alberta,10,85559.18,767,0.0,7067.73,3931.3,3,1,0,0,0,1821.08,32,26,5,3,0,0,-3.73,18,29.9,0
58,Male,Quebec,6,62139.03,820,59477.17,5369.5,4763.17,2,0,0,1,0,0.0,14,2,0,1,1,2,-5.38,48,9.8,0
69,Male,Quebec,3,79806.53,629,49618.14,6213.22,1745.79,3,1,1,0,0,2085.27,11,0,0,3,0,0,1.42,17,7.15,0
50,Male,British Columbia,3,91770.2,771,20158.11,7266.14,3020.39,1,1,0,0,0,2249.85,21,15,7,2,0,0,11.44,40,18.9,0
65,Male,Quebec,15,52243.87,573,26298.38,3826.09,772.24,1,1,0,0,0,2486.18,28,33,4,4,0,0,-2.95,5,29.75,0
46,Female,Ontario,14,93763.33,601,6527.47,8625.56,2308.71,1,1,1,1,0,730.07,24,28,5,1,1,0,-1.45,5,25.4,0
32,Female,Quebec,2,84460.48,759,55700.38,7068.71,2309.56,4,1,1,0,1,2714.02,22,18,4,4,0,0,19.11,45,20.6,0
50,Male,Ontario,7,121777.44,802,66292.64,9515.1,6078.75,1,1,0,0,0,1693.98,23,33,1,0,1,0,-7.78,58,26.5,0
34,Male,Ontario,2,120958.49,583,54363.74,9796.0,2062.93,1,1,0,0,0,4209.91,25,19,5,1,0,0,11.88,35,22.9,0
69,Male,Quebec,7,88245.89,658,0.0,7992.2,3344.38,3,1,1,0,0,0.0,5,17,5,2,0,0,9.03,11,9.2,0
66,Male,Ontario,13,88448.4,804,44404.02,7955.75,5840.08,3,1,0,1,0,3532.35,19,14,4,1,0,1,4.43,49,17.25,0
70,Female,British Columbia,11,116650.82,721,4330.94,10774.71,3494.55,3,1,0,0,0,4012.88,17,8,5,1,1,0,11.21,32,13.85,0
34,Male,Alberta,10,33145.99,600,61197.53,1834.44,3614.38,1,1,1,0,0,2694.12,19,5,3,1,0,1,-14.81,14,14.1,0
35,Female,Alberta,0,125613.21,641,53844.55,10915.24,1101.84,2,1,1,0,0,816.25,10,10,0,2,0,0,-10.3,14,10.0,0
40,Female,Ontario,7,135223.34,658,89520.39,11148.54,3219.55,1,1,0,0,0,1806.02,40,26,1,1,0,0,2.62,14,35.1,0
35,Male,Ontario,2,66217.67,702,25489.47,4720.14,2252.03,2,1,0,0,1,2010.83,32,27,6,0,0,0,-25.59,46,30.25,0
23,Male,Ontario,4,91203.36,820,93882.81,6442.38,3897.22,4,1,0,0,0,2043.01,6,9,4,3,0,1,-14.45,37,7.05,0
74,Male,British Columbia,0,84306.8,637,31323.52,7223.47,4714.65,3,1,0,0,1,662.82,3,4,6,0,0,0,-11.32,17,3.35,0
73,Female,Quebec,0,25000.0,650,34981.8,930.52,2761.41,1,1,1,0,0,1420.23,29,28,5,2,2,0,-10.81,52,28.65,0
65,Female,British Columbia,10,90222.04,680,0.0,6397.49,1026.86,2,1,1,0,1,3623.16,17,0,5,0,1,1,-2.34,23,11.05,1
74,Male,Ontario,7,80165.02,484,19245.14,6485.7,3454.92,1,1,1,1,1,1680.05,37,27,3,0,1,0,3.32,26,33.5,1
38,Male,Quebec,3,140748.07,800,51953.21,11489.15,1914.06,2,1,1,1,1,1592.89,19,34,5,0,0,0,18.64,24,24.25,0
41,Female,Quebec,10,44428.47,586,34339.42,4459.68,50.0,3,1,0,0,0,2586.31,23,9,6,0,1,1,16.95,22,18.1,0
58,Female,Ontario,0,131085.48,610,17161.16,11324.78,1373.46,2,1,1,0,1,3818.7,38,0,8,3,0,1,5.09,17,24.7,0
24,Male,Alberta,10,110352.56,689,0.0,9416.88,3767.86,2,1,0,1,0,2885.11,28,33,7,8,1,0,-7.47,31,29.75,0
25,Female,Ontario,4,102649.37,653,20682.36,8472.91,1544.67,1,1,0,0,0,1783.36,6,21,1,3,0,0,-5.91,20,11.25,0
55,Male,British Columbia,10,85012.75,755,16078.0,6707.38,2854.67,2,1,0,0,1,2694.94,1,12,2,1,1,0,1.26,36,4.85,0
48,Male,Quebec,1,30312.59,798,71619.73,1864.0,664.83,2,1,1,0,1,2111.13,7,23,6,2,0,0,-16.49,26,12.6,0
50,Female,Ontario,13,86304.09,696,46858.81,6727.77,296.05,1,1,0,0,0,929.86,16,23,0,1,0,0,-1.17,29,18.45,0
58,Female,Alberta,4,52304.86,692,59983.62,3938.71,3691.26,3,0,0,0,1,0.0,19,5,4,1,0,0,4.47,37,14.1,0
49,Female,Quebec,1,65121.79,770,8704.16,5646.32,2941.17,3,1,1,1,0,2028.33,13,24,2,4,0,0,-7.9,26,16.85,0
29,Female,British Columbia,7,40092.21,566,67253.34,3119.78,4122.35,1,1,0,0,1,856.84,19,34,5,3,0,0,-7.61,30,24.25,0
27,Male,Ontario,7,54277.81,574,21718.82,5130.88,2821.79,1,1,0,1,0,1471.47,4,30,1,2,0,0,2.62,48,13.1,0
33,Male,Ontario,10,43058.3,579,47525.35,2756.25,1579.97,2,1,0,0,0,1741.62,22,22,8,4,0,0,-11.01,42,22.0,0
65,Female,British Columbia,14,52365.64,745,37573.3,4415.54,2081.37,2,1,0,0,0,2003.18,41,8,5,1,0,0,16.25,38,29.45,0
28,Female,Ontario,1,80737.53,723,10113.69,6845.28,4737.61,3,1,0,0,1,0.0,36,23,5,2,1,0,-1.82,48,31.45,0
58,Female,Ontario,10,54574.88,768,123000.57,3504.63,3316.4,2,1,0,0,1,2614.33,12,4,0,0,0,0,-11.52,35,9.2,0
22,Male,Quebec,15,97502.48,643,22374.83,7027.01,3332.04,1,0,0,0,0,0.0,39,0,5,1,1,0,-12.77,32,25.35,0
42,Male,Ontario,3,25000.0,711,55636.5,2774.68,3180.27,1,0,0,0,0,0.0,17,0,3,0,0,0,6.84,32,11.05,0
22,Female,Ontario,7,83311.59,786,91546.85,7063.58,3454.73,2,1,0,0,0,1420.99,7,10,0,1,0,1,10.58,7,8.05,0
29,Female,Ontario,3,62152.11,752,7859.65,5502.21,685.29,3,1,0,0,0,1760.84,29,29,1,1,2,0,12.03,33,29.0,0
60,Male,Alberta,10,66362.28,500,73145.12,6759.36,1144.54,1,1,1,0,0,3207.38,2,14,7,3,0,0,18.51,39,6.2,0
68,Female,Ontario,8,69635.44,602,58577.43,5665.49,2011.06,1,0,1,1,0,0.0,25,0,1,0,0,0,1.04,28,16.25,0
22,Male,British Columbia,3,50980.45,656,65734.18,4494.78,3355.4,2,1,0,1,0,3028.27,37,13,6,0,2,1,18.75,5,28.6,0
48,Male,British Columbia,0,46774.47,775,46226.95,2989.0,3770.73,2,0,1,0,1,0.0,26,23,2,1,0,0,-4.7,38,24.95,0
73,Male,Ontario,14,84454.53,685,42527.24,7022.42,1379.97,2,1,0,0,0,1273.89,17,30,0,1,1,0,-9.35,39,21.55,0
40,Female,Alberta,3,52430.94,633,50071.57,4983.1,3148.25,2,1,1,0,1,1904.09,12,3,1,0,0,0,-7.08,31,8.85,1
38,Female,Ontario,7,89683.62,783,37615.08,8312.08,3664.27,2,1,1,0,0,2012.99,25,2,7,5,0,0,-4.82,20,16.95,0
47,Male,Quebec,0,93941.74,555,75728.42,8011.12,2855.39,2,1,0,1,0,1569.24,17,12,0,2,0,0,12.67,29,15.25,0
40,Male,Ontario,9,39308.02,708,0.0,3936.99,3860.24,2,1,1,0,1,1741.4,14,15,5,3,0,0,7.32,25,14.35,0
29,Female,Alberta,0,90411.46,601,84275.47,8224.99,3814.98,3,1,0,1,1,2228.25,35,9,7,1,1,3,16.51,14,25.9,0
59,Female,Ontario,7,35529.38,744,320.78,3156.33,4065.18,4,1,0,0,0,0.0,33,23,1,4,0,0,-14.98,13,29.5,0
47,Male,Ontario,4,40155.6,714,57591.11,3021.93,1368.96,2,0,0,1,0,0.0,35,32,4,2,0,0,-3.7,46,33.95,0
75,Male,British Columbia,1,38832.74,815,11891.02,3041.78,1621.59,3,1,1,0,1,1038.38,22,33,4,0,1,1,5.36,23,25.85,0
50,Male,British Columbia,15,46635.16,483,70888.16,3999.76,1450.36,3,1,0,0,0,2098.0,7,17,0,2,1,0,-12.99,24,10.5,0
62,Male,Ontario,4,68591.78,734,34997.58,5935.79,4152.23,2,0,0,0,1,0.0,41,33,7,1,0,1,16.86,39,38.2,0
71,Female,British Columbia,9,79332.87,781,89644.38,6617.6,3594.36,2,1,0,0,0,1887.59,10,14,4,2,0,0,-4.86,25,11.4,0
72,Male,British Columbia,11,122899.75,724,99071.44,11215.72,4286.73,2,1,0,0,1,1650.35,18,7,5,1,0,1,-2.56,21,14.15,0
64,Female,Ontario,10,84364.41,639,43156.47,6071.53,2377.41,2,1,1,0,0,1751.22,21,25,2,2,0,0,2.78,39,22.4,0
50,Female,Quebec,0,106892.41,786,88599.15,8580.02,808.78,2,1,1,0,0,3635.32,26,3,8,3,0,0,-7.63,34,17.95,0
38,Male,Alberta,1,107869.14,768,60510.82,9847.11,3820.19,2,1,0,0,0,750.81,6,2,0,1,0,0,3.88,29,4.6,0
73,Female,Alberta,11,77855.77,618,26194.72,6514.6,1681.29,1,1,0,0,0,2655.32,10,28,2,2,0,1,-15.58,20,16.3,0
31,Female,British Columbia,2,146164.17,670,89156.31,11321.71,4160.67,3,1,0,1,0,1128.0,42,30,7,3,0,0,8.34,18,37.8,0
75,Female,Quebec,11,44855.73,589,34542.46,3170.55,900.41,2,1,0,0,0,1572.86,31,26,2,2,0,1,6.83,44,29.25,0
29,Male,Quebec,10,54129.99,526,61699.24,3200.38,50.0,2,1,0,1,1,1528.85,16,9,0,3,0,0,-19.92,28,13.55,0
73,Female,British Columbia,8,68699.16,850,53734.96,5882.34,1802.07,2,1,1,1,0,1934.97,15,34,4,1,2,0,5.07,29,21.65,0
72,Female,Ontario,8,91034.12,765,58200.22,7926.88,2558.87,4,1,0,1,0,850.45,35,21,6,3,1,0,5.11,29,30.1,0
31,Female,Ontario,8,53022.69,682,65000.11,4078.2,2786.96,2,1,0,0,0,1724.73,13,7,2,1,0,0,-4.29,41,10.9,0
48,Female,Quebec,14,84687.26,698,59390.87,7655.54,1461.52,2,1,1,0,1,1269.12,33,9,7,3,0,0,13.43,50,24.6,0
40,Male,British Columbia,1,103291.62,684,49377.33,9115.99,3208.11,1,1,1,0,0,0.0,35,20,7,2,0,0,20.62,42,29.75,1
71,Female,Ontario,2,59157.84,661,21528.72,4896.5,3621.44,1,1,0,0,0,338.73,14,17,2,1,0,0,-3.01,10,15.05,0
67,Male,Ontario,3,108527.54,658,11034.12,9119.77,1411.63,4,1,0,1,1,389.66,10,21,1,0,0,0,-7.43,46,13.85,0
45,Male,Ontario,2,118754.74,758,34967.58,9422.79,3491.96,2,1,0,0,1,2422.14,22,28,5,2,0,1,4.19,29,24.1,0
64,Female,Ontario,1,112469.06,696,28564.79,9593.03,1104.61,1,1,0,0,0,812.15,24,3,5,1,1,0,12.57,37,16.65,1
67,Male,Quebec,6,110702.91,706,18868.46,8857.04,2552.79,1,1,1,0,0,2180.31,40,10,3,4,0,0,-12.77,42,29.5,1
75,Male,Ontario,2,58230.14,652,1642.13,4183.49,1893.14,1,1,0,0,0,3318.87,39,1,8,0,0,2,-1.85,1,25.7,0
45,Male,British Columbia,7,73874.32,642,18370.13,7227.74,4051.86,2,0,0,0,1,0.0,4,3,7,0,0,0,-14.34,31,3.65,0
45,Female,British Columbia,4,65761.22,632,65662.86,5576.85,2882.15,2,1,0,0,0,3450.68,25,33,7,0,0,0,-16.03,54,27.8,0
69,Male,Ontario,15,132351.97,719,56754.71,10247.26,2861.79,2,1,1,0,0,4806.52,21,6,4,3,1,0,1.51,18,15.75,0
44,Male,Quebec,9,25000.0,608,0.0,1894.09,3595.02,2,1,1,0,1,1534.37,13,3,4,1,1,0,-15.86,42,9.5,0
39,Female,Ontario,15,48797.55,696,72366.19,3925.3,1819.62,3,1,0,0,0,2466.0,20,0,0,3,0,1,8.99,20,13.0,0
66,Female,Ontario,4,90192.87,649,20602.53,7025.55,4353.1,2,1,1,0,0,2733.68,21,2,6,4,0,2,12.37,18,14.35,0
35,Male,British Columbia,6,52067.46,705,0.0,4670.46,3602.87,1,1,0,0,0,1834.28,0,33,6,1,0,0,-19.42,50,11.55,0
35,Male,Alberta,9,88450.28,658,25686.18,7721.09,1711.91,2,1,1,0,0,1213.26,9,26,3,0,0,0,-5.75,46,14.95,0
26,Female,British Columbia,11,108939.08,641,25157.09,9378.71,1917.03,3,0,0,0,0,0.0,25,12,7,4,0,0,-1.6,29,20.45,0
49,Female,Alberta,11,75920.67,614,64105.44,5262.95,2923.56,3,1,0,0,1,1349.23,14,6,4,2,2,0,-6.39,38,11.2,0
25,Female,Ontario,5,100833.7,678,33334.73,8100.66,1553.93,3,1,0,1,1,370.52,41,30,8,4,0,0,-5.92,48,37.15,0
39,Male,Quebec,10,138153.97,722,72972.92,11612.63,3489.93,2,1,0,0,0,2951.48,11,26,1,0,2,0,-10.0,45,16.25,0
56,Male,Quebec,1,63873.47,703,37070.18,5052.79,1451.32,2,1,0,0,0,2188.46,16,22,7,2,1,0,13.2,25,18.1,1
64,Female,Ontario,1,65319.69,747,31233.54,5959.79,2512.24,2,1,0,1,0,2341.23,39,24,4,3,0,0,15.26,43,33.75,0
61,Female,Ontario,14,69513.44,803,30634.62,6338.81,2867.7,2,1,0,1,0,2544.91,16,27,8,3,0,0,-14.67,64,19.85,0
75,Female,Alberta,3,100462.92,627,30073.87,8662.59,4055.41,3,1,0,0,1,3166.54,32,23,0,1,1,1,-17.72,39,28.85,0
71,Female,Alberta,7,144727.67,676,52270.25,11764.67,3249.53,4,1,0,1,1,1864.43,36,25,7,1,0,0,7.85,44,32.15,0
39,Male,Alberta,13,50788.43,779,83361.93,4890.08,2244.31,1,1,1,0,0,814.2,10,31,6,3,0,1,16.81,32,17.35,0
63,Male,Alberta,6,113606.5,635,0.0,8559.53,1433.74,1,1,0,0,0,566.91,20,29,5,0,1,0,-8.43,42,23.15,1
26,Female,Alberta,14,85669.72,554,57369.5,7252.05,3181.33,2,0,0,0,0,0.0,14,2,6,1,0,0,10.53,51,9.8,1
42,Female,Quebec,1,69843.15,827,86920.94,4725.47,3501.4,3,1,1,0,1,1744.3,1,14,3,1,0,1,25.24,49,5.55,0
24,Female,Alberta,13,116767.83,775,53003.43,8760.34,3002.94,2,1,0,1,1,840.28,11,18,7,1,0,0,5.61,13,13.45,0
32,Female,Ontario,13,124118.24,724,7405.57,9545.79,3699.82,3,1,1,0,0,3602.48,13,12,4,2,0,0,13.04,17,12.65,0
27,Male,British Columbia,1,69282.53,649,66114.94,6228.48,511.2,1,1,1,1,0,2804.93,9,34,4,3,0,0,9.1,24,17.75,0
33,Male,Alberta,4,92546.08,674,23545.17,8877.3,1838.57,1,0,1,0,0,0.0,29,29,7,3,0,0,6.35,16,29.0,0
57,Male,Quebec,7,70205.59,660,53848.82,5181.45,1319.85,1,1,1,0,0,1463.83,1,5,7,1,0,0,-16.57,41,2.4,0
69,Female,Alberta,15,158119.1,850,54652.4,13125.74,3726.22,2,1,0,0,1,183.6,18,17,7,1,1,0,2.41,18,17.65,0
52,Male,Ontario,9,84744.84,696,25631.81,7464.75,1711.11,3,0,0,0,1,0.0,9,25,6,3,1,0,14.27,30,14.6,0
64,Male,British Columbia,3,123082.64,648,0.0,10644.71,4398.24,3,1,0,0,1,1895.27,23,18,5,3,0,1,1.21,32,21.25,0
70,Female,Alberta,1,122758.46,705,53086.68,11585.37,1473.24,1,1,0,1,0,2813.61,14,2,1,3,1,0,3.39,32,9.8,0
69,Male,Ontario,4,46204.4,850,53036.52,3009.46,1335.93,1,1,0,0,0,2254.98,1,14,5,5,0,0,-5.92,36,5.55,0
50,Male,Quebec,7,31771.17,591,96559.25,2282.63,2518.82,3,1,0,1,0,1441.31,41,11,3,1,0,2,-6.67,28,30.5,0
31,Male,Alberta,5,62661.87,841,25644.91,4504.92,2669.61,1,1,1,0,0,2186.26,31,23,1,5,0,0,-13.79,27,28.2,0
31,Female,Quebec,11,98750.13,817,39848.63,7998.5,2915.9,2,1,1,0,0,970.18,25,20,3,3,0,0,-1.39,35,23.25,0
31,Female,British Columbia,13,107517.96,613,50229.42,8942.17,2170.78,2,0,1,0,0,0.0,20,34,4,3,1,0,-9.25,14,24.9,0
38,Female,Ontario,5,87827.92,644,56572.91,7337.85,1810.72,2,1,1,0,0,0.0,29,21,1,1,0,0,-9.51,33,26.2,0
40,Male,Ontario,0,77307.47,609,72705.1,6442.21,441.89,2,1,0,1,0,3325.84,6,5,3,1,0,0,-4.14,42,5.65,1
33,Male,Ontario,2,121170.87,693,6706.01,11056.83,2393.46,1,1,0,0,0,3877.3,4,8,8,1,2,0,-4.37,26,5.4,0
63,Female,British Columbia,13,91281.55,829,0.0,7416.13,905.48,2,1,0,0,0,501.9,14,16,6,1,0,0,-12.32,26,14.7,0
41,Male,Ontario,7,125987.47,557,11629.29,10461.67,2010.74,2,1,0,0,0,2612.96,3,6,6,4,0,0,-12.75,25,4.05,0
22,Female,Quebec,9,115098.89,706,28283.17,9373.28,2571.17,2,0,0,0,1,0.0,2,2,2,1,0,0,15.15,40,2.0,0
74,Female,British Columbia,7,72647.42,589,51148.76,6857.28,4059.95,2,1,0,0,0,1213.56,23,4,1,5,1,0,23.41,39,16.35,0
68,Male,Quebec,11,95420.92,774,38427.44,8270.49,2728.15,4,1,0,0,0,1656.95,31,26,1,0,0,0,-38.97,27,29.25,0
27,Female,British Columbia,6,103638.39,663,91580.8,8929.73,5731.19,3,1,0,0,0,1749.24,44,0,7,7,0,1,10.76,24,28.6,0
41,Male,Ontario,11,57436.53,580,20625.86,5266.35,3483.36,4,1,1,0,1,2650.82,20,10,1,2,0,1,-3.95,22,16.5,0
48,Male,British Columbia,7,94803.53,730,54858.54,8121.56,1804.97,1,1,0,0,1,3147.12,9,8,7,0,0,1,-5.36,33,8.65,0
70,Female,Ontario,0,71509.02,612,4027.55,6641.35,2671.59,2,1,1,0,0,2756.45,18,28,2,1,0,0,-12.87,48,21.5,1
68,Female,British Columbia,5,93971.49,755,77292.48,7298.68,3239.99,1,1,0,0,0,1320.42,2,11,5,2,0,0,-0.63,26,5.15,0
42,Female,Ontario,1,74003.34,707,57524.79,6568.55,4054.78,3,1,0,0,0,2893.19,5,32,1,1,0,0,6.53,57,14.45,0
30,Male,British Columbia,8,80689.13,559,43481.78,6891.41,4427.68,1,0,1,1,0,0.0,27,0,6,2,1,0,-33.27,31,17.55,1
60,Male,Alberta,7,84765.5,792,44793.33,6742.95,3588.04,1,1,1,0,1,440.9,11,4,6,3,1,0,5.54,14,8.55,0
55,Male,British Columbia,2,75858.94,699,62027.51,7241.28,3269.71,2,1,0,0,1,887.06,33,28,0,2,1,0,1.82,47,31.25,1
37,Male,Alberta,4,47389.57,534,32945.06,3972.29,1842.17,2,0,0,1,0,0.0,35,18,0,0,0,1,-5.13,46,29.05,0
45,Male,Alberta,15,87760.18,796,35162.98,7309.17,762.03,4,1,0,1,0,691.57,44,16,2,0,1,0,9.74,1,34.2,0
47,Female,Ontario,2,48435.53,642,38117.96,4529.88,50.0,1,0,1,1,0,0.0,26,0,1,2,0,0,-2.88,14,16.9,0
28,Female,Ontario,9,84917.04,756,0.0,6525.35,5778.06,1,0,0,0,0,0.0,28,23,1,1,0,0,5.2,22,26.25,1
40,Male,British Columbia,9,40464.85,850,33991.48,3990.91,4098.22,2,1,0,1,0,647.25,14,19,4,0,0,0,-16.89,36,15.75,1
68,Female,Alberta,13,74597.7,681,42072.86,4886.09,3185.91,3,0,0,0,1,0.0,39,8,3,0,1,0,-24.51,53,28.15,0
37,Female,Quebec,1,77553.28,681,35593.58,6216.61,830.75,1,1,1,0,1,842.37,38,15,6,0,1,0,4.62,28,29.95,0
49,Female,Ontario,13,133575.11,664,32476.81,10125.98,5181.06,1,1,0,0,1,485.84,28,26,8,1,0,1,11.37,14,27.3,0
49,Male,Ontario,11,102284.96,795,5896.1,8412.49,2191.93,1,0,0,0,0,0.0,26,11,1,1,1,0,-16.0,1,20.75,0
47,Female,Ontario,14,75366.21,658,38020.28,6147.06,1399.22,2,1,1,0,0,1934.6,25,12,8,1,0,0,-18.46,8,20.45,0
68,Female,Quebec,6,146799.97,767,110849.0,12445.07,4000.58,1,1,0,0,0,2297.32,4,8,4,5,0,1,15.29,14,5.4,0
27,Female,Alberta,13,90555.27,794,0.0,7285.79,377.33,2,1,0,0,0,2641.98,38,34,3,2,0,0,7.15,30,36.6,0
27,Male,Alberta,7,71804.56,683,49220.58,7243.55,3688.6,4,0,0,1,0,0.0,8,1,5,0,0,0,22.46,28,5.55,0
72,Male,Quebec,13,102621.23,820,93940.65,9691.04,3296.54,3,1,0,1,1,448.03,6,27,5,2,1,0,11.09,20,13.35,0
29,Female,Alberta,10,107117.91,766,38120.09,9764.57,2744.82,2,1,0,0,0,437.86,39,8,5,2,0,0,-21.51,19,28.15,0
24,Female,Alberta,9,60576.36,824,96189.97,5439.77,569.25,1,1,1,1,0,1757.42,30,14,4,1,0,1,-3.11,30,24.4,0
67,Female,British Columbia,14,56188.95,684,25339.02,4901.27,3149.74,3,0,1,0,0,0.0,4,12,3,2,0,0,-16.33,25,6.8,0
36,Female,Ontario,10,101583.85,724,89497.84,9044.6,2520.28,3,1,0,0,0,1681.57,40,31,2,2,0,0,-6.26,37,36.85,0
73,Female,Quebec,13,61848.23,673,28839.63,6134.12,4536.58,2,1,0,0,1,4177.08,8,13,3,4,0,2,0.51,19,9.75,0
29,Female,Ontario,1,109744.13,720,69269.57,8508.81,2120.98,2,1,0,1,1,3314.36,20,0,2,1,0,1,-2.97,29,13.0,0
33,Female,Quebec,12,115520.61,733,56501.99,9089.69,2998.99,1,1,0,1,0,2913.98,32,19,3,4,0,0,-1.55,29,27.45,0
61,Male,Ontario,9,89178.9,658,32664.14,7774.94,3548.34,2,1,0,0,1,820.08,15,26,2,2,1,0,-8.94,6,18.85,0
64,Female,Alberta,5,128303.3,599,57425.37,10146.93,6208.75,1,1,0,0,1,2193.51,32,7,0,1,0,1,-8.16,25,23.25,0
47,Female,Ontario,4,73481.09,840,24892.68,6374.11,875.76,3,1,0,0,1,1389.81,10,30,6,1,0,0,-0.59,17,17.0,0
28,Male,Quebec,0,68691.65,640,35432.33,6242.99,1609.31,2,1,0,0,1,2726.91,2,33,4,2,1,2,-15.05,54,12.85,1
57,Male,Quebec,12,122512.48,802,61647.29,10343.93,4427.16,3,1,0,0,1,3909.99,21,16,8,0,0,0,13.09,4,19.25,0
41,Female,Quebec,6,89235.39,643,18588.12,8112.9,3830.01,2,0,0,1,0,0.0,31,25,4,1,0,0,-6.33,20,28.9,0
38,Male,Quebec,8,71362.92,688,77789.89,7253.94,2216.22,1,1,1,1,0,733.78,20,29,7,2,0,1,-11.59,42,23.15,0
33,Female,Quebec,1,105549.11,674,31539.21,9176.18,4258.73,2,1,0,0,0,2761.07,9,15,0,3,0,0,-2.29,25,11.1,0
75,Female,British Columbia,2,71090.26,752,40113.77,5058.32,747.96,2,1,0,1,0,2889.1,25,3,5,3,0,1,-12.72,20,17.3,0
25,Male,Ontario,12,113905.89,783,51239.35,8799.81,1423.35,1,1,0,0,0,2069.67,39,32,6,3,0,0,-0.62,39,36.55,0
62,Female,Alberta,0,118089.68,732,9161.19,9000.55,1516.78,2,1,1,0,0,3375.15,41,19,6,2,0,2,-3.84,50,33.3,1
57,Male,Ontario,8,44899.84,598,30925.58,3928.56,2478.32,2,1,0,0,1,2965.15,9,9,3,1,1,1,-12.17,49,9.0,0
46,Male,Ontario,2,81811.77,502,8957.03,6976.72,757.97,1,1,0,0,0,3109.29,35,26,7,0,0,0,1.48,1,31.85,1
73,Female,Alberta,11,93100.74,749,106551.08,7549.73,1048.15,1,1,1,0,1,2790.34,11,3,2,4,1,0,7.81,29,8.2,0
75,Male,British Columbia,11,82967.25,673,0.0,7490.95,2508.17,1,1,1,1,0,1738.85,6,0,2,1,0,0,-11.27,21,3.9,0
71,Female,Quebec,13,113185.36,563,34763.76,9642.87,911.68,2,1,1,1,0,2469.84,4,26,4,0,0,1,19.05,48,11.7,0
56,Male,Ontario,9,150690.09,639,6992.74,11365.91,1806.85,2,0,0,0,0,0.0,37,17,1,0,0,0,4.68,25,30.0,0
51,Male,Ontario,7,71683.0,733,105161.98,5694.31,2903.24,3,1,1,0,0,833.12,7,14,6,2,0,0,-14.23,34,9.45,0
32,Male,Ontario,8,130138.68,648,36143.48,10670.49,2613.02,4,0,0,0,1,0.0,36,27,0,2,0,1,10.01,31,32.85,0
27,Male,Ontario,12,50768.73,837,59560.96,3623.75,122.61,1,1,0,0,0,0.0,38,20,6,0,0,0,3.31,13,31.7,0
55,Female,Alberta,15,150524.22,547,57544.84,11431.87,1041.67,1,1,0,1,1,2378.06,25,34,5,1,0,0,20.37,9,28.15,0
39,Male,Quebec,1,85070.56,780,8958.89,6755.08,4854.56,1,1,1,0,0,2738.4,40,5,1,1,0,1,-0.07,25,27.75,0
60,Female,Quebec,7,88390.17,738,15131.98,6837.16,1582.4,2,1,1,0,0,572.05,44,17,1,0,1,0,10.13,30,34.55,0
71,Male,Quebec,1,75951.71,582,43945.74,5732.1,1932.37,2,1,0,0,0,1914.99,0,4,4,2,0,1,-4.75,45,1.4,0
66,Female,Quebec,1,86938.24,663,39752.28,8368.61,477.39,3,1,0,1,1,1647.15,1,13,5,3,1,2,11.64,29,5.2,1
60,Male,Ontario,3,131118.41,739,0.0,11509.89,2849.52,1,1,0,0,0,4005.87,13,28,1,3,0,2,15.62,47,18.25,1
72,Female,Ontario,6,82365.35,662,36805.73,7433.96,3271.51,2,1,0,1,0,3345.7,28,21,6,0,1,1,-20.17,24,25.55,0
35,Male,Ontario,12,109872.08,554,6454.99,9528.94,3258.16,1,1,0,1,0,2261.18,22,24,7,0,2,0,29.3,27,22.7,0
56,Male,Ontario,9,95923.5,757,11508.38,6997.41,2108.85,4,1,0,0,0,1585.96,5,0,1,1,0,0,-1.32,46,3.25,0
48,Female,British Columbia,2,36240.31,833,88000.31,3152.57,1821.25,1,1,1,0,0,0.0,11,20,0,2,0,0,-4.42,34,14.15,0
42,Male,Ontario,3,89379.48,788,31711.27,6626.9,1561.92,3,1,1,0,1,2089.75,20,6,1,1,0,0,-42.35,11,15.1,1
44,Male,Alberta,15,41703.53,692,15481.44,3581.86,1718.67,2,1,0,0,0,1972.37,28,33,0,1,0,0,4.84,27,29.75,0
23,Male,Ontario,1,86115.54,591,18652.06,7231.16,1925.7,1,0,1,0,0,0.0,23,8,4,3,0,0,-3.23,39,17.75,0
31,Female,Alberta,6,106001.25,572,54911.71,8260.56,3745.1,3,1,0,1,0,1439.7,23,27,2,2,1,0,21.84,40,24.4,0
66,Female,Ontario,15,68051.81,575,70534.11,6003.89,1217.16,1,1,0,1,1,2727.52,42,15,5,3,0,0,-3.45,50,32.55,0
55,Male,British Columbia,12,74620.06,709,45987.92,6030.06,4176.95,3,1,0,0,0,4058.17,36,30,1,1,1,0,-3.57,36,33.9,0
45,Female,British Columbia,7,47848.09,822,60427.65,3742.75,2955.05,3,1,0,0,1,949.22,11,32,2,0,0,2,-13.58,10,18.35,0
73,Female,Ontario,12,70553.17,613,36184.08,6299.29,3732.1,2,0,0,0,0,0.0,17,15,3,0,1,0,-2.3,27,16.3,0
47,Female,Quebec,12,63645.4,577,24388.25,5905.35,4629.15,1,1,0,0,0,3368.48,22,8,3,1,0,0,27.7,25,17.1,0
68,Female,Alberta,4,81286.59,661,47238.14,6683.59,50.0,1,0,0,0,1,0.0,21,19,2,0,0,0,7.53,25,20.3,0
21,Female,Alberta,0,62919.38,754,37486.89,5218.54,2365.85,2,1,0,0,0,1222.54,4,4,4,4,0,0,-5.06,44,4.0,0
21,Female,Alberta,8,108799.81,661,0.0,8778.88,3215.89,2,1,0,0,0,1874.31,26,17,0,0,1,2,17.12,12,22.85,0
74,Female,Ontario,1,31039.73,545,40806.97,2943.76,2573.84,3,1,0,1,1,1420.96,19,7,8,0,0,0,8.64,23,14.8,0
70,Female,Ontario,6,88379.88,713,19622.72,7799.75,4415.37,2,1,0,0,0,200.82,42,19,3,2,0,0,4.49,34,33.95,0
26,Female,Alberta,9,126811.94,717,30431.2,10410.83,1624.18,3,1,1,0,0,1479.73,26,17,2,3,0,1,2.91,27,22.85,0
49,Male,Alberta,8,130926.51,720,0.0,10778.31,3940.72,1,1,0,0,0,2281.26,20,8,4,3,1,0,5.96,15,15.8,0
72,Male,British Columbia,3,33985.04,651,46760.08,3141.95,1732.59,1,1,0,0,0,2661.11,40,13,7,3,0,0,11.46,10,30.55,0
41,Female,British Columbia,7,64325.4,582,74791.06,5083.12,1868.3,2,1,0,0,0,2351.69,3,25,1,0,0,1,19.54,17,10.7,0
73,Female,Alberta,0,103139.71,682,17001.83,9195.36,1015.16,2,1,1,0,0,2981.53,39,24,5,1,0,0,1.12,30,33.75,0
69,Male,Alberta,1,127349.47,692,124453.71,10133.7,1829.71,2,0,1,1,0,0.0,19,21,4,4,0,0,-2.32,36,19.7,0
60,Female,Alberta,10,93255.08,713,43430.1,6830.78,4030.33,2,1,1,0,0,2768.31,26,1,4,1,1,0,11.73,13,17.25,0
51,Male,Ontario,3,109125.8,708,0.0,8631.25,2976.77,1,1,0,0,0,2610.16,4,16,7,1,0,0,4.17,38,8.2,0
75,Male,Ontario,12,80935.84,632,70796.66,5656.31,4301.1,2,1,0,1,0,3192.17,10,9,3,1,0,0,-3.55,12,9.65,0
49,Male,Ontario,11,100961.52,654,55599.97,7864.3,4097.31,3,1,0,0,0,969.24,16,13,7,2,0,0,-12.96,48,14.95,0
74,Male,Alberta,6,131347.3,668,102282.32,10914.85,2300.81,1,1,0,0,0,2677.33,35,22,0,1,0,1,-0.69,31,30.45,0
38,Male,Ontario,12,166680.82,592,12351.06,13014.92,465.39,1,1,0,1,1,610.08,13,6,1,2,1,1,-4.64,35,10.55,0
65,Female,British Columbia,3,88631.88,754,30930.8,6971.63,624.63,1,1,1,0,0,2570.0,44,5,6,0,0,0,1.52,23,30.35,0
74,Female,Ontario,4,91742.68,545,7249.15,7275.89,4677.64,1,1,0,0,0,2605.35,20,26,5,2,0,0,6.43,33,22.1,0
46,Male,British Columbia,3,78131.44,734,42430.47,7572.81,1457.52,2,0,0,0,0,0.0,0,16,7,2,0,1,-10.79,30,5.6,0
49,Female,Ontario,4,60751.11,751,92377.63,4785.2,5962.98,1,1,1,0,0,2542.4,1,31,1,2,1,1,11.48,11,11.5,0
42,Male,Alberta,0,32536.98,850,65119.17,2176.44,2340.29,3,1,1,0,0,2155.77,24,16,0,1,0,0,9.81,26,21.2,0
37,Male,Ontario,5,51618.34,712,52949.14,4228.34,3830.83,2,0,0,1,0,0.0,42,14,6,0,0,0,-8.65,32,32.2,0
73,Male,Quebec,8,67794.45,768,17722.8,5609.49,5009.58,3,1,1,0,0,1075.91,23,7,0,1,0,1,1.37,28,17.4,0
58,Female,British Columbia,2,51593.81,630,29807.56,5002.76,2527.58,1,0,0,0,0,0.0,34,33,8,2,1,1,-4.42,19,33.65,1
74,Female,British Columbia,12,68456.82,750,65252.17,5778.07,1801.27,2,1,0,1,0,2892.25,14,16,8,1,0,0,17.67,54,14.7,0
54,Female,Ontario,6,53008.44,751,78175.03,3386.91,2834.53,3,1,0,0,0,1099.58,12,1,3,0,0,0,-3.32,37,8.15,0
27,Male,British Columbia,9,28641.75,604,27195.49,2177.78,3355.34,1,0,0,0,0,0.0,24,1,3,2,1,0,0.29,11,15.95,0
55,Female,Alberta,12,127265.32,535,38766.72,9530.65,2521.98,2,1,0,1,0,1308.87,27,24,3,3,0,0,4.91,21,25.95,0
67,Female,British Columbia,15,81478.5,850,19647.83,6055.63,419.64,3,1,1,0,0,3366.54,9,1,0,3,0,0,16.81,26,6.2,0
56,Male,British Columbia,0,133283.51,696,63096.89,11188.97,2670.94,2,1,1,0,0,742.47,10,13,3,1,1,0,16.34,36,11.05,0
43,Male,Ontario,2,114751.72,711,11388.14,8794.69,2915.31,2,1,0,0,1,2587.65,15,32,0,1,0,0,-2.36,38,20.95,0
43,Female,Quebec,14,32999.11,716,34229.21,2881.69,4179.87,1,1,0,0,0,2673.72,30,30,1,3,0,1,10.49,16,30.0,0
70,Male,Alberta,15,109827.97,777,71638.09,9044.36,1630.4,1,1,1,1,0,0.0,1,21,5,0,1,0,-14.52,10,8.0,0
38,Male,Alberta,5,30772.36,763,48400.25,1909.24,3075.47,3,1,0,0,1,2178.88,32,3,1,0,0,0,-0.44,30,21.85,0
46,Male,Alberta,5,100169.43,669,62240.69,9402.12,3774.68,1,1,0,0,1,703.98,6,14,8,2,0,2,-15.29,29,8.8,0
55,Female,Alberta,7,108240.96,641,11960.75,8534.81,3761.06,3,1,0,0,1,1093.79,33,22,3,3,0,0,16.69,6,29.15,0
65,Female,Alberta,6,68203.09,707,39915.4,6087.31,974.9,1,0,0,0,0,0.0,16,19,2,0,1,0,5.1,43,17.05,0
56,Male,British Columbia,3,37966.9,703,78119.95,2656.88,2090.22,1,1,0,1,0,1736.13,43,17,1,1,1,0,-11.88,36,33.9,0
39,Male,Ontario,15,96631.18,640,89986.58,8557.43,3793.39,1,0,1,0,0,0.0,41,29,1,1,0,1,-15.94,18,36.8,0
57,Female,Ontario,8,79162.39,825,6467.62,6803.53,3437.47,2,1,0,0,1,2056.78,24,14,1,2,1,1,6.04,25,20.5,0
45,Male,Quebec,11,81246.19,686,13212.46,6288.7,1527.18,2,1,1,1,0,2042.41,35,10,4,4,0,1,8.32,43,26.25,0
35,Male,Alberta,0,81523.95,729,26113.92,6470.95,380.87,1,1,1,0,1,639.1,43,25,8,1,0,0,-3.5,28,36.7,0
35,Male,British Columbia,3,45366.63,508,86262.88,3757.06,1110.7,1,1,1,0,0,1611.85,15,28,1,4,1,0,-19.34,31,19.55,1
47,Female,Alberta,5,75832.79,619,92967.35,6707.55,50.0,2,1,0,0,0,1113.68,4,27,2,0,1,0,3.63,52,12.05,0
72,Female,Quebec,2,136577.74,616,56150.29,11807.01,4601.15,2,1,0,0,0,21.42,17,9,6,0,0,0,3.58,35,14.2,0
67,Male,Ontario,13,100045.87,701,34784.05,8786.38,3189.72,1,0,0,1,0,0.0,25,4,8,2,1,0,9.18,49,17.65,0
72,Male,British Columbia,13,96031.94,567,24176.71,7650.83,2770.67,1,1,0,0,0,1482.24,39,30,0,0,0,0,-9.6,23,35.85,0
28,Male,Alberta,11,73203.44,576,2426.79,5951.29,500.16,1,1,1,0,0,0.0,30,20,8,1,0,0,-5.45,55,26.5,0
74,Female,Quebec,4,51673.83,745,35063.26,3419.18,5079.69,2,1,1,0,0,2926.21,18,24,6,0,0,0,5.09,14,20.1,0
57,Male,Ontario,10,62710.42,709,68616.54,5423.14,2278.89,1,1,0,0,1,3346.9,25,9,1,2,0,1,-4.19,1,19.4,0
35,Male,Quebec,8,54709.68,639,0.0,3821.93,2417.44,3,1,0,0,0,3461.45,41,4,3,0,0,0,10.63,27,28.05,0
63,Male,Quebec,11,124401.14,750,60224.69,11434.67,3503.53,2,0,0,0,0,0.0,26,24,5,1,0,0,-3.52,24,25.3,0
44,Male,Ontario,2,105329.39,653,26450.79,9297.33,2596.93,1,1,1,0,1,1647.25,36,31,7,1,0,1,4.5,20,34.25,0
29,Female,Ontario,1,39141.39,747,88184.76,3861.8,4430.79,1,0,0,0,1,0.0,2,5,7,1,0,0,17.95,29,3.05,0
29,Female,Ontario,9,78528.1,601,48546.56,6749.86,2183.13,2,1,0,1,0,1108.87,36,10,8,3,0,0,15.85,41,26.9,0
73,Male,British Columbia,5,46103.15,628,42495.74,2738.34,3720.28,3,1,1,1,0,2685.46,29,4,4,5,1,0,-2.19,31,20.25,0
59,Female,Quebec,1,127670.62,622,56225.82,10635.88,2766.59,1,0,1,0,0,0.0,33,32,1,2,0,0,2.17,40,32.65,0
56,Male,Quebec,13,79274.52,685,29936.47,6457.16,2685.16,1,1,0,0,0,0.0,20,28,2,2,1,0,0.7,36,22.8,0
46,Male,Quebec,14,93944.53,692,26543.09,7511.85,3262.46,1,1,0,1,0,1725.68,8,7,0,3,0,0,23.24,38,7.65,0
43,Female,Alberta,7,116213.56,700,56890.88,9885.6,3720.38,3,1,0,1,0,290.48,6,25,6,3,0,0,0.52,31,12.65,0
34,Male,Quebec,12,48145.0,700,53629.06,4024.91,2047.64,2,1,0,1,1,1833.65,23,29,4,1,0,0,0.12,29,25.1,0
63,Female,Alberta,8,98035.11,774,5630.75,9172.54,4027.42,2,1,0,0,0,1737.42,43,24,0,3,2,0,-2.18,20,36.35,0
69,Male,Alberta,5,111261.3,570,30323.36,8785.01,50.0,3,1,0,0,0,219.3,32,22,8,2,0,0,15.87,11,28.5,0
39,Female,Alberta,1,38705.45,643,98141.56,2930.77,4170.15,2,1,0,0,1,2166.87,15,16,0,2,0,0,-6.99,49,15.35,0
50,Male,Ontario,7,77036.81,573,71018.53,6912.99,2253.29,2,1,0,0,0,2331.07,9,14,6,3,1,0,-0.63,46,10.75,0
44,Female,Ontario,0,118218.74,617,13041.5,10041.3,1820.37,1,1,1,0,0,646.22,21,2,4,2,0,0,-6.59,42,14.35,0
23,Male,Alberta,11,109264.07,600,29799.26,8243.68,2565.73,3,1,1,1,0,1394.17,13,21,4,0,0,0,7.4,21,15.8,0
65,Male,British Columbia,13,93555.29,589,42378.28,8079.75,50.0,2,1,0,1,0,2549.24,43,8,8,0,3,2,-0.6,50,30.75,1
73,Female,Quebec,3,76421.14,532,14911.07,6685.12,2715.33,3,0,1,0,0,0.0,27,21,2,1,0,1,12.14,48,24.9,0
47,Female,Ontario,2,68731.18,541,59556.71,5334.44,2373.94,2,1,0,1,1,3985.62,4,11,6,1,0,0,19.49,18,6.45,0
67,Male,Ontario,4,126129.61,850,27110.92,10843.07,233.45,2,1,0,0,0,1018.99,4,18,4,4,0,0,-13.74,50,8.9,0
70,Male,Alberta,5,25000.0,705,79285.13,1727.11,1455.71,2,1,0,1,0,3487.63,13,11,2,1,1,2,13.94,20,12.3,0
51,Male,Ontario,1,112203.64,799,78741.17,9683.79,3246.38,2,1,1,0,0,1889.85,6,15,6,1,0,0,-7.94,27,9.15,0
36,Male,Ontario,2,130214.77,654,83556.36,9948.92,2527.69,1,0,1,0,0,0.0,35,22,1,0,1,0,12.07,34,30.45,0
57,Female,Ontario,13,82922.45,705,79857.94,7283.65,3421.9,1,1,0,1,0,531.66,10,21,2,4,1,0,-10.33,17,13.85,0
57,Male,British Columbia,9,73221.78,585,0.0,5959.57,5387.89,2,1,0,1,0,169.65,17,34,6,2,1,0,0.36,38,22.95,0
28,Female,Quebec,4,111207.57,560,22550.71,8939.03,3640.94,2,1,0,0,0,2000.47,28,14,0,1,0,0,7.03,1,23.1,0
24,Male,Ontario,5,84324.83,559,27847.62,7084.48,1694.01,3,1,1,0,0,2012.09,37,16,3,0,1,0,-27.93,22,29.65,0
30,Female,British Columbia,13,83740.36,717,31459.23,7292.55,1383.69,1,1,1,1,0,2220.12,34,26,0,3,1,0,-4.84,53,31.2,0
66,Male,Alberta,12,113814.41,650,62224.72,9824.11,1890.17,2,1,0,0,0,3811.81,20,10,7,1,0,0,-6.22,54,16.5,0
32,Female,British Columbia,2,112341.89,850,73784.68,9131.5,2513.19,1,0,0,0,0,0.0,3,3,8,4,0,0,-12.38,34,3.0,0
71,Female,Ontario,1,86103.31,850,66934.24,6971.57,3101.17,2,1,0,0,0,1268.7,4,6,7,2,0,2,-5.07,37,4.7,1
28,Male,Quebec,15,113427.95,739,1238.17,8954.53,2214.55,3,1,0,0,1,1587.61,9,34,0,0,0,0,-1.47,18,17.75,0
28,Female,Quebec,5,36356.56,738,11925.55,1275.0,3487.84,1,1,0,0,0,3422.79,39,20,3,1,0,1,-7.06,7,32.35,0
66,Male,Ontario,15,65591.79,701,0.0,4432.63,2935.24,2,1,0,1,1,1052.14,0,8,7,1,1,0,-4.36,37,2.8,0
48,Male,Ontario,14,139092.81,820,33680.21,11340.42,2836.86,2,1,0,1,0,0.0,6,20,7,0,0,0,-11.5,17,10.9,0
66,Female,British Columbia,1,77625.2,684,16224.59,8028.2,3466.34,4,1,0,0,0,2899.94,38,12,8,1,1,0,0.5,23,28.9,0
55,Male,Quebec,9,79666.92,685,86446.68,6700.06,1649.67,3,1,0,0,0,2404.89,15,16,5,1,0,0,-6.35,23,15.35,0
32,Female,Ontario,7,55988.52,801,53651.11,4420.43,3329.92,3,1,0,0,0,2301.92,21,29,1,2,0,0,24.72,20,23.8,0
43,Female,British Columbia,4,73763.32,567,29866.99,7094.38,3828.0,2,1,0,0,1,3808.78,36,12,7,1,0,0,-5.66,39,27.6,0
44,Female,British Columbia,4,82990.5,664,73359.34,6671.93,1236.87,1,1,0,0,0,2173.21,23,25,6,0,0,0,5.25,2,23.7,0
51,Female,Alberta,3,107901.98,673,0.0,9077.31,2793.06,2,1,0,0,0,3006.42,7,14,8,0,0,0,-9.63,52,9.45,0
26,Female,Ontario,1,85577.53,850,58866.33,6089.2,2247.85,2,1,0,0,0,2260.32,8,33,5,2,0,0,19.29,32,16.75,0
54,Male,Quebec,2,84080.91,638,0.0,7421.14,2099.14,2,0,0,0,0,0.0,27,28,8,2,0,0,13.76,19,27.35,0
65,Male,Ontario,7,64337.67,629,67831.96,5316.91,1552.58,1,1,0,0,0,0.0,9,28,4,1,0,0,7.68,32,15.65,0
31,Female,Ontario,0,52919.76,689,35279.29,4056.56,3533.89,2,0,0,0,0,0.0,15,13,7,0,0,0,9.12,34,14.3,0
41,Female,British Columbia,4,63959.6,667,88358.46,4464.63,4904.43,2,1,0,0,0,1764.72,39,4,7,0,0,1,-6.14,42,26.75,0
36,Male,Ontario,1,56575.96,455,82156.93,4936.92,1919.63,4,1,0,0,0,1387.37,39,33,3,2,0,1,16.83,27,36.9,0
49,Female,Ontario,4,138866.66,758,36885.89,10928.34,3640.22,1,1,1,0,0,2991.83,8,30,0,1,0,1,5.47,32,15.7,1
30,Female,Quebec,3,121219.24,730,0.0,10178.56,602.27,1,1,1,0,0,1873.3,26,6,4,1,0,0,15.04,18,19.0,0
57,Male,British Columbia,14,114733.84,703,41950.63,9790.35,5016.48,2,1,0,1,0,0.0,3,7,0,0,0,0,-4.58,30,4.4,0
35,Female,Alberta,2,91046.72,656,0.0,7255.91,2330.13,4,1,1,0,0,1245.06,44,20,4,0,0,0,1.82,5,35.6,0
55,Female,Ontario,4,28128.17,508,1591.62,3753.72,4262.61,3,0,0,0,0,0.0,1,6,5,3,0,1,8.17,26,2.75,1
66,Female,Alberta,1,142657.22,526,29669.8,11643.17,1684.14,3,0,1,0,1,0.0,32,18,8,2,0,1,-2.22,38,27.1,0
39,Male,Alberta,9,57995.06,835,61699.47,5735.09,3045.88,3,1,0,0,0,876.98,18,3,0,3,1,1,0.08,45,12.75,0
28,Male,Alberta,12,129266.46,634,70522.61,10857.28,2020.42,1,0,1,1,1,0.0,13,17,6,0,0,1,9.43,38,14.4,0
75,Male,Ontario,8,51938.01,710,34377.62,4617.2,1997.61,1,1,0,1,0,315.7,19,14,3,1,2,1,3.11,43,17.25,0
70,Male,Ontario,3,125408.44,826,35593.34,11136.24,829.06,3,1,1,0,0,2279.41,41,12,0,2,1,1,-2.98,45,30.85,1
56,Male,British Columbia,7,78010.23,562,8114.92,6810.99,153.75,2,1,1,0,0,983.2,4,31,5,0,0,0,1.8,21,13.45,0
37,Female,British Columbia,11,93054.89,605,67753.57,7548.11,792.65,1,1,0,0,1,630.86,8,20,2,0,0,0,12.83,30,12.2,0
29,Female,Quebec,13,79999.92,814,33003.51,7294.18,411.84,1,1,0,0,0,1941.34,41,17,4,4,0,1,-26.36,26,32.6,0
56,Male,Ontario,13,112435.62,796,59733.76,10288.46,1143.65,1,0,0,0,0,0.0,28,9,6,3,0,0,13.34,26,21.35,0
66,Female,British Columbia,5,36404.4,612,25911.61,3877.6,1249.84,2,1,0,0,0,3117.9,5,2,1,1,2,0,-16.52,29,3.95,0
32,Male,Ontario,13,49607.93,698,47835.8,4472.34,2440.3,3,1,1,0,0,2020.28,26,33,1,1,0,0,-3.94,16,28.45,0
25,Male,Alberta,15,79306.89,641,33273.44,6997.35,50.0,1,1,0,0,0,2250.72,8,17,2,1,0,0,8.18,44,11.15,0
74,Female,Alberta,6,53151.38,805,28168.2,4678.76,1938.57,2,0,0,1,1,0.0,13,4,8,3,0,2,-0.96,32,9.85,0
72,Male,Ontario,13,51297.54,540,46974.76,4880.87,2692.53,2,1,0,0,0,1477.43,32,26,3,2,0,0,14.29,27,29.9,0
58,Female,Ontario,0,112962.5,596,24131.4,9615.19,2866.06,2,1,0,0,0,1730.77,17,15,8,3,0,2,0.91,30,16.3,0
27,Male,British Columbia,3,122811.9,548,45368.51,9950.16,5007.18,3,1,1,0,0,957.2,39,15,8,1,0,1,9.5,11,30.6,0
54,Male,British Columbia,14,58195.18,618,78076.69,5744.94,50.0,1,0,0,0,0,0.0,43,30,5,2,0,0,-14.04,36,38.45,0
30,Male,Alberta,3,79388.2,591,46965.2,6888.28,3672.18,1,1,0,0,0,547.85,6,33,3,3,0,2,-0.29,28,15.45,0
32,Male,Alberta,15,92743.46,582,78312.47,7613.09,3927.76,3,1,0,0,0,0.0,18,16,5,1,0,1,-0.98,31,17.3,0
23,Male,Ontario,3,136589.08,618,4811.05,11384.61,1311.1,3,1,1,0,0,1815.83,3,31,1,3,0,2,-2.74,11,12.8,1
53,Female,Ontario,13,146103.91,628,32468.75,12120.11,4063.6,1,1,0,0,1,1859.82,15,8,0,2,0,1,-5.16,45,12.55,0
51,Male,Ontario,13,102469.03,845,55914.98,7379.03,2083.55,3,1,1,0,0,4858.02,4,22,4,1,0,1,-2.61,14,10.3,0
66,Male,Ontario,0,57051.93,620,89044.62,4441.06,454.32,2,1,0,0,0,2829.25,17,29,1,3,0,0,-12.03,43,21.2,0
26,Male,Quebec,8,88941.48,633,28731.52,8088.14,2110.66,2,1,1,0,0,4230.33,41,23,7,2,2,1,6.19,23,34.7,0
44,Female,Quebec,8,96180.04,611,47446.37,7251.74,5425.08,3,1,0,0,0,2065.86,6,18,7,2,0,0,8.16,37,10.2,0
34,Female,Alberta,6,110155.87,745,37804.9,9259.46,168.66,2,1,0,0,0,3191.76,28,10,5,2,1,0,-6.16,49,21.7,0
31,Female,British Columbia,0,120407.68,672,48106.07,9032.51,4503.29,1,0,0,0,0,0.0,12,14,6,3,0,1,6.3,24,12.7,0
73,Male,Ontario,14,76025.08,626,22065.93,5801.16,50.0,1,1,0,0,0,2612.02,22,25,0,1,0,0,4.66,31,23.05,0
65,Female,Ontario,12,101290.43,746,59855.75,7763.58,2840.28,2,1,0,0,1,1847.03,11,21,1,1,1,0,-17.69,14,14.5,0
60,Male,British Columbia,8,135316.33,709,14979.61,10739.5,2397.1,2,0,1,0,1,0.0,23,8,4,3,0,0,4.84,30,17.75,0
58,Female,British Columbia,0,101444.76,781,43597.14,7906.54,3992.13,3,1,0,0,0,2796.59,12,0,7,3,0,0,-27.67,24,7.8,0
71,Male,Quebec,13,98178.84,644,52119.22,8570.8,2878.89,2,1,1,0,0,0.0,41,29,1,2,1,1,-0.24,41,36.8,0
59,Male,Alberta,3,91657.02,576,42230.52,8098.21,1765.52,3,1,0,1,1,739.94,40,9,4,2,3,1,-14.34,39,29.15,0
40,Female,Alberta,8,95746.61,553,50951.07,8497.33,4536.74,1,0,1,0,0,0.0,39,23,2,1,0,0,-18.29,29,33.4,0
55,Female,Alberta,9,60156.75,724,74929.93,4909.11,3165.31,1,1,0,0,0,3058.88,13,20,5,1,1,0,-8.32,21,15.45,1
46,Female,Quebec,4,95950.46,769,89845.24,7277.17,3759.09,2,1,0,0,1,1185.87,11,2,2,2,0,0,-38.06,45,7.85,0
69,Female,Ontario,10,95678.47,659,71077.33,8062.94,4473.58,2,1,0,0,0,3707.29,3,32,0,1,1,1,9.86,30,13.15,0
40,Female,Alberta,2,39520.53,742,21298.1,3126.1,2516.32,1,1,0,0,0,2409.81,17,3,8,2,0,0,-6.41,22,12.1,0
71,Female,Quebec,5,51552.73,774,40595.81,2314.17,2103.43,3,1,1,1,0,2966.32,37,15,4,3,1,0,-8.63,50,29.3,0
26,Male,British Columbia,5,86910.37,590,15789.11,7848.95,3843.25,1,1,0,1,0,922.45,41,15,5,0,0,1,19.89,34,31.9,0
21,Female,Quebec,1,25000.0,850,10367.99,2620.18,4762.86,2,1,0,0,0,292.34,27,12,1,2,0,0,-3.45,42,21.75,0
26,Female,Quebec,3,99750.14,607,31708.47,8851.07,3113.33,3,1,0,0,1,2672.09,5,27,6,1,2,0,4.86,11,12.7,1
60,Male,Ontario,15,73338.42,643,46216.88,5549.43,1906.07,2,1,0,0,1,2001.83,16,23,8,5,0,0,4.72,17,18.45,0
38,Female,Quebec,0,89195.24,706,10885.87,7394.91,3311.99,3,1,1,0,1,3030.88,34,29,2,3,0,0,17.92,13,32.25,1
62,Female,Ontario,0,78144.58,667,0.0,5681.11,4163.51,4,1,0,0,1,2002.74,3,24,0,0,0,2,-26.07,22,10.35,0
47,Male,Alberta,15,61951.85,624,26980.75,5415.32,2726.42,2,0,1,0,0,0.0,14,29,4,1,0,0,-15.41,41,19.25,0
65,Male,Quebec,6,45772.19,494,46767.5,2682.26,3752.45,1,1,0,0,1,0.0,37,23,6,3,0,1,-9.72,31,32.1,0
32,Female,British Columbia,5,168338.83,502,35675.72,14081.74,3286.25,1,1,1,0,1,0.0,25,8,4,1,0,0,7.73,19,19.05,0
48,Female,Alberta,11,112429.74,553,40724.76,9643.25,2550.79,1,1,0,1,0,2182.91,12,5,1,3,1,0,-3.25,7,9.55,1
68,Male,Alberta,11,123599.53,698,26331.56,10247.66,1670.42,1,1,1,0,1,1417.4,23,11,3,1,0,0,-1.74,24,18.8,0
61,Female,British Columbia,12,79452.45,600,49314.23,6416.8,1678.8,1,1,0,0,1,1265.87,33,21,4,2,0,1,-22.31,57,28.8,0
56,Male,Alberta,8,127174.82,730,65234.63,10300.46,4681.82,1,1,1,0,0,2791.15,2,3,5,0,0,1,-7.78,43,2.35,0
32,Female,Alberta,3,67548.33,584,27520.52,4569.69,587.23,3,1,0,0,0,1898.69,29,25,5,3,0,1,14.39,20,27.6,0
57,Female,British Columbia,15,109342.02,726,87781.31,8974.85,3084.61,2,0,0,1,0,0.0,44,15,0,0,2,0,20.27,31,33.85,0
41,Female,Ontario,15,80128.37,641,27713.75,5869.2,793.6,3,0,0,0,0,0.0,28,17,0,5,0,0,-10.91,24,24.15,0
25,Female,British Columbia,6,73626.4,718,10588.52,6499.6,3371.33,1,1,0,0,0,2001.67,21,16,0,1,0,0,5.62,47,19.25,0
37,Male,Quebec,14,101189.47,733,20111.32,9840.8,3753.69,2,1,1,0,0,2944.98,3,9,3,3,2,0,3.39,25,5.1,0
46,Male,Ontario,13,141319.36,645,73621.59,10664.91,631.47,2,1,0,0,0,2622.75,22,3,0,2,1,0,0.46,23,15.35,0
70,Female,Ontario,4,86363.23,644,59879.09,7207.75,956.23,3,1,0,1,1,2567.37,42,3,3,1,1,0,-14.76,27,28.35,0
58,Female,Ontario,6,81938.87,568,37200.46,6526.88,5022.31,1,0,0,0,0,0.0,38,16,8,1,2,0,0.5,43,30.3,1
63,Male,British Columbia,10,64971.03,615,82626.07,5087.22,50.0,1,1,0,1,0,1703.11,19,22,3,2,0,0,10.39,27,20.05,0
34,Female,British Columbia,10,111396.04,759,0.0,9457.7,5768.64,2,1,0,1,0,1402.12,21,3,4,0,0,0,-8.61,68,14.7,0
26,Male,Quebec,14,51430.94,603,39895.7,5132.0,1369.31,1,1,0,0,0,2712.86,19,4,5,2,2,1,-21.38,33,13.75,0
64,Male,Ontario,1,59086.75,671,15628.11,4382.05,2532.43,1,0,1,0,0,0.0,43,24,7,0,0,0,23.28,31,36.35,0
67,Female,Ontario,7,57780.23,743,20353.88,4717.2,3605.77,1,1,1,1,1,1803.61,28,12,0,3,0,0,2.57,27,22.4,0
39,Female,British Columbia,10,129193.53,637,20361.71,9986.23,3607.97,1,0,0,0,0,0.0,34,32,4,4,0,0,13.55,23,33.3,0
32,Male,Quebec,10,90806.78,811,31490.8,7049.61,2960.32,2,1,0,0,1,1976.07,43,22,2,3,2,0,25.44,18,35.65,0
65,Male,Ontario,7,40058.85,661,39124.33,2558.08,4005.35,3,0,0,0,0,0.0,34,24,4,2,0,1,19.79,30,30.5,0
22,Male,Quebec,15,123901.57,635,82884.09,10611.5,2991.38,4,0,0,1,0,0.0,27,30,8,3,1,1,-3.5,25,28.05,0
65,Female,Ontario,5,143008.89,701,37902.57,12246.46,4662.06,2,1,1,1,0,1403.85,15,25,2,1,0,0,-10.9,41,18.5,0
29,Female,Alberta,3,32759.64,790,0.0,2062.63,1431.2,1,1,1,0,0,1741.66,30,34,0,2,1,0,22.64,25,31.4,1
44,Female,Quebec,4,31254.88,821,0.0,2540.81,2331.75,2,1,0,0,1,4069.68,7,23,4,2,1,0,-4.1,49,12.6,0
53,Female,Alberta,10,70828.25,739,54180.13,6043.38,2059.66,2,0,1,0,0,0.0,39,20,4,1,0,0,6.46,7,32.35,0
56,Male,British Columbia,8,117492.92,659,33946.88,10394.32,3242.68,2,0,1,0,1,0.0,28,3,8,2,0,0,15.47,29,19.25,0
61,Female,British Columbia,12,25000.0,680,24067.09,1694.0,2068.05,4,1,1,0,0,1783.97,27,1,8,3,0,0,22.92,23,17.9,0
30,Female,Quebec,2,92441.38,661,111916.83,6967.24,2461.7,1,1,1,0,1,827.3,2,34,6,1,0,1,15.07,27,13.2,0
73,Male,Quebec,8,49175.79,695,22975.43,4620.84,2805.09,1,1,0,0,0,1761.51,24,28,4,1,0,0,-0.96,46,25.4,0
29,Male,Alberta,0,92748.69,850,32091.42,7736.16,2999.28,1,0,1,0,0,0.0,26,24,8,2,1,0,15.24,31,25.3,0
59,Female,Ontario,13,98891.19,760,0.0,7371.64,2787.26,1,1,1,1,0,2882.61,18,20,8,1,1,2,-16.37,13,18.7,0
33,Male,Ontario,6,59742.2,687,69931.08,3700.67,1246.54,1,1,1,0,0,2325.42,19,34,7,2,0,0,-4.93,46,24.25,0
37,Male,Alberta,2,96280.97,685,21117.22,8183.79,2821.77,1,1,0,0,1,1139.18,10,4,3,0,0,0,-0.39,39,7.9,0
66,Female,Quebec,11,104270.99,708,48768.13,8052.78,354.4,4,0,0,1,1,0.0,35,11,2,0,0,1,-1.88,37,26.6,0
47,Male,Alberta,14,87110.51,717,37823.76,6480.04,3880.32,1,1,0,0,0,1202.01,28,3,7,1,1,0,13.04,33,19.25,0
56,Female,Ontario,5,93047.49,645,53632.29,8159.51,1749.74,1,1,0,0,1,1815.94,37,22,4,1,0,0,-11.62,22,31.75,0
48,Male,Quebec,12,122482.58,686,60087.73,10143.85,2303.63,3,1,1,0,1,0.0,32,15,5,3,0,1,-19.34,15,26.05,0
63,Male,Ontario,12,29076.78,722,46673.82,2626.38,1783.14,1,1,1,0,0,795.67,44,20,7,0,0,1,7.1,7,35.6,0
73,Male,Alberta,11,67063.93,793,90584.4,5561.62,1657.33,3,1,0,0,0,833.77,24,27,4,2,0,0,24.56,31,25.05,0
58,Male,British Columbia,6,53126.83,778,53271.84,3958.98,3001.44,2,1,0,0,0,3399.42,36,30,8,3,0,0,-1.67,40,33.9,0
36,Female,British Columbia,1,86885.82,649,66707.22,8060.56,3097.13,1,1,0,0,0,778.36,35,13,5,2,0,0,-7.58,29,27.3,0
54,Male,Quebec,9,25000.0,659,101103.68,2617.54,319.27,1,0,0,0,1,0.0,26,25,3,0,0,0,5.4,52,25.65,0
27,Female,Ontario,6,105134.08,620,51579.22,9674.37,50.0,2,1,0,0,1,1858.79,28,8,6,0,1,0,17.38,35,21.0,0
51,Male,Ontario,3,84001.44,688,41762.61,6902.15,3205.87,1,1,1,0,1,1302.52,35,4,7,1,0,0,-32.17,42,24.15,0
41,Female,Ontario,12,83445.63,728,26373.07,7412.25,1835.15,1,1,1,0,0,2395.09,36,30,8,0,0,1,-9.57,61,33.9,0
54,Male,Alberta,11,27044.25,665,84640.76,1925.94,3402.62,3,1,1,0,0,2074.1,36,15,8,3,0,0,11.46,11,28.65,0
54,Male,British Columbia,12,94724.24,570,49194.21,8250.08,2100.53,1,1,0,0,0,1079.78,21,18,4,2,0,0,13.5,22,19.95,0
59,Female,Quebec,14,50241.19,768,59812.6,4263.68,2852.29,1,1,1,0,0,1800.08,10,25,4,2,1,0,8.82,31,15.25,0
48,Male,Alberta,9,78999.72,705,6919.16,6541.68,1570.97,2,1,0,0,1,2281.81,40,10,5,4,0,0,10.03,31,29.5,0
32,Female,Alberta,0,121442.54,667,0.0,9687.19,3031.61,1,1,0,0,0,1345.92,29,30,8,1,1,1,6.28,5,29.35,1
62,Male,Ontario,4,109220.87,602,50222.85,9816.09,50.0,1,1,0,0,0,2265.91,14,16,0,1,1,1,-11.35,19,14.7,0
55,Female,Ontario,10,69166.21,754,0.0,5278.06,3999.93,2,0,0,0,0,0.0,22,31,1,5,0,0,-14.12,26,25.15,0
39,Male,Ontario,3,25000.0,727,0.0,982.51,1963.24,2,1,0,0,1,1524.69,43,16,5,2,1,0,-22.02,24,33.55,0
58,Female,Ontario,8,63076.42,585,77821.74,5593.45,1517.22,2,1,0,0,0,2868.32,41,12,5,1,0,0,26.47,30,30.85,0
42,Female,Ontario,13,60090.32,644,50944.57,5819.8,3749.11,1,1,0,0,1,2014.37,43,15,3,0,0,1,9.69,26,33.2,0
73,Male,Alberta,13,72778.76,574,46913.39,5905.59,5429.15,2,1,1,0,1,1425.23,29,10,3,3,0,0,13.21,34,22.35,0
35,Female,Ontario,6,88406.38,575,92976.83,7284.72,637.87,1,1,1,0,0,1807.91,43,29,3,2,0,0,-14.97,7,38.1,0
28,Female,Quebec,2,70860.94,772,51803.07,6652.0,1334.48,1,1,0,0,0,4368.79,23,33,7,2,0,1,-5.56,41,26.5,0
50,Male,Ontario,10,122290.28,677,10432.98,9766.53,2685.75,3,1,1,1,1,2305.73,18,28,4,1,1,0,-0.88,24,21.5,0
75,Male,Alberta,4,144086.38,820,47532.44,13040.84,1771.33,3,1,0,0,1,0.0,29,5,8,2,0,1,12.19,23,20.6,0
55,Male,British Columbia,3,129263.91,642,55115.08,11972.86,1965.42,2,1,1,0,1,1556.01,29,3,6,1,0,0,13.82,29,19.9,0
46,Female,British Columbia,9,107761.55,631,46665.41,9009.01,1699.36,1,1,1,0,0,1036.59,41,32,6,0,0,0,7.95,9,37.85,0
57,Female,Ontario,11,27081.03,776,67690.55,2329.4,1209.72,3,0,0,0,1,0.0,26,22,3,2,0,0,13.91,13,24.6,0
61,Female,Ontario,13,106416.84,728,28483.65,9473.44,1272.1,1,1,0,0,0,1811.91,28,7,3,1,1,1,6.88,40,20.65,0
47,Male,Ontario,0,95358.54,530,26879.19,7736.33,3355.17,2,1,1,0,0,2727.71,27,23,5,0,1,0,-0.74,28,25.6,0
45,Male,British Columbia,15,101647.76,710,46487.74,8341.89,2053.15,1,0,0,0,0,0.0,19,27,1,0,0,1,-9.31,35,21.8,0
68,Male,Quebec,13,99428.02,660,65574.19,8471.24,1009.96,3,1,0,0,0,3789.68,38,6,5,0,0,0,-4.01,24,26.8,0
74,Male,British Columbia,6,55584.42,530,27028.85,4655.58,2578.03,3,0,1,0,0,0.0,40,27,0,1,0,0,1.98,40,35.45,0
51,Female,British Columbia,4,103107.87,715,34212.29,8367.3,1214.6,1,0,0,1,1,0.0,5,33,4,1,0,0,5.45,36,14.8,1
34,Male,Ontario,2,67493.53,627,44451.71,5729.1,2964.51,4,1,0,0,1,803.37,43,27,4,3,0,0,9.16,47,37.4,0
67,Male,Ontario,2,66668.96,698,52725.11,5786.17,2679.54,2,1,0,0,0,2831.98,26,13,0,4,0,1,-7.87,34,21.45,0
63,Female,Ontario,2,54382.26,664,18573.95,5036.29,1430.66,3,1,0,0,0,3186.08,37,12,2,1,0,0,6.02,70,28.25,0
59,Female,Ontario,10,133358.67,697,34313.24,11059.97,3989.49,1,1,0,0,0,1596.61,25,12,5,5,2,1,1.58,30,20.45,1
33,Male,British Columbia,4,73498.99,696,52192.49,5451.83,1589.19,2,1,0,0,0,1618.27,33,34,1,1,0,0,2.45,29,33.35,0
24,Male,Ontario,8,69079.99,705,11628.67,6428.35,3697.43,1,1,0,0,0,3815.17,39,13,8,0,0,0,0.7,29,29.9,0
48,Female,Ontario,13,68390.03,684,56186.04,5025.58,2095.83,4,1,1,0,0,1568.4,37,27,8,2,0,1,-12.37,24,33.5,0
22,Female,Alberta,8,25000.0,806,27590.01,2129.29,4828.26,3,1,1,1,0,2885.63,37,15,2,1,1,1,10.33,46,29.3,0
60,Female,Alberta,2,91056.63,633,0.0,7789.65,2758.11,2,1,0,0,1,1058.67,28,6,1,0,0,1,6.55,46,20.3,0
66,Male,Alberta,10,160164.21,726,14319.09,14284.39,3304.5,2,1,0,0,0,2877.96,31,18,4,2,0,0,-18.77,30,26.45,0
34,Male,Alberta,14,101879.42,650,61487.2,8303.16,3057.91,2,1,0,0,0,1505.35,33,29,0,4,0,0,7.13,23,31.6,0
40,Female,British Columbia,0,128159.41,756,35163.95,10447.44,1658.5,1,1,1,1,1,1926.73,41,34,3,0,1,0,-2.74,38,38.55,0
53,Male,British Columbia,6,68484.66,673,22915.83,5106.3,1667.78,2,1,1,0,0,913.82,0,15,8,4,0,0,-4.15,52,5.25,0
74,Male,British Columbia,9,118288.37,828,21322.69,9024.51,1493.18,3,1,0,1,0,84.87,24,34,0,1,0,0,-3.13,39,27.5,0
48,Female,Quebec,8,113953.52,630,131651.83,9228.33,5375.05,2,1,0,0,1,3050.82,4,34,7,2,0,2,-17.02,41,14.5,0
65,Male,Ontario,1,86663.8,630,76676.0,7361.14,3063.81,1,1,1,0,0,0.0,23,15,5,2,0,0,-13.81,34,20.2,0
50,Male,Ontario,2,104567.98,609,28447.48,9127.1,2219.52,2,1,0,0,0,12.98,23,3,1,2,0,1,12.9,28,16.0,0
51,Male,British Columbia,7,89062.21,598,1204.56,6880.17,4009.38,1,1,1,0,0,870.8,42,25,4,4,1,0,14.74,19,36.05,0
59,Male,Ontario,6,110866.78,767,74424.61,8722.79,3376.81,2,1,0,0,0,1733.31,15,14,3,1,1,0,-2.38,27,14.65,0
46,Male,Ontario,6,127028.54,560,43995.2,10450.75,1036.03,2,1,0,0,1,719.56,14,9,7,0,0,0,6.51,36,12.25,0
49,Female,Ontario,10,101038.94,694,9980.4,8277.26,3817.77,2,1,0,0,1,2670.57,7,18,6,3,0,1,-6.54,33,10.85,0
45,Male,Quebec,15,49375.24,783,62786.58,4298.01,4718.66,4,1,0,0,1,722.73,34,17,6,3,0,1,11.16,22,28.05,0
40,Female,British Columbia,10,44204.57,650,24405.25,4480.14,1873.24,1,1,0,0,0,1400.06,11,29,1,0,1,0,3.74,29,17.3,0
63,Male,British Columbia,2,111017.24,787,23200.23,10178.02,3529.19,2,0,1,0,1,0.0,12,16,3,1,0,0,-5.87,50,13.4,0
48,Female,Ontario,6,86102.9,745,79748.95,7693.48,4945.11,4,1,0,0,0,1885.68,24,2,3,5,0,0,-0.48,33,16.3,0
37,Female,Quebec,8,112068.72,827,50766.93,10146.57,1721.07,1,1,0,0,0,2639.76,9,30,1,1,2,0,13.0,21,16.35,0
23,Male,Ontario,10,86741.27,701,27191.64,7882.39,2679.09,1,1,0,0,1,921.57,31,32,1,2,0,1,-2.78,21,31.35,0
53,Male,Ontario,6,85291.38,718,32721.73,7264.49,3690.88,3,1,0,0,0,2145.7,3,31,2,2,1,0,3.45,35,12.8,0
63,Female,British Columbia,4,117063.11,695,26008.28,9386.94,2300.78,1,1,0,0,0,4515.99,41,16,2,2,1,0,17.18,39,32.25,0
65,Male,Ontario,3,106396.35,699,47524.49,9477.79,2738.77,3,1,0,1,1,2584.4,29,8,0,3,0,1,1.02,39,21.65,0
49,Male,British Columbia,14,68297.81,738,76753.81,4862.91,3450.02,1,1,0,1,0,2636.33,35,29,8,1,0,0,-0.54,23,32.9,0
49,Male,British Columbia,11,87376.57,743,65233.93,8150.73,468.53,1,0,0,0,1,0.0,9,6,0,3,1,0,-11.02,35,7.95,0
50,Female,Quebec,10,157283.15,672,49333.62,13284.62,1819.18,3,1,1,0,0,1898.28,9,7,4,2,0,1,15.72,22,8.3,0
71,Female,Ontario,2,116187.94,721,44767.01,10320.69,2796.53,3,1,0,0,0,2837.69,13,12,5,2,0,2,10.91,36,12.65,0
46,Male,Alberta,14,44558.01,675,53446.36,3400.98,3025.08,2,1,1,0,0,2237.24,7,25,1,2,0,0,-1.16,25,13.3,0
25,Male,Ontario,11,95529.69,567,11813.27,8477.95,4937.77,1,1,0,0,0,1312.6,44,28,4,1,0,0,8.36,41,38.4,0
31,Female,British Columbia,4,112326.14,735,35511.17,9559.48,2263.42,1,1,0,1,0,2141.54,18,2,5,1,0,0,-3.64,36,12.4,0
67,Male,Ontario,14,106844.75,567,88105.52,9125.05,1871.56,2,1,0,0,1,1183.21,21,34,5,0,0,1,-13.86,46,25.55,0
73,Female,Ontario,5,90282.48,661,43449.67,7618.51,3338.29,2,1,0,0,0,2860.19,18,0,2,1,0,0,-2.43,1,11.7,0
39,Female,Quebec,5,78326.95,671,0.0,5877.97,1080.5,1,1,0,0,0,1751.63,39,14,3,0,0,2,-3.09,23,30.25,0
46,Female,Ontario,8,94452.14,811,73946.61,8279.54,3112.6,3,1,0,0,0,1268.97,28,2,5,2,0,0,7.04,42,18.9,0
44,Male,Ontario,10,95158.65,713,44278.47,7741.0,1010.47,2,1,1,0,0,819.04,34,5,1,2,1,0,36.83,41,23.85,0
45,Male,British Columbia,9,25250.97,770,17387.25,1316.61,1723.96,3,0,1,0,0,0.0,20,27,2,5,2,0,7.85,34,22.45,0
43,Male,Alberta,15,95867.75,708,73890.33,8149.39,2066.47,2,1,1,0,0,1321.35,15,19,1,2,0,0,-14.83,31,16.4,0
40,Male,Ontario,12,69808.87,634,52230.03,5350.06,1900.78,3,1,0,0,0,1792.68,41,24,3,5,0,4,-5.05,24,35.05,0
30,Male,Alberta,8,83234.52,770,0.0,7034.92,5280.43,4,1,0,0,0,2395.24,7,26,8,2,2,1,-1.63,41,13.65,1
26,Female,Ontario,3,63236.78,830,22811.59,5930.89,2152.21,3,1,1,1,1,3795.79,2,21,4,1,0,0,-14.7,37,8.65,0
46,Male,Quebec,4,85389.71,717,39106.13,7566.37,4704.01,4,1,1,0,0,2251.78,5,19,0,1,1,0,-16.01,31,9.9,0
49,Male,Ontario,12,57393.58,556,24731.17,5931.17,1915.34,3,1,0,0,0,4121.46,10,32,0,1,0,0,14.23,32,17.7,0
74,Female,Quebec,7,88933.42,756,37958.48,7606.76,3367.29,2,1,0,0,1,3599.73,34,28,2,0,1,0,-33.16,11,31.9,0
47,Female,British Columbia,2,71425.37,743,74072.41,6709.29,3571.89,1,1,0,1,0,3261.49,16,23,1,3,2,0,-11.1,34,18.45,1
38,Female,British Columbia,3,98793.4,741,42157.55,7313.07,3613.32,3,1,0,0,0,1534.79,4,19,3,0,0,0,-7.48,24,9.25,0
72,Female,Quebec,5,116473.51,644,46433.47,9795.42,2048.83,1,1,0,0,1,2626.73,3,17,4,2,0,2,-6.91,32,7.9,1
41,Male,Quebec,15,68747.55,659,20137.13,6436.17,617.81,2,0,1,0,0,0.0,24,15,5,3,0,0,4.59,20,20.85,0
46,Male,Quebec,13,60014.53,664,82533.69,3876.52,5805.51,1,1,0,0,0,2841.67,30,7,2,2,1,0,-17.33,33,21.95,0
50,Male,Quebec,9,25000.0,748,30723.34,742.33,2504.19,2,1,0,0,0,2584.3,38,14,5,2,1,1,5.33,51,29.6,0
67,Female,Ontario,4,68905.07,697,34599.88,5258.26,4243.64,1,1,1,1,0,2437.06,13,8,5,2,0,0,-6.97,8,11.25,0
54,Male,Quebec,12,53066.6,626,0.0,3635.21,3868.79,3,1,0,0,0,2302.32,37,27,3,2,1,0,-1.62,29,33.5,0
28,Female,Alberta,9,124233.9,690,51676.37,9432.98,3178.17,3,1,1,0,0,2207.44,6,6,2,4,0,0,1.21,54,6.0,0
56,Female,Ontario,9,91133.88,695,108729.69,8181.63,4580.83,1,0,0,0,0,0.0,15,3,7,2,0,1,-12.7,18,10.8,0
53,Male,Ontario,6,80851.35,657,56404.01,6321.16,307.83,3,1,0,0,0,0.0,37,13,1,1,0,0,-13.74,25,28.6,0
57,Female,British Columbia,12,60681.19,676,42673.01,5882.1,3987.89,1,1,1,0,0,1061.91,12,12,8,2,0,0,-2.33,33,12.0,0
33,Female,Alberta,7,88895.94,640,64634.93,6637.62,3507.2,1,1,0,1,1,1786.16,5,24,6,2,1,0,11.12,37,11.65,0
28,Female,Ontario,7,89656.98,667,22804.84,7412.28,2903.32,1,0,0,0,0,0.0,11,5,8,1,1,0,0.78,34,8.9,0
24,Male,Ontario,10,64450.73,449,60709.72,4295.9,1391.71,4,1,1,1,0,2274.62,43,9,8,5,1,0,8.79,5,31.1,0
29,Male,British Columbia,9,71242.29,679,34453.73,5560.93,5311.1,2,1,0,0,0,1455.97,16,22,3,4,0,1,4.3,15,18.1,0
35,Female,British Columbia,8,42340.67,850,22477.71,3957.72,3748.65,1,1,1,0,0,2617.39,13,31,1,4,1,1,21.44,31,19.3,0
47,Female,Ontario,12,114534.29,706,89157.06,8620.0,5167.64,2,1,1,0,0,3831.2,0,18,0,0,0,0,17.99,32,6.3,1
32,Male,British Columbia,4,40252.08,850,76226.13,3585.24,4202.35,1,1,1,0,0,624.85,1,22,2,1,0,0,11.4,22,8.35,0
30,Male,British Columbia,1,79776.17,704,36521.25,6937.56,1335.62,3,1,1,0,0,2757.96,40,13,5,4,1,0,17.96,30,30.55,0
58,Male,British Columbia,5,103458.61,576,50913.32,9470.17,1010.49,1,1,1,0,0,2865.87,41,6,0,1,1,0,14.84,19,28.75,0
47,Female,Ontario,11,118671.71,714,30115.5,10573.31,2620.84,1,1,0,1,0,1592.99,18,22,2,4,2,2,-4.06,20,19.4,1
33,Male,Ontario,2,100136.39,704,13659.67,8322.97,3430.24,2,1,0,0,1,1102.03,3,18,0,2,0,1,0.37,16,8.25,0
59,Male,Quebec,9,127204.24,693,93715.17,11170.77,4681.5,2,1,0,0,0,619.12,28,18,5,2,0,0,-15.62,25,24.5,0
54,Male,British Columbia,3,82674.0,657,57949.01,6168.87,3494.54,1,0,0,0,0,0.0,27,16,7,1,1,0,-1.55,52,23.15,0
50,Female,British Columbia,7,95103.69,642,109201.34,6867.47,4230.94,1,1,0,0,0,1869.26,18,8,6,3,1,0,-15.09,36,14.5,0
29,Female,Ontario,2,83967.7,574,20676.81,7102.84,3000.03,2,1,1,0,0,902.81,31,5,2,0,1,0,-0.32,39,21.9,1
52,Female,Quebec,1,91683.75,614,10874.85,7850.5,4016.98,2,1,0,0,0,3427.86,30,34,0,1,0,1,-6.5,44,31.4,0
63,Female,British Columbia,10,25000.0,662,18862.06,1788.15,465.8,3,1,0,0,1,809.03,41,28,8,1,1,0,-7.69,21,36.45,0
62,Female,Quebec,15,86074.98,760,21416.29,7150.17,2555.16,3,0,0,1,1,0.0,19,34,7,3,2,0,-6.45,23,24.25,0
51,Male,Ontario,6,88279.41,786,73592.49,6502.74,1893.58,3,1,1,0,0,2368.69,39,24,7,1,0,0,-6.31,19,33.75,0
70,Female,British Columbia,6,68355.1,682,22822.71,5508.69,2910.51,3,1,0,0,0,171.19,10,12,2,0,1,1,-5.27,17,10.7,0
62,Male,British Columbia,12,79975.48,781,51231.55,7240.95,4053.94,2,1,0,0,1,0.0,16,34,2,2,0,0,-10.45,29,22.3,0
41,Female,Alberta,3,95052.32,714,29355.24,7771.81,2514.36,1,1,0,0,0,2862.37,43,20,2,4,0,0,11.24,26,34.95,1
37,Male,Alberta,1,76553.61,733,27133.77,5748.12,5038.34,1,1,0,0,0,3816.37,20,9,0,6,0,0,0.99,23,16.15,0
69,Female,British Columbia,7,67271.64,701,53532.44,6156.41,1675.28,1,1,0,0,1,2452.13,13,25,3,1,0,1,-7.13,11,17.2,0
25,Female,Ontario,4,81831.47,836,26128.97,6540.75,3266.39,2,1,0,0,0,2732.02,29,5,5,3,2,1,-4.68,35,20.6,0
63,Male,Ontario,1,93809.07,691,50290.4,7825.94,1630.83,2,1,1,0,0,1328.64,2,4,1,2,1,1,1.62,18,2.7,0
67,Female,British Columbia,13,116739.87,730,73664.64,9974.37,2570.62,2,1,1,0,0,2225.37,43,7,6,0,0,0,18.63,35,30.4,0
40,Female,Ontario,10,102613.82,706,5744.48,7506.25,1505.1,2,1,0,1,0,4409.31,39,7,4,2,0,0,-11.02,41,27.8,0
33,Male,Alberta,4,37613.08,749,90265.38,4031.1,1214.84,2,1,1,0,0,3338.03,21,27,8,2,0,1,0.16,26,23.1,0
37,Male,Ontario,12,113545.61,658,42391.46,8738.29,3378.85,1,0,0,0,0,0.0,5,29,0,0,0,0,13.16,27,13.4,0
67,Female,Ontario,10,127288.99,633,44018.54,10138.2,3012.06,2,1,0,1,1,3636.99,13,8,0,1,0,0,-15.07,8,11.25,0
57,Female,British Columbia,0,131009.81,850,43616.57,10789.24,3317.48,2,0,0,0,0,0.0,28,33,2,3,0,0,-3.72,17,29.75,0
30,Female,British Columbia,12,90815.11,662,58902.11,7896.46,1323.77,1,1,0,0,0,1843.14,23,33,6,2,0,1,-10.29,19,26.5,0
66,Female,Quebec,10,96830.47,644,29855.04,8242.5,686.77,1,1,1,0,0,929.9,44,32,0,3,1,1,-5.19,37,39.8,0
63,Female,Ontario,11,103851.2,838,39955.01,7590.03,2230.57,2,1,1,0,0,1473.85,7,4,2,1,0,0,2.92,17,5.95,0
33,Male,Alberta,8,41704.76,626,55538.13,3323.98,3122.2,4,1,0,0,1,2367.62,34,21,4,0,0,1,-19.41,45,29.45,0
26,Male,Alberta,11,141380.84,833,86495.33,11212.18,2756.49,3,0,0,0,0,0.0,42,27,3,0,4,0,-6.83,40,36.75,0
32,Male,Alberta,4,82522.47,650,5850.88,7403.57,4872.34,1,1,0,0,0,1261.37,38,34,8,4,0,1,15.55,26,36.6,0
34,Male,Ontario,1,60937.01,618,53111.26,5060.19,5112.52,1,1,0,0,1,1997.63,23,16,5,1,0,0,-0.15,49,20.55,0
51,Male,Ontario,2,57710.21,709,0.0,4565.92,3218.74,1,1,1,0,0,2627.51,28,18,7,1,1,0,-3.14,24,24.5,0
40,Male,British Columbia,15,60681.65,723,0.0,5038.94,3861.97,2,1,1,0,1,601.2,33,27,1,2,0,2,1.56,16,30.9,0
40,Female,Ontario,7,72775.79,688,0.0,5798.18,2377.6,2,1,0,0,0,1958.09,14,21,2,3,0,0,-21.45,40,16.45,0
52,Male,British Columbia,11,147468.82,779,81755.36,12759.41,3925.01,3,1,1,0,0,2243.67,1,26,6,1,0,0,34.01,33,9.75,0
36,Male,Ontario,1,56286.03,731,10846.98,3702.14,3399.83,2,1,1,0,0,471.99,44,7,2,1,1,1,9.93,26,31.05,0
34,Female,Ontario,4,136838.11,613,25138.33,10856.99,185.07,3,1,0,0,0,2328.67,36,9,6,1,0,1,15.07,32,26.55,0
67,Male,British Columbia,0,120809.47,716,47004.23,9919.62,4431.0,1,1,0,1,0,2271.77,16,31,3,2,1,0,19.36,29,21.25,0
50,Female,Quebec,7,26498.33,587,87852.32,2277.09,364.83,2,0,1,0,0,0.0,31,13,1,2,1,0,-1.89,34,24.7,0
45,Male,Alberta,12,70658.8,695,56093.65,6722.54,3536.2,2,1,0,0,0,3151.71,31,1,1,3,0,2,12.04,18,20.5,0
61,Male,Alberta,5,88741.86,783,46156.02,6936.28,3754.37,2,1,0,1,1,1340.14,14,14,8,0,0,1,-3.76,7,14.0,0
29,Female,Quebec,11,122995.46,825,54170.32,9315.63,2509.83,3,1,0,0,0,3815.6,28,5,2,1,1,1,-1.4,22,19.95,0
33,Female,Ontario,14,81052.58,660,9575.67,6620.49,3018.43,1,1,0,0,0,1951.02,24,10,4,4,0,2,-16.58,34,19.1,0
49,Male,Ontario,4,64454.69,696,15473.16,5315.22,3812.0,1,0,0,0,1,0.0,25,13,5,2,2,0,-6.83,11,20.8,0
63,Male,Ontario,9,107809.13,751,50632.5,7896.6,841.91,2,1,0,1,0,1095.75,27,11,2,1,0,0,12.94,36,21.4,0
39,Female,Ontario,2,87313.26,644,24908.51,7553.87,4997.83,4,1,0,0,0,3376.8,28,0,4,5,0,0,19.69,44,18.2,0
42,Male,Quebec,0,84300.2,815,71761.67,6511.11,1713.22,1,1,0,0,1,1877.79,10,15,5,1,1,0,11.35,13,11.75,0
46,Female,Alberta,7,88993.01,709,48462.61,6399.38,1582.69,4,1,0,0,0,0.0,28,3,1,5,0,0,8.51,33,19.25,0
69,Male,Alberta,8,68495.11,729,61070.19,6680.08,3255.11,1,0,0,0,0,0.0,20,28,6,5,0,0,23.16,34,22.8,0
69,Male,Ontario,4,85607.08,694,36615.79,7875.9,4503.21,2,1,0,0,0,2271.46,8,13,5,0,0,0,22.76,20,9.75,0
32,Female,Ontario,10,83010.22,650,9324.93,6477.26,2340.76,2,0,0,1,0,0.0,32,19,0,2,0,0,3.88,50,27.45,0
55,Male,Ontario,7,121702.91,643,63669.37,10534.69,2642.95,2,1,0,0,1,3104.03,2,29,1,1,0,0,-1.39,46,11.45,0
31,Male,British Columbia,1,85287.96,646,42460.51,6713.04,2247.47,3,1,0,0,0,2958.94,43,5,4,2,1,0,13.14,28,29.7,0
49,Male,Ontario,0,99760.25,811,3891.3,8023.75,50.0,1,1,0,0,0,2806.87,20,30,3,1,0,0,27.95,33,23.5,0
58,Female,Ontario,14,86807.79,609,47937.76,6435.47,2722.81,2,1,1,1,0,3040.64,19,25,8,4,0,1,17.22,26,21.1,0
48,Male,Quebec,2,148165.57,563,55575.75,12222.22,1728.72,3,1,1,0,1,2581.89,41,27,2,4,0,1,-9.3,40,36.1,0
51,Female,Alberta,8,130212.31,850,19369.94,11065.11,3280.55,1,1,1,1,0,0.0,44,0,1,0,0,0,-7.72,36,28.6,0
43,Female,Quebec,6,92996.95,688,31796.91,8573.17,814.3,1,1,1,0,1,1933.69,20,30,1,1,0,1,-9.3,31,23.5,0
67,Female,British Columbia,12,53169.11,641,66038.56,3997.02,2022.51,2,1,0,1,0,1264.6,35,0,3,4,0,0,19.74,22,22.75,0
34,Male,Quebec,12,99247.54,682,51198.92,7606.78,2188.2,2,1,1,0,1,398.42,42,24,0,0,0,0,-5.23,17,35.7,0
70,Female,Alberta,14,121211.39,534,19820.62,9696.67,5486.01,1,1,0,0,0,414.22,19,6,6,4,0,2,-4.66,42,14.45,1
56,Male,Alberta,1,73542.77,687,54887.47,6302.75,3396.18,1,1,1,0,1,0.0,2,22,0,3,0,0,-7.11,27,9.0,0
29,Female,British Columbia,11,104738.7,639,2586.34,9435.42,2665.35,2,0,0,0,0,0.0,38,32,0,3,1,0,-14.86,49,35.9,0
41,Male,British Columbia,8,88883.3,529,84708.52,7399.75,3915.43,1,0,1,0,1,0.0,5,23,1,4,0,1,-16.77,1,11.3,0
75,Male,Ontario,13,31257.65,552,80765.36,1783.48,1652.66,2,1,0,0,0,1999.28,5,4,2,4,0,0,15.07,26,4.65,0
55,Female,Quebec,10,94376.39,713,37975.99,7258.82,1367.72,2,0,1,0,0,0.0,9,3,7,1,1,0,-0.65,21,6.9,0
63,Male,British Columbia,2,52517.11,666,16517.17,4615.04,6231.24,1,1,0,1,0,1993.49,25,15,8,0,0,0,-6.24,44,21.5,0
53,Male,Alberta,4,113256.46,636,1166.1,8011.57,1524.74,1,1,0,0,0,901.6,22,17,2,3,1,0,10.44,46,20.25,0
69,Male,British Columbia,10,58133.41,748,12441.51,5302.28,2441.38,1,1,0,1,0,1167.68,23,5,4,3,0,0,24.44,48,16.7,0
71,Female,Ontario,15,79425.17,474,29458.53,5890.22,425.94,2,1,0,0,0,378.12,13,30,3,3,0,2,15.74,21,18.95,0
55,Female,Alberta,8,87348.33,514,44079.72,6092.47,745.68,2,0,0,0,0,0.0,42,2,5,0,0,0,16.55,16,28.0,0
32,Female,Alberta,5,117094.15,779,104198.97,10093.97,2866.56,1,1,0,0,0,2277.3,10,15,4,2,1,0,-17.49,34,11.75,0
55,Female,British Columbia,14,127971.34,705,59194.16,11315.16,2764.93,3,1,0,0,0,0.0,42,8,0,1,1,1,-22.97,10,30.1,0
54,Male,Quebec,0,116258.19,850,31968.05,9103.91,2166.49,4,0,0,0,0,0.0,29,13,8,2,0,2,-4.7,36,23.4,0
55,Male,Alberta,2,96638.86,805,0.0,7926.94,4153.34,1,1,1,0,1,2555.64,9,22,5,1,1,1,10.55,45,13.55,0
51,Male,Alberta,4,48954.63,722,38780.78,4130.73,3024.22,3,1,0,0,0,2807.06,42,31,7,2,0,0,-21.51,30,38.15,0
32,Female,Ontario,9,80187.74,714,14036.86,7143.11,3016.6,2,1,1,0,0,2230.51,6,7,1,2,0,2,9.2,32,6.35,0
27,Male,Ontario,6,109125.86,706,49930.56,10091.28,322.57,2,0,1,0,0,0.0,5,32,2,2,1,1,-25.5,23,14.45,1
62,Male,Ontario,7,54432.8,828,31933.75,5381.15,2215.98,3,1,1,0,0,911.55,33,17,2,2,0,1,8.7,39,27.4,0
69,Male,Quebec,10,85364.94,582,66934.85,7624.56,2878.81,1,1,0,0,0,1076.71,27,15,8,2,1,0,-13.07,27,22.8,0
36,Male,Quebec,1,46046.64,845,34591.04,3861.2,3409.81,2,1,0,0,1,369.06,39,30,6,3,0,0,3.97,10,35.85,0
38,Male,Ontario,9,101050.01,572,3748.72,9339.01,2449.45,2,0,0,0,0,0.0,15,13,4,1,0,0,-10.71,22,14.3,0
71,Female,Quebec,15,66776.44,621,136370.13,5775.29,3321.6,1,0,1,0,1,0.0,36,0,0,1,0,0,4.65,27,23.4,0
25,Male,British Columbia,2,39002.56,787,35509.66,3070.45,2327.66,3,1,0,0,1,3144.07,10,5,7,2,0,0,5.94,30,8.25,0
27,Female,Ontario,8,123019.81,648,27002.01,9467.37,5482.5,3,0,0,1,0,0.0,18,15,0,3,0,0,16.62,10,16.95,0
26,Male,Ontario,3,84112.16,623,23736.58,6809.59,723.12,2,1,0,0,0,1635.87,44,27,8,2,0,0,-0.02,32,38.05,0
38,Male,Ontario,0,120408.05,590,39585.28,10436.79,2193.97,2,1,1,0,1,2571.91,32,12,1,3,0,0,-3.12,39,25.0,0
26,Female,Ontario,11,91864.91,663,34211.01,8123.98,2727.62,1,1,0,0,0,770.83,18,0,2,0,1,0,21.26,16,11.7,0
24,Female,Ontario,15,145054.04,815,11500.3,12117.24,2104.36,1,1,1,0,0,1926.81,30,3,5,0,0,0,11.18,36,20.55,0
44,Female,British Columbia,7,52531.39,620,0.0,3296.84,2796.84,4,0,1,0,0,0.0,6,2,1,1,1,0,-18.33,12,4.6,0
69,Female,Alberta,5,113975.86,791,59389.22,8954.26,4469.59,1,1,0,0,1,2148.3,27,7,0,1,0,0,2.19,6,20.0,0
69,Female,Quebec,7,66117.84,658,4837.29,6354.54,3033.37,1,1,0,1,1,3992.72,27,2,5,0,0,1,17.77,50,18.25,0
36,Female,Quebec,12,98164.73,768,32513.91,7848.96,757.49,2,1,1,0,0,3109.12,29,16,5,1,0,1,-2.87,29,24.45,0
26,Male,Quebec,5,46228.44,718,45462.48,2412.02,2612.04,1,1,1,1,0,3120.05,3,6,2,5,0,0,6.91,23,4.05,0
63,Female,Quebec,15,86923.49,673,55946.77,7206.25,2782.01,1,1,0,0,1,593.98,26,23,2,3,0,0,-27.99,22,24.95,0
60,Male,British Columbia,0,112700.11,633,26823.98,8804.76,2241.77,2,1,0,1,0,3259.84,17,20,8,4,0,0,13.83,26,18.05,0
37,Male,Ontario,4,95629.18,695,49061.75,8280.86,2681.49,2,0,1,0,0,0.0,41,30,6,1,0,0,-10.92,28,37.15,0
53,Female,British Columbia,14,60403.55,608,23082.95,4625.91,2345.65,2,1,0,0,0,2926.89,25,22,6,0,0,0,-0.86,26,23.95,0
22,Female,Ontario,8,123067.96,663,66772.7,10996.03,2845.04,1,1,1,0,0,1476.4,42,14,8,2,1,0,-9.29,9,32.2,0
32,Female,Quebec,10,90852.84,697,0.0,7446.54,3520.73,1,1,1,1,1,886.08,28,27,7,1,0,0,12.39,16,27.65,0
66,Male,Alberta,1,60732.85,850,69158.22,5614.88,1037.18,4,1,0,1,1,3298.86,43,11,6,2,0,1,-11.18,1,31.8,0
55,Female,British Columbia,9,74668.84,553,30811.85,6010.18,7127.98,3,1,1,0,0,1097.8,35,25,6,2,0,0,3.06,45,31.5,0
34,Male,British Columbia,4,115781.15,639,99874.63,9870.09,3641.54,1,0,1,0,0,0.0,3,20,1,3,1,0,-5.8,37,8.95,0
39,Female,Ontario,6,113846.7,710,89587.36,10227.31,1703.46,1,1,0,0,1,1496.13,11,27,0,1,0,0,-1.51,38,16.6,0
53,Male,Alberta,6,92165.95,744,11049.25,6910.75,2193.88,3,1,0,0,0,2348.45,42,9,0,2,1,0,3.75,31,30.45,0
71,Female,Quebec,15,111066.08,794,35672.54,9562.7,5955.87,2,1,0,1,0,1452.34,7,21,7,2,0,1,-11.18,22,11.9,0
49,Male,Alberta,7,99790.79,746,55864.61,8579.02,1874.24,1,0,1,0,0,0.0,40,24,3,1,1,0,3.92,21,34.4,0
61,Male,British Columbia,11,55895.1,607,60102.83,4562.95,2269.94,2,0,0,0,0,0.0,5,26,1,3,0,0,-0.05,36,12.35,0
23,Female,Ontario,10,90085.83,799,43711.21,7284.59,4798.24,1,1,0,1,0,3103.59,17,3,2,2,1,2,17.65,32,12.1,0
69,Female,British Columbia,7,92074.25,642,70015.36,7775.69,2520.72,2,0,0,0,0,0.0,6,34,6,1,0,1,1.7,50,15.8,0
32,Female,Ontario,1,105010.24,836,37203.69,8367.39,2615.42,1,1,0,0,0,2681.16,32,15,8,1,0,0,-21.07,36,26.05,0
21,Female,British Columbia,13,97797.39,580,52313.53,8331.42,2620.98,1,1,0,0,0,2579.27,37,12,6,2,0,0,1.68,31,28.25,0
40,Male,Quebec,9,94733.87,650,25155.27,8192.42,2088.74,1,1,0,0,0,1977.35,1,34,5,2,0,1,-3.8,22,12.55,0
56,Female,Alberta,13,91349.73,716,1088.44,7477.89,1621.72,1,1,0,1,0,1556.85,22,22,2,2,0,0,-18.19,41,22.0,0
30,Male,Quebec,1,76728.43,713,24783.78,6162.59,2180.57,2,1,0,0,0,2102.04,38,9,3,0,0,0,12.76,32,27.85,0
54,Female,Alberta,11,124889.31,633,73392.36,10692.16,4304.53,1,1,1,0,0,1604.4,28,6,7,1,0,1,18.92,31,20.3,0
21,Female,Ontario,13,111644.76,548,11800.41,9788.98,825.33,1,1,0,0,1,2399.36,12,12,8,1,0,0,-7.9,62,12.0,0
41,Female,British Columbia,12,109434.9,743,48493.96,9447.04,2220.82,3,1,0,0,1,1931.15,38,10,3,2,0,2,22.33,18,28.2,0
51,Female,Ontario,9,83874.96,591,40085.17,7480.68,2520.65,3,1,0,1,0,2030.72,13,24,2,2,0,0,5.27,33,16.85,0
74,Male,British Columbia,8,48908.99,610,50738.18,3718.51,3057.3,3,1,1,0,0,1844.07,14,25,1,1,0,0,3.21,33,17.85,0
48,Male,Quebec,15,55559.78,631,56468.08,5146.59,3188.45,2,1,0,0,0,3141.8,24,8,5,1,0,0,16.87,58,18.4,0
51,Female,Ontario,1,60740.78,806,62268.19,4863.67,3578.53,2,1,0,1,1,1373.3,31,25,2,1,1,0,7.75,30,28.9,0
74,Male,Ontario,11,32202.23,850,55102.33,3071.31,50.0,2,1,0,0,0,1482.88,15,28,0,2,0,0,-8.39,34,19.55,0
68,Female,Ontario,7,51596.45,815,33474.73,3134.59,2199.93,2,1,1,0,0,1996.71,10,23,7,3,1,0,-6.03,39,14.55,0
60,Female,Ontario,4,71517.67,652,37292.67,6493.39,2345.3,1,1,0,1,0,4450.32,22,1,4,0,1,0,-3.51,32,14.65,1
25,Male,Ontario,6,77896.48,633,65936.39,6769.43,849.22,2,1,0,0,0,2165.82,6,15,1,3,1,0,-7.09,29,9.15,0
39,Male,Quebec,4,52667.03,616,68236.72,4250.6,3979.43,1,0,0,0,0,0.0,19,34,1,0,1,1,-11.94,34,24.25,0
72,Male,Ontario,13,25000.0,796,51738.61,3159.76,2417.15,2,0,0,1,0,0.0,6,9,2,1,0,0,10.62,27,7.05,0
32,Male,British Columbia,10,71407.7,551,46430.99,5956.88,3006.81,2,1,1,0,0,894.45,41,3,4,2,0,0,0.49,14,27.7,0
29,Female,Quebec,4,141433.13,819,4216.69,11706.29,3613.28,1,1,1,0,1,2241.44,5,4,2,2,0,0,-2.8,37,4.65,0
27,Female,British Columbia,4,85979.12,651,22972.39,7743.01,3228.0,2,1,0,1,1,1192.36,41,10,3,2,0,0,2.36,25,30.15,0
45,Female,Ontario,0,91158.5,703,14719.2,7624.24,1448.36,2,0,0,0,1,0.0,33,9,3,2,1,0,-14.35,40,24.6,0
74,Female,Ontario,5,112725.57,811,67120.68,9474.63,1929.77,1,1,0,0,0,928.25,40,33,2,2,1,0,13.09,38,37.55,0
48,Female,Ontario,2,75082.75,521,12854.09,6150.45,844.25,1,1,1,0,0,1042.52,10,4,4,2,0,0,15.01,38,7.9,0
40,Male,British Columbia,3,64380.95,592,0.0,5183.87,685.64,1,1,0,0,1,2231.04,2,11,6,3,2,0,0.45,19,5.15,0
35,Male,Ontario,9,115132.96,559,66486.09,9488.78,2266.07,1,1,0,0,0,2257.45,29,26,5,2,0,1,-3.57,30,27.95,0
60,Female,Ontario,9,95380.58,679,29070.89,7253.5,2138.05,1,1,1,1,0,1479.71,34,3,4,1,0,2,8.72,29,23.15,0
64,Female,British Columbia,15,61184.65,706,12702.41,4917.27,4535.62,3,1,0,1,0,1323.68,20,7,3,5,0,1,-0.26,37,15.45,0
56,Male,Alberta,12,90442.61,698,68808.54,7723.22,4147.54,1,1,0,0,0,1897.83,32,10,3,3,0,1,0.61,27,24.3,0
31,Male,British Columbia,2,35767.7,749,35095.24,2052.75,1456.57,2,1,0,0,0,1910.79,26,29,8,0,0,0,-13.69,33,27.05,0
31,Male,Ontario,14,25000.0,672,0.0,3440.37,964.92,1,1,0,1,0,1785.2,24,14,3,1,0,0,-12.52,11,20.5,0
73,Male,British Columbia,11,73719.49,639,0.0,5859.77,2141.48,2,1,0,0,0,2061.02,39,12,4,2,0,0,-12.24,38,29.55,0
70,Male,British Columbia,8,80346.53,668,51791.25,7920.56,2819.33,2,1,0,0,1,668.39,37,5,3,1,0,0,-3.44,21,25.8,0
43,Male,Quebec,8,67910.65,638,28715.63,6911.28,4342.26,1,1,0,0,0,1449.62,10,11,6,3,0,0,-19.6,27,10.35,0
28,Male,British Columbia,14,74455.59,639,51493.3,6500.34,1541.53,3,1,0,0,1,1354.42,35,22,5,3,0,0,-8.26,31,30.45,0
39,Male,Ontario,3,140228.06,699,67818.79,11506.19,4343.63,2,1,0,1,1,1464.13,3,29,2,1,0,0,-12.97,45,12.1,0
50,Female,British Columbia,9,119633.74,594,9699.97,9716.56,3145.04,1,1,0,1,0,2948.95,15,22,6,2,2,0,9.21,32,17.45,0
75,Male,Ontario,8,79327.13,772,61887.58,6815.12,96.84,1,1,1,0,0,2864.56,44,4,6,2,0,0,-10.44,28,30.0,0
66,Female,Ontario,12,34496.06,850,39184.96,2884.47,1647.55,1,0,0,1,1,0.0,22,7,7,2,2,0,8.28,13,16.75,1
47,Female,British Columbia,7,42619.22,850,44046.62,2800.63,3177.82,2,1,1,0,0,620.66,14,20,2,2,1,1,6.91,35,16.1,0
29,Female,British Columbia,15,112633.32,595,51972.64,10115.96,3141.58,2,0,1,0,0,0.0,1,29,2,2,1,1,-1.78,15,10.8,0
23,Female,Quebec,3,55849.53,709,38861.08,4872.45,2265.57,3,1,0,0,0,1247.64,22,0,8,1,0,0,-10.43,45,14.3,0
63,Female,Alberta,10,85872.74,582,34723.89,7662.3,2522.07,2,1,0,0,0,1119.77,22,0,1,1,1,0,0.14,27,14.3,0
25,Female,Quebec,8,107339.32,537,54986.22,9164.25,1281.63,1,1,0,1,0,4132.78,24,5,0,0,0,1,0.51,35,17.35,0
57,Female,Quebec,11,120007.82,712,77338.92,10174.65,2557.3,1,1,0,0,0,914.68,28,8,6,1,0,1,-23.01,36,21.0,0
26,Female,Ontario,8,142512.81,708,94169.54,12997.71,112.32,1,1,1,0,1,503.45,10,31,5,3,1,0,10.78,26,17.35,0
57,Female,Ontario,11,103073.18,633,81643.12,7676.02,3845.94,2,1,0,0,0,565.41,40,18,0,1,0,2,-10.17,33,32.3,0
54,Female,British Columbia,13,56745.88,691,45040.27,4480.23,2011.71,4,1,1,0,0,0.0,13,8,8,2,0,0,19.86,36,11.25,0
44,Male,British Columbia,13,98707.13,592,53061.26,8090.41,2878.51,4,1,0,0,0,1405.22,2,21,7,0,0,0,11.29,22,8.65,0
44,Female,Ontario,10,133211.69,714,98301.37,10941.11,1099.2,2,0,1,0,0,0.0,42,15,3,2,0,1,-18.51,28,32.55,0
29,Female,Ontario,0,73278.8,747,84858.79,6296.73,2323.79,4,0,1,0,0,0.0,38,20,4,5,0,0,-8.36,33,31.7,0
65,Male,Quebec,14,80353.44,677,43134.15,6319.86,4184.04,1,1,0,0,1,1239.08,1,7,5,2,0,1,14.3,34,3.1,0
44,Female,Ontario,14,67675.75,607,34956.15,4816.54,50.0,1,0,0,0,0,0.0,15,34,8,1,0,0,0.55,60,21.65,0
59,Male,Quebec,14,94010.75,671,59891.9,6838.68,3050.63,3,1,1,0,0,4432.32,35,22,0,2,0,1,-1.04,53,30.45,0
48,Female,Alberta,9,61915.41,675,0.0,5009.36,4780.61,3,1,0,0,0,2442.4,11,27,4,2,0,0,-20.3,36,16.6,0
69,Female,Ontario,2,65259.5,850,63804.72,4944.65,2125.45,2,1,0,0,0,2125.02,22,10,0,3,1,1,4.11,54,17.8,0
25,Female,Quebec,10,118986.29,809,28665.83,10557.05,711.94,3,1,0,1,0,259.03,35,15,8,3,1,0,10.66,43,28.0,0
55,Female,Quebec,2,115462.37,696,0.0,10560.61,2695.96,2,0,0,0,0,0.0,2,18,5,2,1,0,-16.42,35,7.6,0
45,Male,British Columbia,2,58513.95,701,47845.57,5270.5,3510.76,2,0,1,0,1,0.0,7,13,5,3,0,1,6.96,12,9.1,0
32,Female,Alberta,6,106878.05,574,38209.93,9133.6,3053.86,1,1,1,0,1,2448.75,41,5,6,2,1,0,-12.87,19,28.4,0
51,Female,British Columbia,12,41789.37,586,19367.22,3206.29,2865.62,4,1,0,1,0,1343.34,0,4,2,1,1,0,30.17,24,1.4,0
74,Male,Quebec,14,76542.34,621,18981.35,6900.69,3670.2,1,1,0,0,1,2915.62,44,24,2,4,0,0,5.87,34,37.0,0
37,Male,Alberta,1,96368.64,727,44800.14,7482.84,1354.31,1,0,0,1,0,0.0,32,32,5,2,0,1,-11.38,20,32.0,0
60,Female,Alberta,2,79909.82,697,8.2,5991.52,68.15,2,1,0,0,0,1738.47,29,0,1,4,0,1,-2.14,27,18.85,0
74,Male,Ontario,0,84975.1,850,26039.15,7022.08,3452.94,3,1,0,0,0,3031.25,0,22,6,1,0,1,22.49,40,7.7,1
75,Female,Quebec,0,64261.15,632,109909.75,6018.56,4946.46,1,1,0,0,0,1998.19,18,22,3,1,1,0,12.09,18,19.4,0
50,Male,Quebec,7,93589.71,784,57740.01,7117.21,1618.87,1,1,1,1,0,0.0,29,14,3,0,2,0,-26.24,18,23.75,0
37,Male,Alberta,8,124133.97,612,50021.29,9590.89,3188.71,1,1,1,0,1,257.75,5,27,7,2,1,0,-3.16,8,12.7,0
51,Male,Alberta,9,77437.08,681,56008.23,7407.46,651.8,3,1,0,0,0,1951.59,7,23,4,1,1,0,-18.85,48,12.6,0
44,Male,Alberta,8,134978.17,660,26838.31,11533.35,1121.99,2,1,1,0,0,989.12,4,33,5,4,0,2,3.94,38,14.15,0
56,Female,Alberta,7,142585.67,614,85558.63,12644.49,560.77,1,0,0,0,0,0.0,44,18,6,3,2,0,-1.3,44,34.9,0
60,Male,Quebec,8,78471.5,641,17079.05,6610.3,5166.05,2,1,1,0,0,3574.77,28,10,4,5,0,0,7.95,13,21.7,0
49,Male,Quebec,4,130394.37,547,28456.62,10653.62,2472.65,2,1,0,1,1,2090.77,0,10,3,1,1,0,5.32,25,3.5,0
55,Female,Alberta,15,73384.01,732,16305.81,5533.01,1199.47,2,1,0,0,0,2845.45,8,7,8,3,0,0,-1.91,22,7.65,0
34,Male,Ontario,11,110538.13,621,44806.58,10498.12,1944.13,2,1,0,0,0,1850.42,6,21,1,0,0,0,-7.17,55,11.25,0
48,Female,Quebec,2,62513.41,599,67299.34,5057.3,1176.42,2,1,0,0,0,596.54,6,26,6,1,0,0,7.22,37,13.0,0
55,Male,Ontario,10,96070.61,628,25466.75,6771.27,3800.16,3,1,0,0,1,2579.88,39,28,2,2,0,1,11.66,25,35.15,0
55,Female,British Columbia,4,81582.77,683,36702.99,6731.56,5685.64,2,1,1,0,0,4453.95,36,26,1,0,1,0,7.92,21,32.5,0
24,Male,Ontario,13,87601.94,831,49112.37,7406.79,124.97,1,1,1,1,0,2781.59,1,1,7,0,0,0,0.62,23,1.0,0
62,Male,British Columbia,8,52598.6,790,63303.74,5265.97,3104.9,3,1,1,0,0,1411.8,40,15,4,5,0,1,2.0,20,31.25,0
61,Female,Ontario,13,72832.72,548,0.0,4773.27,3697.06,3,1,0,1,1,2342.17,29,6,6,2,0,0,-8.01,32,20.95,0
37,Male,Quebec,13,117150.69,711,67455.31,10201.68,3325.72,3,1,1,0,0,894.75,43,29,6,2,3,0,6.95,20,38.1,0
58,Female,Alberta,8,50638.29,737,42759.36,4866.45,3903.78,2,1,0,0,0,1832.53,41,14,0,2,0,0,1.96,32,31.55,0
68,Male,Ontario,12,55565.15,753,50249.17,4651.86,2419.46,1,1,0,0,0,3185.24,40,1,6,2,0,0,-6.25,15,26.35,0
28,Male,Ontario,14,82340.59,651,11408.48,6116.34,1757.97,1,1,0,0,0,1358.89,0,26,3,0,0,1,5.86,44,9.1,0
53,Female,Ontario,0,108031.55,462,38746.97,9167.1,3873.58,3,1,0,0,0,1710.43,41,23,2,2,1,0,-2.43,27,34.7,0
40,Female,Ontario,1,94715.29,732,0.0,8311.49,3127.95,2,0,1,0,0,0.0,7,34,2,1,0,0,-27.85,16,16.45,0
52,Male,Quebec,0,140749.31,702,23727.65,12041.26,2265.87,1,1,0,0,0,2237.06,39,23,4,4,0,1,5.98,48,33.4,0
44,Male,Ontario,13,44529.03,667,9063.4,2566.32,2453.42,2,1,1,0,1,1423.17,0,0,5,3,0,0,-0.97,33,0.0,0
27,Male,Quebec,10,78834.25,625,31954.89,6761.32,1835.55,1,0,0,0,0,0.0,3,10,6,1,0,0,-20.51,44,5.45,1
21,Male,Ontario,14,92801.69,828,58288.78,8903.63,2974.31,1,1,1,0,0,1839.78,24,6,6,4,0,1,-4.43,24,17.7,0
40,Female,Ontario,9,127724.64,593,68469.07,10457.73,1868.09,2,1,0,0,1,3257.28,19,22,3,3,0,0,-12.77,12,20.05,0
29,Female,Ontario,0,112770.63,621,8823.11,9500.7,2729.24,4,0,0,1,1,0.0,26,16,7,0,2,0,-23.36,23,22.5,0
72,Male,Ontario,14,44806.73,687,50056.22,2822.7,783.06,1,1,0,0,1,1613.31,5,16,4,3,1,1,3.6,53,8.85,0
30,Male,Ontario,15,115155.12,659,3909.12,10208.76,4625.99,2,0,0,0,1,0.0,13,27,8,2,0,3,2.72,34,17.9,0
62,Male,Ontario,4,107955.97,785,88600.22,9532.24,50.0,1,1,0,1,1,2804.62,23,17,7,5,0,0,24.38,50,20.9,0
49,Male,Alberta,10,80065.81,573,35461.51,7119.65,1710.73,2,1,1,0,1,3703.97,33,18,8,1,0,1,13.36,38,27.75,0
67,Male,Ontario,10,125916.87,599,56693.05,9927.71,1552.61,2,1,1,1,0,58.87,20,9,4,3,0,0,-2.29,28,16.15,0
29,Female,British Columbia,15,76351.87,610,0.0,6443.28,1284.38,1,1,0,0,1,3047.6,35,1,3,1,0,0,-1.96,26,23.1,0
60,Female,British Columbia,2,132828.77,663,29072.25,12703.0,957.82,1,1,1,1,0,3902.04,4,23,7,1,1,1,6.78,43,10.65,1
49,Female,Quebec,3,67761.86,598,31648.92,5003.6,2627.69,3,1,0,0,0,1007.94,24,20,7,3,0,1,13.61,29,22.6,0
73,Female,Alberta,4,104939.11,717,71782.55,9107.75,1820.39,3,1,0,0,0,1988.5,10,11,0,2,2,0,9.92,12,10.35,0
28,Female,Alberta,8,80330.0,751,14238.43,7738.98,3592.03,2,1,0,0,0,1410.62,26,30,5,1,0,0,-0.75,19,27.4,0
56,Male,Ontario,9,49538.82,787,11380.9,4290.21,2837.68,3,1,1,0,0,1668.87,21,10,6,9,1,0,22.45,31,17.15,0
67,Male,Ontario,14,92432.96,660,0.0,8155.84,4454.01,3,1,0,0,0,4298.96,22,14,2,2,0,0,-2.5,54,19.2,0
50,Female,Alberta,12,67806.64,829,466.08,5629.46,3984.15,2,1,0,0,0,1353.99,21,28,0,3,0,0,-8.39,35,23.45,0
66,Female,Alberta,0,78905.51,724,35693.38,6388.27,4113.87,3,0,0,0,0,0.0,41,14,1,0,0,0,-0.59,38,31.55,0
56,Male,Ontario,15,52429.61,661,13337.68,4546.66,977.43,2,1,0,0,0,3277.88,24,11,2,0,0,0,-0.83,34,19.45,0
23,Female,British Columbia,3,39692.11,643,45874.57,4092.23,3965.8,3,1,0,0,1,2632.58,28,3,1,3,0,0,2.47,22,19.25,0
54,Female,British Columbia,15,48593.13,734,23968.56,3377.68,4283.67,1,1,1,0,0,2457.78,11,9,4,0,0,1,-10.94,32,10.3,1
48,Male,British Columbia,14,80998.29,614,19757.03,6527.78,3244.09,1,1,1,0,0,1381.8,41,25,2,0,0,1,-20.92,10,35.4,0
32,Male,British Columbia,9,85346.74,706,24294.49,6898.07,2862.85,2,0,0,0,1,0.0,39,13,8,1,1,0,13.49,44,29.9,0
52,Male,Alberta,2,119763.56,786,9296.35,10040.73,3595.4,1,0,0,0,0,0.0,8,15,4,1,0,1,-2.43,34,10.45,0
33,Male,British Columbia,4,31921.13,641,47287.32,3164.88,3160.03,1,1,1,0,1,2893.4,34,19,4,0,0,0,-13.72,41,28.75,0
68,Male,Alberta,5,35467.91,723,81697.06,2094.41,4604.53,3,1,0,1,0,1658.77,16,33,7,3,0,0,18.82,36,21.95,0
59,Male,Ontario,3,41787.42,788,51315.3,3345.37,3078.74,2,1,1,0,1,1163.84,21,1,5,0,0,0,12.34,39,14.0,0
33,Female,Alberta,1,60338.7,483,11851.76,5501.16,2716.61,2,1,0,0,0,2379.34,18,30,8,2,0,2,-4.44,40,22.2,0
68,Male,Ontario,0,124004.49,752,44480.91,10944.3,6032.58,1,1,0,0,0,4073.37,17,34,1,0,0,0,6.61,37,22.95,0
51,Male,Alberta,5,29806.41,693,61526.94,2097.37,2792.14,1,1,0,1,1,3107.02,9,3,7,2,1,0,16.54,49,6.9,0
23,Male,Quebec,10,99290.77,638,55503.75,8431.94,139.91,3,0,0,0,0,0.0,22,21,1,4,1,0,16.19,36,21.65,0
28,Female,Alberta,13,66516.68,649,35221.19,6499.1,1258.53,1,1,0,0,0,2870.76,26,6,2,1,1,0,8.72,15,19.0,0
57,Female,Quebec,1,130747.13,760,17895.14,10842.31,829.98,1,0,0,0,0,0.0,29,4,7,3,0,0,2.93,48,20.25,0
47,Female,Quebec,2,91016.18,712,25298.23,6464.42,2705.68,2,1,0,0,1,2759.71,17,13,4,5,1,0,-6.74,27,15.6,0
54,Male,Ontario,15,92804.99,730,47554.25,7292.6,2218.61,3,1,1,0,1,2906.81,38,3,2,2,1,0,-15.68,24,25.75,0
26,Male,Alberta,0,59600.54,803,28633.18,5442.73,2472.6,2,1,0,0,0,1473.65,38,4,6,1,0,0,9.39,44,26.1,0
58,Female,Ontario,12,127670.1,814,4806.39,11451.92,4098.56,3,1,0,0,1,1552.31,20,0,7,2,1,0,12.36,15,13.0,0
71,Female,Quebec,11,112018.44,726,53120.32,9239.7,3755.7,1,1,1,1,0,471.15,3,10,4,1,1,0,-12.71,32,5.45,0
71,Male,Alberta,5,69357.11,667,52591.78,6341.14,647.71,1,1,1,0,1,1214.35,33,17,8,3,0,0,-11.0,36,27.4,1
46,Female,British Columbia,14,71150.33,697,70261.47,4968.75,1137.51,2,1,1,1,0,1100.34,10,31,0,2,0,0,7.7,23,17.35,0
54,Male,Quebec,10,83761.92,787,33254.36,6500.62,2288.98,2,1,0,0,0,2281.54,20,17,6,1,1,0,24.93,17,18.95,0
42,Female,Alberta,5,122004.72,633,51721.65,10281.61,4474.74,2,0,0,0,0,0.0,3,20,5,1,0,1,5.08,23,8.95,0
37,Female,Ontario,8,58799.6,648,48759.75,4050.13,3622.17,1,1,0,0,0,1963.6,26,7,2,2,0,0,15.82,29,19.35,0
24,Female,British Columbia,7,49589.5,753,90407.3,5330.74,5219.28,3,1,1,0,1,0.0,27,30,2,3,0,1,-1.87,35,28.05,0
29,Male,British Columbia,9,103618.37,688,45544.52,7938.17,3634.57,3,0,0,1,0,0.0,21,0,3,2,0,1,-11.19,29,13.65,0
73,Female,British Columbia,15,76371.2,616,50446.5,7080.64,2830.12,1,1,1,0,1,2755.62,6,11,3,0,0,0,-3.45,10,7.75,0
27,Male,Quebec,6,121327.23,716,3970.21,9069.61,3298.77,1,1,1,0,0,504.03,18,28,5,3,2,1,7.92,35,21.5,0
54,Male,Quebec,7,106691.71,664,56298.14,9454.23,2030.28,3,1,1,1,0,1596.31,29,20,4,3,0,0,5.89,26,25.85,0
27,Female,Alberta,0,103322.02,704,40647.8,8806.64,4773.77,2,1,1,1,1,2048.85,33,25,3,2,1,0,-23.92,36,30.2,0
21,Male,British Columbia,13,53215.45,648,109904.3,3949.5,5646.34,3,1,0,0,1,954.81,15,17,1,2,1,1,7.17,45,15.7,0
60,Female,Ontario,1,67272.1,826,29109.28,5961.43,1013.49,1,1,0,0,0,2994.8,20,23,2,2,0,1,4.9,24,21.05,0
46,Female,Ontario,10,58122.27,667,15618.06,4378.85,763.68,1,1,0,0,0,4425.57,32,5,2,1,1,1,3.11,31,22.55,0
69,Female,Ontario,11,60239.83,695,104533.23,4625.38,1697.79,2,1,0,0,0,2949.99,19,15,4,3,0,0,-3.11,14,17.6,0
38,Female,Ontario,5,63516.65,690,33972.81,4933.92,3273.58,4,1,0,1,0,2467.35,3,25,1,1,1,0,-6.66,1,10.7,0
72,Male,Ontario,6,70666.57,733,14102.47,6378.95,4166.17,1,1,0,0,0,2881.48,32,21,6,1,0,0,8.21,36,28.15,0
22,Female,Alberta,8,95792.79,723,130548.32,7980.82,1104.46,2,1,0,0,1,1718.06,11,18,4,1,1,0,22.04,23,13.45,0
33,Female,Ontario,12,65468.07,627,15079.52,6369.66,3300.02,1,1,0,1,0,3002.31,17,18,3,2,0,0,17.37,14,17.35,0
37,Female,Ontario,7,25000.0,665,0.0,2070.93,1538.44,1,1,0,0,0,1109.96,43,25,4,1,0,0,-1.97,24,36.7,0
60,Male,Quebec,7,119972.85,803,78645.1,10218.71,2874.38,2,0,0,0,0,0.0,9,17,5,2,0,0,-25.33,35,11.8,0
47,Female,Ontario,0,58825.31,752,0.0,4947.88,3894.82,4,1,1,0,0,3636.19,27,1,4,2,0,1,1.35,1,17.9,0
57,Male,Alberta,8,68650.7,788,36841.38,5264.71,685.86,2,1,1,0,0,1533.76,33,30,0,3,0,1,22.63,30,31.95,0
60,Female,British Columbia,8,57788.57,662,70420.57,4977.5,4369.02,2,1,0,0,0,1566.56,28,21,7,4,0,0,-1.84,41,25.55,0
74,Female,Alberta,0,73618.25,683,25867.14,5581.01,2936.48,1,1,1,1,0,2702.07,27,24,4,1,0,1,13.55,53,25.95,0
38,Male,Alberta,5,116309.19,688,78369.79,9267.55,1549.85,1,1,0,0,0,1059.24,38,7,7,1,1,0,-1.6,41,27.15,0
73,Female,Ontario,10,43516.3,633,30212.68,4126.12,3710.11,3,1,0,0,1,2263.81,28,8,2,4,1,1,-10.67,18,21.0,0
27,Female,Quebec,8,86831.22,802,62125.62,7150.78,2255.09,2,1,0,0,1,3807.57,34,21,4,1,0,0,-15.98,39,29.45,0
63,Female,Alberta,12,114640.76,600,96193.13,9762.67,1841.62,4,1,0,0,0,1253.2,10,4,8,1,1,0,7.07,32,7.9,0
48,Female,Ontario,3,151432.55,732,17143.25,12998.43,2373.69,1,1,0,0,0,4770.18,7,4,7,5,0,0,-12.85,37,5.95,0
21,Male,Alberta,8,76252.58,694,28082.78,6086.56,1664.88,1,1,0,1,0,1542.58,21,5,2,2,0,0,5.54,14,15.4,0
60,Female,Ontario,1,39778.5,739,28519.56,2854.58,3894.24,2,1,0,0,0,2346.26,36,15,8,0,0,1,-15.06,21,28.65,0
67,Male,Ontario,1,70552.61,745,56550.62,4808.63,3110.69,1,1,1,0,0,2596.65,8,11,6,3,1,0,-3.24,39,9.05,1
48,Male,Ontario,4,80030.05,580,62207.75,6459.34,3573.64,3,1,0,1,0,2343.8,25,17,7,2,0,1,4.58,23,22.2,0
73,Male,Ontario,13,92506.41,719,95457.18,7193.29,3585.88,2,1,0,0,0,975.42,8,13,6,2,0,0,-4.17,34,9.75,0
32,Male,Alberta,6,103015.55,581,0.0,10078.45,2647.61,2,1,0,0,0,1165.48,16,33,6,3,0,0,0.31,27,21.95,0
39,Female,British Columbia,10,40272.21,709,34508.98,3047.93,2492.58,2,1,0,0,0,2427.99,25,30,1,1,0,0,0.8,45,26.75,0
51,Male,Ontario,11,84934.77,753,63930.19,7502.84,740.01,3,1,0,1,0,2376.06,24,1,1,2,0,0,19.69,19,15.95,0
41,Female,Ontario,15,108097.13,603,47989.06,9137.08,4178.56,1,1,1,0,1,1567.81,44,0,1,4,0,0,-19.33,44,28.6,0
68,Female,Alberta,5,89454.85,630,0.0,7350.59,4821.01,1,0,1,0,1,0.0,4,22,4,3,0,0,13.57,12,10.3,1
49,Male,Quebec,14,25000.0,635,89340.54,2146.49,2675.44,1,1,0,0,0,2298.48,6,17,8,3,1,0,-4.96,39,9.85,0
45,Female,British Columbia,5,53382.39,633,37934.33,3605.74,4562.44,1,0,1,0,0,0.0,15,32,7,1,1,0,-0.68,21,20.95,0
39,Female,Ontario,3,69715.35,689,0.0,5069.0,352.25,2,1,0,1,0,2509.99,10,15,7,2,0,0,-8.99,48,11.75,0
38,Male,Ontario,11,75021.76,779,86467.3,6415.69,1385.55,1,0,1,0,0,0.0,13,31,7,1,0,1,1.01,28,19.3,0
47,Male,Alberta,4,52431.39,727,0.0,3649.45,1151.15,3,0,0,0,0,0.0,13,14,6,2,1,1,3.31,37,13.35,0
57,Male,Alberta,11,71512.14,599,69270.58,5658.67,3684.81,2,1,1,0,0,786.97,35,6,4,2,1,0,-9.63,31,24.85,1
69,Male,Ontario,10,82058.02,684,76847.07,7863.98,2815.17,2,1,1,1,0,2506.77,12,15,3,5,0,0,-0.7,16,13.05,0
37,Female,British Columbia,2,36093.99,548,62698.22,3468.54,1816.52,1,1,0,0,0,0.0,8,11,3,2,0,0,-4.89,34,9.05,0
29,Male,British Columbia,2,67557.89,850,70747.93,6195.44,1027.98,2,1,0,0,1,2428.36,39,30,8,2,2,1,5.11,3,35.85,0
42,Female,Ontario,1,123390.58,677,18383.22,10498.8,2862.44,2,1,0,0,0,2134.58,2,10,8,3,1,0,14.78,42,4.8,0
59,Male,Ontario,4,83238.36,706,15015.8,7335.43,3104.81,1,0,0,0,0,0.0,42,18,2,4,0,1,-6.18,26,33.6,0
40,Female,Quebec,9,56138.42,676,21201.42,4839.79,1500.21,2,0,0,0,1,0.0,36,9,6,1,1,0,2.35,33,26.55,0
49,Female,Alberta,1,124048.01,683,51427.99,9909.5,3149.65,2,1,0,0,0,2999.29,20,18,8,2,0,0,-3.79,24,19.3,1
27,Female,Ontario,13,41051.5,681,1060.69,2367.67,1438.54,3,1,0,1,1,2087.07,4,16,8,3,1,1,0.41,13,8.2,0
62,Male,Quebec,4,88152.17,578,0.0,8046.7,883.62,3,1,0,0,1,2110.11,9,26,4,1,1,2,8.41,13,14.95,1
21,Male,Ontario,12,130196.03,525,9644.87,11252.88,1847.99,2,1,0,0,0,1504.7,37,27,6,4,0,1,-22.9,25,33.5,0
54,Female,Ontario,0,139120.89,679,54022.14,11060.22,1674.87,2,1,0,0,0,3373.52,20,18,3,2,0,0,11.23,39,19.3,0
52,Male,British Columbia,7,46949.89,712,59184.08,3342.75,2598.25,2,1,1,0,1,1367.77,10,17,6,0,0,0,1.35,27,12.45,0
66,Male,Ontario,0,25000.0,698,8511.37,1670.72,3539.14,1,0,0,0,0,0.0,20,12,5,0,0,0,14.5,9,17.2,0
71,Male,Ontario,4,101891.91,723,32442.8,8985.26,2908.56,3,1,0,0,0,1743.04,33,18,4,0,0,0,25.96,26,27.75,0
45,Male,Ontario,10,123193.92,775,45456.02,10038.51,1333.25,2,1,0,0,1,1209.24,26,8,3,2,1,1,-10.99,43,19.7,0
43,Female,Ontario,6,97412.01,609,31490.02,7709.51,4014.27,1,1,0,0,1,3763.88,37,19,0,3,1,0,-11.04,9,30.7,0
33,Male,British Columbia,3,42865.53,625,0.0,3082.54,3097.32,2,0,0,0,1,0.0,23,9,1,1,0,1,15.45,46,18.1,0
41,Female,Ontario,0,55315.81,759,85422.67,3886.64,1942.03,2,1,0,1,0,1853.69,16,20,4,0,0,0,-4.06,9,17.4,0
34,Male,Ontario,2,55551.53,812,79315.0,4321.74,1461.57,3,1,1,0,0,1782.17,13,29,7,2,1,0,-3.72,29,18.6,0
25,Female,Ontario,8,44776.75,682,49927.58,2678.27,2842.4,2,1,0,0,0,3599.92,43,4,6,0,1,0,14.58,20,29.35,0
75,Female,Alberta,2,70077.41,574,70323.08,6169.23,1040.89,2,0,0,1,0,0.0,39,27,7,1,0,0,10.96,33,34.8,0
37,Male,Ontario,11,25000.0,769,11320.54,779.41,3220.65,1,1,0,1,0,948.85,28,14,5,0,0,0,-4.68,45,23.1,0
53,Male,Ontario,2,68046.87,747,32525.38,5431.87,2317.54,3,1,0,0,0,3388.89,17,9,4,1,0,0,12.09,44,14.2,0
65,Male,Quebec,4,70769.37,673,63892.2,5977.8,2208.26,1,1,0,1,1,1216.58,44,9,4,2,0,1,11.43,26,31.75,0
75,Male,Ontario,9,146494.5,713,40799.86,12917.71,1375.13,2,1,0,1,0,3394.42,27,9,3,2,0,0,8.16,41,20.7,0
73,Male,Alberta,3,70291.77,602,15891.64,5779.9,3114.85,2,0,1,1,0,0.0,33,23,1,1,1,0,-0.58,32,29.5,1
70,Male,Alberta,9,102242.49,715,0.0,8639.69,2225.45,4,1,1,0,0,2186.01,30,8,5,1,0,0,10.91,37,22.3,0
46,Male,Alberta,15,48706.8,778,65070.45,4445.62,940.75,2,1,0,0,1,1103.52,28,2,5,1,0,0,-18.61,57,18.9,0
63,Male,Ontario,9,60734.8,755,74719.26,5281.89,2023.55,3,1,1,0,0,1929.18,20,26,0,3,0,0,4.36,38,22.1,0
45,Male,Quebec,1,88086.63,736,54869.37,7427.31,2018.51,1,1,0,1,0,836.01,24,22,0,1,0,0,-1.78,41,23.3,0
60,Female,Alberta,9,134607.62,850,70267.52,10404.06,3795.46,1,1,1,1,1,2789.61,4,17,0,4,1,0,-17.89,28,8.55,0
66,Male,Alberta,0,98018.58,570,66783.73,8797.94,1527.76,3,0,0,0,1,0.0,23,28,8,1,0,3,-25.9,30,24.75,0
41,Male,British Columbia,14,55894.57,806,14273.33,4004.18,50.0,3,1,0,0,0,3437.19,14,33,3,4,0,0,3.44,30,20.65,0
56,Male,Alberta,12,124131.26,625,3542.45,9628.28,4417.26,2,1,0,1,0,2947.34,7,33,0,0,1,0,-3.21,39,16.1,0
75,Female,Alberta,8,83818.27,737,10817.93,7392.11,3670.27,2,1,0,0,1,3416.55,21,15,2,1,1,0,-6.27,31,18.9,0
33,Male,Ontario,9,82367.33,591,21273.03,7805.77,741.32,1,1,0,1,0,2200.07,23,22,5,1,0,0,-10.09,35,22.65,0
37,Female,Quebec,9,62022.21,725,29550.94,6315.64,2849.0,2,1,0,0,1,3489.26,3,6,5,3,0,0,25.57,8,4.05,0
27,Female,Ontario,0,65113.83,767,0.0,5247.34,3281.56,4,0,0,1,0,0.0,20,34,3,2,1,0,-4.71,20,24.9,1
67,Female,Ontario,14,119750.02,674,19313.23,10053.89,53.89,2,0,0,0,1,0.0,37,7,5,4,1,1,25.46,28,26.5,0
47,Female,Ontario,15,89900.5,845,31949.23,7337.74,4584.27,2,1,1,0,0,3848.41,32,2,8,1,1,0,-17.93,33,21.5,0
48,Male,British Columbia,10,70077.13,688,43661.38,5769.55,3122.29,2,1,0,0,0,611.92,0,8,4,1,1,1,-6.23,31,2.8,1
49,Female,British Columbia,5,68092.09,775,60916.54,5674.78,2859.74,1,1,0,0,0,2415.02,15,7,3,1,3,0,17.72,32,12.2,0
32,Female,Alberta,6,147958.02,758,80745.39,12800.2,3154.98,1,1,1,0,0,1351.04,15,19,2,3,0,1,-8.39,38,16.4,0
35,Male,Alberta,1,113118.78,625,25700.48,9219.5,1451.37,2,1,1,1,0,4074.85,8,16,2,0,1,0,8.61,35,10.8,0
48,Male,Ontario,7,85063.1,566,46611.88,7414.63,4246.21,4,1,0,0,1,1744.13,0,21,7,1,0,0,18.92,20,7.35,0
38,Female,Ontario,13,116615.21,734,58826.1,9531.89,3286.71,1,0,0,0,0,0.0,7,4,3,0,0,0,12.42,23,5.95,0
60,Male,Quebec,4,44103.75,633,115187.75,4450.44,807.2,2,1,0,0,0,4077.05,10,0,6,2,0,1,30.24,36,6.5,0
38,Male,Alberta,9,71458.41,617,50633.57,6343.89,4779.85,3,1,0,1,0,1060.29,44,23,6,6,0,1,-1.08,19,36.65,0
63,Female,Ontario,0,54999.0,681,79674.57,5372.93,4107.27,1,1,1,0,0,1720.41,38,27,6,4,0,1,0.75,18,34.15,0
41,Male,British Columbia,4,84204.87,531,0.0,8140.81,1875.72,2,1,0,0,1,1051.05,3,24,3,3,1,0,6.64,21,10.35,0
40,Female,Quebec,6,73055.71,586,42450.11,6668.11,4689.06,3,1,0,0,0,1426.92,35,30,8,0,1,1,-2.92,5,33.25,1
67,Female,Alberta,0,89241.01,609,33364.6,7504.02,3518.43,2,1,1,0,1,924.41,5,0,4,2,0,0,-13.15,48,3.25,1
53,Female,Quebec,9,25000.0,679,35302.87,2205.72,1165.41,1,1,1,1,0,3244.08,4,16,2,2,1,0,2.11,46,8.2,0
56,Male,Ontario,0,97260.63,701,59611.17,8506.01,4626.94,2,1,0,0,0,1777.93,32,7,1,0,0,0,-4.99,40,23.25,0
23,Male,Ontario,5,82255.97,756,0.0,7316.37,2697.9,1,1,1,0,1,1886.23,29,11,2,3,0,0,-10.81,29,22.7,0
24,Female,Ontario,12,95880.68,828,30159.56,8207.01,2423.86,3,1,1,0,0,1989.79,0,17,0,2,0,0,-14.16,25,5.95,0
75,Female,Alberta,15,73234.85,850,56978.45,6601.99,4196.04,1,1,1,0,0,1112.64,17,16,4,2,0,0,-25.59,30,16.65,0
28,Female,Alberta,10,80464.33,612,58877.44,7152.08,4605.57,1,1,0,1,0,1801.91,38,33,0,3,1,0,3.49,21,36.25,0
65,Male,Quebec,4,106558.97,737,58747.72,10072.14,2217.29,3,1,0,0,0,1470.46,18,1,3,2,1,0,4.5,41,12.05,0
54,Female,Ontario,7,44553.45,587,79544.58,4580.37,1299.02,1,1,0,0,0,1138.33,28,27,0,4,0,0,1.39,60,27.65,0
69,Male,Quebec,8,61626.55,676,74207.77,4630.12,1774.86,1,1,0,0,0,1588.06,30,11,4,3,0,0,18.24,17,23.35,0
46,Female,Alberta,11,112440.65,637,56903.82,8992.51,4141.8,2,1,0,0,1,2885.4,29,21,6,2,0,0,-16.21,37,26.2,0
22,Male,Ontario,11,117689.12,676,63632.58,10106.97,388.39,1,0,1,0,0,0.0,20,29,8,1,1,0,-2.93,4,23.15,0
32,Female,Ontario,11,72461.53,597,3850.73,6497.01,2300.3,3,0,0,0,1,0.0,15,25,7,2,0,1,1.16,38,18.5,0
40,Male,Quebec,12,106192.07,778,107967.81,7998.56,2766.6,3,1,1,1,0,4461.96,20,19,2,3,0,0,0.96,28,19.65,0
73,Male,British Columbia,6,143316.06,605,21688.84,11808.43,1409.04,2,1,0,0,1,2870.78,42,29,1,4,0,0,4.62,32,37.45,0
27,Male,Quebec,10,76343.19,823,40860.87,6431.17,1797.1,3,1,0,1,0,1726.08,25,28,4,2,0,1,-1.37,21,26.05,0
38,Female,Ontario,8,65263.14,687,53555.61,5675.79,739.05,3,1,0,0,0,2268.79,10,15,7,0,0,1,4.47,12,11.75,0
54,Male,Ontario,5,133388.17,737,79645.68,11128.86,2075.67,1,1,0,1,1,2561.79,44,18,1,1,0,1,-8.51,48,34.9,0
30,Female,Ontario,14,117366.34,622,68638.73,9479.73,835.52,4,1,0,0,0,2253.92,41,5,8,1,0,0,10.87,30,28.4,0
75,Female,Alberta,15,25000.0,732,0.0,1846.88,3084.97,2,1,0,0,0,1962.99,20,2,0,2,2,1,-3.4,41,13.7,1
35,Female,Alberta,9,87998.42,723,122374.0,7424.05,2028.93,1,1,1,0,0,2144.7,24,34,6,2,0,0,-9.75,42,27.5,0
27,Female,British Columbia,3,62554.35,603,36213.41,4723.01,2552.35,3,1,1,0,0,2021.74,19,28,3,2,1,0,-14.35,20,22.15,0
44,Male,Quebec,7,85767.91,585,23327.06,6224.52,335.3,2,1,0,0,0,4164.83,40,28,2,2,1,1,28.05,24,35.8,0
29,Male,Quebec,5,48099.77,590,27418.28,4148.55,1627.88,1,1,0,0,0,1901.06,3,8,5,2,1,1,-3.03,40,4.75,1
53,Male,British Columbia,2,39268.37,559,0.0,3520.16,2929.96,1,1,0,0,0,2361.56,10,11,0,3,1,1,-8.01,20,10.35,0
52,Male,Quebec,7,32907.49,544,33051.62,3640.69,2363.69,2,1,0,1,1,3921.59,37,33,2,2,0,0,-7.24,22,35.6,0
24,Female,Alberta,1,100510.36,609,6020.61,8155.48,2647.28,1,1,0,0,1,1657.36,26,23,4,3,0,1,-20.42,1,24.95,1
35,Male,Quebec,14,102029.66,673,10667.8,8169.02,2512.75,3,1,0,0,0,2415.08,14,19,8,2,0,1,11.9,22,15.75,0
32,Female,Ontario,6,92507.65,627,37371.45,8063.96,4870.56,2,1,0,0,0,2446.91,4,28,4,0,1,1,7.55,32,12.4,0
37,Male,Alberta,9,123540.17,655,88582.1,11335.97,2507.68,1,1,0,0,0,4705.49,18,14,1,0,0,1,-2.51,28,16.6,0
36,Male,Ontario,5,70462.1,758,0.0,5449.42,1941.7,1,1,1,0,1,1903.42,6,11,1,1,1,0,-7.64,28,7.75,0
21,Female,Quebec,3,51485.8,693,60133.72,4775.73,1491.53,1,1,0,1,0,1637.92,26,12,3,2,0,0,3.32,37,21.1,0
75,Male,Quebec,7,53743.67,638,0.0,3593.77,1598.75,2,1,0,0,1,0.0,41,29,4,1,0,0,-9.04,10,36.8,0
49,Female,Ontario,9,35019.37,668,40815.77,3827.15,4132.73,2,1,0,0,1,2325.66,20,7,1,2,1,0,3.37,16,15.45,1
54,Female,British Columbia,10,115569.9,607,21880.9,10269.47,1254.74,1,1,0,0,0,997.13,39,29,0,1,0,0,-3.98,35,35.5,0
49,Female,Ontario,12,64465.59,638,72938.4,5379.08,1477.11,3,1,0,1,0,2277.28,1,20,1,4,0,1,2.24,35,7.65,0
34,Female,Alberta,1,111675.05,664,78750.53,9228.26,5125.8,1,1,0,0,0,900.09,40,30,4,2,1,0,8.0,39,36.5,0
30,Male,British Columbia,14,25349.38,652,26637.43,2433.13,1559.53,2,1,0,0,1,2062.39,36,22,5,1,1,0,-6.08,19,31.1,0
34,Female,Ontario,14,141840.91,777,65694.34,11929.36,50.0,4,1,1,1,0,2592.55,14,6,5,3,0,0,8.93,18,11.2,0
75,Female,Ontario,11,53523.4,728,65812.97,4272.31,3046.71,1,1,0,0,0,0.95,19,0,8,0,0,0,-6.03,21,12.35,0
52,Female,Alberta,6,140097.56,761,11456.71,10898.1,2092.39,1,1,0,0,1,3786.83,36,11,3,3,0,0,-0.98,46,27.25,1
49,Male,Alberta,4,97515.89,797,44387.5,8353.4,4893.65,1,1,0,0,0,1923.02,20,26,4,2,0,0,7.63,4,22.1,0
23,Female,Ontario,2,99545.95,780,20281.31,8814.29,1542.19,2,1,0,0,0,0.0,43,8,0,1,2,0,-3.39,29,30.75,0
52,Male,Quebec,4,69335.81,589,65978.95,7066.46,3474.85,1,0,0,0,1,0.0,17,23,0,0,0,0,-6.15,22,19.1,0
37,Female,Quebec,8,52917.0,589,14425.42,4391.94,2392.32,2,1,1,0,1,450.51,29,34,5,1,0,0,28.02,24,30.75,0
68,Male,British Columbia,4,56187.08,850,32586.59,5060.36,905.52,1,0,1,0,0,0.0,26,9,4,0,1,0,1.61,34,20.05,0
26,Female,Ontario,12,103022.33,647,41567.44,8990.0,2307.19,2,1,1,0,0,1789.06,26,20,2,0,0,1,-7.6,43,23.9,0
33,Male,British Columbia,1,52048.09,670,73394.95,4308.95,3109.46,1,1,0,0,0,1936.17,26,26,6,1,0,0,20.05,36,26.0,0
27,Female,Ontario,6,126047.39,742,54604.03,10955.02,2197.37,2,1,1,0,1,2072.76,30,26,2,1,0,1,4.94,33,28.6,0
62,Male,Alberta,4,116244.93,589,0.0,10284.48,1532.32,3,1,0,0,1,3445.16,15,17,8,4,0,0,-30.04,26,15.7,0
74,Female,Alberta,12,143961.61,635,0.0,13448.03,839.37,1,0,0,0,0,0.0,4,2,2,0,0,0,10.9,20,3.3,0
34,Male,Ontario,0,79028.17,548,53338.17,7929.25,2475.03,1,0,0,1,0,0.0,24,19,0,3,0,0,-8.25,36,22.25,0
59,Female,Ontario,7,39021.65,721,5847.3,4039.48,2525.09,3,1,0,0,1,2472.04,28,29,8,1,0,0,-21.36,33,28.35,0
33,Female,British Columbia,11,54265.31,730,8329.17,4316.04,3474.68,3,1,0,0,0,1656.16,30,30,1,4,0,0,6.45,14,30.0,0
36,Female,Quebec,3,93210.62,499,66858.16,7666.04,3659.94,1,1,0,0,0,2542.35,21,15,5,2,1,0,-24.99,20,18.9,0
53,Female,Ontario,15,98154.44,634,107649.74,8424.45,2369.88,3,0,0,0,0,0.0,7,19,2,1,0,1,-3.52,56,11.2,0
38,Female,Alberta,4,130477.46,707,58692.14,10241.15,3046.36,3,1,0,1,0,2481.72,4,32,8,0,0,1,-2.59,36,13.8,0
72,Female,Alberta,2,106381.8,567,42830.28,8583.03,1217.97,3,1,1,0,0,1637.17,0,17,7,1,2,1,-20.15,61,5.95,1
23,Male,Ontario,11,25000.0,585,12174.45,1616.77,50.0,1,1,1,0,0,3718.96,22,25,0,3,0,0,2.86,25,23.05,0
25,Male,Ontario,3,65889.8,542,17666.31,5357.18,4253.44,2,1,1,0,0,3595.49,43,27,8,1,0,1,-11.0,47,37.4,0
54,Male,Ontario,13,79866.57,638,99132.0,6018.34,4083.7,2,0,1,0,1,0.0,40,19,2,3,1,0,19.11,34,32.65,0
69,Female,Ontario,5,25000.0,843,13257.45,2135.81,3614.88,3,1,0,0,1,3277.48,30,34,3,6,0,1,13.23,6,31.4,0
64,Male,Alberta,3,67245.13,786,62674.71,4872.16,2873.3,1,1,1,1,0,2465.18,9,5,0,1,0,2,8.47,46,7.6,0
75,Male,British Columbia,1,120116.69,613,40495.9,10532.5,3656.57,2,1,1,0,0,1279.53,5,29,7,3,0,0,-3.19,17,13.4,0
28,Female,Alberta,13,88069.81,722,48613.27,6548.98,507.33,2,1,0,0,0,1621.67,27,18,7,0,0,0,22.38,39,23.85,0
36,Female,British Columbia,12,88332.21,672,0.0,7714.66,2640.1,3,1,1,1,1,1789.33,21,1,2,0,0,0,-3.77,29,14.0,0
21,Female,Ontario,6,54012.43,651,49448.05,3387.3,2098.81,1,0,0,0,1,0.0,44,1,6,1,0,0,-7.98,24,28.95,0
39,Male,British Columbia,5,139655.62,560,13426.26,10839.2,2326.19,1,1,0,0,0,3123.34,2,0,7,1,1,1,-8.58,36,1.3,1
49,Female,British Columbia,5,81920.64,825,78806.75,6202.52,3095.69,1,1,0,0,1,2065.57,36,30,5,1,1,1,-10.71,39,33.9,0
33,Male,British Columbia,2,66138.03,622,72327.08,5951.78,1746.36,1,1,0,0,0,2076.33,11,23,7,1,0,1,17.05,17,15.2,0
32,Female,Ontario,8,61082.75,599,65105.71,5209.69,2570.27,3,1,1,0,0,3651.46,34,23,4,1,0,0,-6.32,34,30.15,0
72,Male,Ontario,1,145810.0,706,37979.2,11953.66,2271.21,2,1,0,0,0,923.46,15,20,3,5,0,0,6.81,24,16.75,0
49,Female,Quebec,10,85015.98,604,56649.49,7080.08,1628.07,1,1,1,0,0,1516.56,29,34,6,2,2,1,8.94,38,30.75,0
60,Female,British Columbia,3,105388.21,755,76964.05,9509.31,3188.06,2,1,0,0,0,2807.54,41,26,4,1,0,0,-5.17,20,35.75,0
37,Male,Ontario,0,110704.74,850,21434.23,9766.32,3770.62,1,1,0,1,0,2717.93,29,3,2,2,1,0,0.38,25,19.9,0
28,Female,Ontario,15,37994.93,760,42968.09,3304.23,3374.83,2,1,0,0,0,2609.51,4,24,8,3,0,0,4.54,25,11.0,0
55,Male,Alberta,8,101939.92,713,44881.82,8387.93,4583.49,4,1,0,0,1,1100.12,25,3,2,1,0,1,5.45,31,17.3,0
57,Female,Quebec,10,37883.78,550,23090.5,3804.04,1235.74,1,0,0,0,0,0.0,29,9,8,2,1,0,-13.04,29,22.0,0
30,Male,Ontario,14,63807.25,640,32946.47,5297.3,726.39,1,1,0,0,0,1394.57,9,4,0,2,1,1,-14.95,21,7.25,0
46,Female,Ontario,1,80140.82,709,48874.75,6319.61,3512.72,2,1,0,1,0,1520.75,28,17,5,1,0,0,1.94,9,24.15,0
48,Male,Ontario,1,137931.28,679,35916.76,11574.48,3253.15,3,1,0,0,1,2367.65,39,25,4,0,0,1,10.2,21,34.1,0
28,Male,Ontario,3,56562.34,685,32437.83,4838.83,2205.67,2,0,0,1,0,0.0,36,32,8,1,1,1,-20.77,31,34.6,1
57,Female,Ontario,12,83035.76,768,39909.5,7132.09,2658.81,1,1,1,0,0,3004.6,24,34,1,2,0,0,-17.7,35,27.5,0
45,Female,Ontario,4,81535.77,707,1977.78,6469.91,446.18,1,0,1,0,0,0.0,3,30,4,3,0,0,-0.26,46,12.45,0
67,Female,Alberta,10,85502.18,733,49583.91,7015.16,1386.06,2,1,0,0,0,2429.84,24,25,7,2,0,2,10.43,46,24.35,0
74,Female,Alberta,2,40021.84,792,92374.28,4720.57,2410.18,1,1,0,0,0,737.56,31,21,7,1,0,0,-31.76,30,27.5,0
36,Male,Ontario,6,106201.26,681,12326.34,9826.68,4299.31,1,1,1,0,1,1676.81,43,13,8,2,0,0,-2.04,29,32.5,0
29,Male,Alberta,7,104813.33,572,40951.19,9354.96,402.9,1,1,1,0,1,691.43,26,12,8,1,0,1,-6.64,41,21.1,0
64,Female,Quebec,0,72157.74,795,23148.91,5730.89,2163.78,1,1,0,0,0,3538.27,17,19,4,2,0,0,14.93,20,17.7,0
41,Male,British Columbia,12,110318.34,770,18392.54,8933.29,50.0,2,1,0,0,0,1983.96,15,17,8,3,0,0,-9.14,47,15.7,0
48,Male,Ontario,3,99386.58,619,8396.91,7438.73,2841.72,2,0,0,0,0,0.0,39,20,1,5,0,0,13.95,1,32.35,1
51,Male,Ontario,4,62670.23,709,37157.6,5333.14,4483.4,3,1,1,1,1,711.85,20,23,7,2,1,0,8.26,36,21.05,0
61,Male,British Columbia,1,81302.4,747,2380.19,7093.16,2249.72,3,1,0,1,0,755.64,0,18,5,1,0,0,-8.66,61,6.3,1
24,Male,Ontario,10,73208.76,605,38831.54,6495.1,1381.39,2,0,0,0,0,0.0,18,15,5,6,0,0,27.25,38,16.95,0
53,Female,Ontario,4,96481.57,627,65380.43,8124.47,4876.66,2,1,0,0,0,759.04,39,20,1,1,1,0,-15.0,40,32.35,0
73,Male,Ontario,11,48920.71,576,75911.52,4398.78,4273.67,1,1,0,1,0,3321.77,19,13,1,1,0,0,-5.7,26,16.9,0
30,Male,Quebec,13,94842.12,659,64003.4,7591.81,4117.68,2,1,1,0,1,1937.09,35,9,3,0,0,0,-22.71,23,25.9,0
74,Male,Alberta,14,117370.19,842,76474.31,8907.5,2350.33,1,1,1,0,0,0.0,0,0,2,0,0,0,4.93,42,0.0,0
69,Male,Ontario,7,117332.31,614,88459.01,9469.51,1388.66,2,1,1,0,0,2601.42,4,31,2,3,0,0,2.73,17,13.45,0
57,Male,Quebec,8,58959.65,699,65954.06,4995.19,1481.12,2,1,0,0,0,3395.57,36,18,1,0,0,0,-4.07,39,29.7,0
23,Female,British Columbia,2,73829.24,765,52570.21,6113.72,1630.46,1,1,0,1,0,1128.69,14,18,2,2,0,0,-0.73,56,15.4,0
45,Male,Alberta,11,83608.09,699,0.0,6439.44,2358.91,1,0,0,1,0,0.0,39,7,3,2,0,0,-6.0,47,27.8,0
33,Male,Ontario,2,126314.81,651,49808.4,10029.9,1050.41,1,1,1,0,0,295.74,29,16,0,3,1,0,0.45,31,24.45,0
37,Female,Quebec,4,62497.86,685,38067.73,5189.88,2425.79,2,1,0,0,0,0.0,9,30,2,0,3,2,4.56,22,16.35,0
26,Male,British Columbia,4,92132.49,764,70893.41,7234.29,3404.41,1,1,0,0,0,1352.79,18,19,3,3,0,0,1.14,29,18.35,0
47,Male,British Columbia,3,70786.3,850,306.61,5425.06,2221.4,4,1,0,1,0,2386.81,43,21,7,0,1,1,-2.56,42,35.3,1
29,Male,British Columbia,3,143159.81,638,37495.92,11291.14,3002.29,3,1,1,0,0,1860.5,34,3,8,2,0,0,8.18,30,23.15,0
25,Male,Quebec,6,68458.95,678,76389.16,6295.82,2247.27,2,1,1,0,0,2339.85,36,9,7,1,1,0,7.55,48,26.55,0
26,Male,Quebec,9,64361.88,649,40008.23,5292.33,2908.29,2,1,1,0,0,2326.08,6,17,4,1,0,0,8.5,18,9.85,0
74,Female,Ontario,2,130024.81,724,27319.56,11245.43,2853.09,3,1,0,0,1,1346.52,8,17,5,4,2,0,3.3,19,11.15,0
45,Female,British Columbia,4,64852.92,850,0.0,6433.43,1105.97,3,1,0,0,0,2001.86,21,32,6,2,0,0,-10.43,35,24.85,1
41,Female,Ontario,1,27912.81,740,39802.89,2150.47,2650.34,2,0,0,0,0,0.0,11,3,8,2,1,1,0.57,27,8.2,1
39,Female,Alberta,14,135647.18,703,67502.0,10645.07,557.73,1,1,0,0,0,1483.1,36,18,5,5,1,0,16.76,11,29.7,0
23,Female,Ontario,4,81680.54,578,59583.61,7122.38,2325.57,2,1,0,0,0,3079.32,0,10,4,3,1,0,-5.75,22,3.5,1
37,Female,Ontario,11,152835.13,755,24863.19,13677.9,3140.62,2,1,1,0,0,401.06,23,10,7,0,0,0,-5.0,14,18.45,0
35,Female,Quebec,12,109225.83,609,20824.81,9111.94,2645.66,1,1,0,0,0,1280.14,11,1,7,7,2,0,1.4,34,7.5,0
28,Male,Quebec,3,76381.43,786,8281.67,6045.9,4263.07,2,0,1,0,0,0.0,41,29,0,3,0,0,0.85,14,36.8,0
36,Male,Ontario,11,121874.7,532,77879.82,10876.29,292.51,3,1,1,0,0,2955.17,40,33,5,0,0,0,3.68,39,37.55,0
50,Female,Quebec,10,80118.2,710,71998.44,7145.16,3191.35,2,1,1,1,0,2765.03,14,14,6,0,0,0,13.1,28,14.0,0
49,Male,Ontario,12,116726.96,650,32961.18,8915.51,3390.47,1,1,0,0,0,1876.97,12,21,1,2,1,0,7.96,30,15.15,0
38,Female,British Columbia,4,81371.94,546,21994.23,6971.88,3281.3,3,1,1,0,0,2111.0,28,23,6,0,0,0,-4.56,15,26.25,0
71,Female,Ontario,8,95521.51,820,18453.98,7147.54,3044.88,2,0,0,0,0,0.0,44,29,0,1,0,1,-0.98,40,38.75,0
34,Male,British Columbia,7,93861.09,580,18507.18,7223.93,1747.87,2,1,0,1,0,2762.81,19,33,2,0,0,0,0.2,28,23.9,0
73,Male,Alberta,1,107508.1,678,38426.79,8742.96,3146.05,3,1,1,0,1,1901.45,27,0,3,1,0,0,-9.76,35,17.55,0
22,Female,Ontario,5,91374.39,661,38431.43,8567.2,2029.82,3,1,0,0,0,1292.38,15,17,6,1,1,0,-30.39,26,15.7,1
69,Female,British Columbia,14,123350.97,522,23144.21,10332.56,344.94,3,1,0,0,0,1390.14,41,0,1,1,0,0,-21.58,11,26.65,0
49,Female,Ontario,11,62578.14,632,56542.16,4931.64,3843.24,1,1,0,0,1,5218.6,1,17,4,0,0,0,-4.93,34,6.6,0
64,Female,British Columbia,4,160085.5,621,0.0,14206.16,2871.13,3,1,0,0,0,986.38,27,24,1,2,0,0,-11.8,37,25.95,0
73,Female,Alberta,15,96621.83,730,19613.27,8998.86,1888.79,2,1,0,0,0,820.84,8,1,7,1,0,1,-7.51,35,5.55,0
69,Male,Quebec,2,54237.24,717,64741.05,5056.46,854.86,2,1,0,0,0,1968.74,26,9,2,1,3,0,22.91,24,20.05,1
63,Male,Ontario,13,94105.82,824,48687.81,8528.37,3963.84,1,1,1,1,0,114.3,35,33,5,1,0,0,4.73,12,34.3,0
67,Female,Quebec,6,59014.75,681,98732.17,4875.56,1794.7,1,1,1,0,0,926.7,29,16,3,0,0,0,13.39,36,24.45,0
53,Male,British Columbia,8,67247.4,499,45213.77,5441.51,1224.45,2,0,0,0,0,0.0,14,16,5,2,1,0,-0.3,31,14.7,0
49,Male,Quebec,4,115195.4,532,2194.39,9756.33,1911.74,2,1,1,0,0,1660.79,5,7,4,0,0,0,-13.02,31,5.7,0
28,Male,Alberta,8,103134.67,676,75229.91,8316.5,2761.56,3,1,1,0,0,1995.37,25,24,3,1,1,0,1.9,31,24.65,0
62,Male,Quebec,10,100120.33,689,0.0,9562.99,4277.44,1,1,0,0,0,3274.88,7,30,1,3,0,0,-3.5,39,15.05,0
62,Female,Quebec,14,79541.36,850,53376.33,7731.29,2052.65,2,0,1,1,0,0.0,30,11,3,4,0,0,16.82,35,23.35,0
64,Female,British Columbia,1,94596.03,685,46275.0,7632.05,216.81,1,1,1,0,0,1926.37,32,27,1,4,0,0,19.16,32,30.25,0
57,Male,Ontario,4,73825.12,598,36974.66,7574.5,1720.14,3,0,0,1,1,0.0,43,24,0,1,0,0,-3.96,21,36.35,0
37,Female,Alberta,1,73175.34,597,7784.54,6486.4,3811.92,3,0,0,0,1,0.0,20,20,1,3,0,0,11.76,21,20.0,0
52,Male,Ontario,12,35463.03,767,43903.39,2474.11,1937.33,1,1,0,0,0,2755.1,29,22,2,0,0,1,1.24,36,26.55,0
32,Male,Quebec,4,122829.53,733,36782.45,11407.95,247.53,2,1,0,0,0,2378.79,13,0,6,1,0,0,-8.84,30,8.45,0
75,Female,British Columbia,11,75224.57,786,9199.85,6363.84,3550.01,1,1,0,0,0,1965.49,21,20,3,1,0,0,7.89,28,20.65,0
51,Male,Ontario,5,91844.4,820,86675.3,8009.87,1733.45,2,1,0,0,0,66.65,2,21,1,1,0,0,7.03,26,8.65,0
64,Male,British Columbia,3,59583.44,653,51410.52,4980.43,1751.32,3,1,0,1,0,1858.22,41,30,0,0,1,0,14.71,30,37.15,0
31,Female,British Columbia,5,92067.83,710,29878.18,8077.77,1274.6,2,1,0,0,1,1245.43,5,22,8,2,0,1,-17.81,25,10.95,0
55,Male,Alberta,0,91315.44,696,55713.39,7282.81,121.47,1,1,0,0,0,3448.93,17,14,7,3,0,2,8.63,46,15.95,0
63,Female,Quebec,14,86520.33,557,30607.33,6349.36,1837.43,1,1,1,0,0,1667.38,4,18,1,3,0,0,-9.01,43,8.9,0
52,Male,Alberta,5,85145.03,716,102226.15,7710.29,3860.8,1,1,0,0,0,2748.79,42,32,6,1,0,1,-7.25,13,38.5,0
52,Male,Ontario,3,25265.47,714,10776.41,3297.98,2210.47,2,1,0,1,0,1978.43,32,9,5,3,0,1,11.08,37,23.95,0
65,Female,Ontario,11,122755.73,780,34953.91,10737.87,405.84,1,1,0,0,0,1759.3,27,14,2,0,0,0,5.29,36,22.45,0
29,Female,Ontario,5,102761.54,680,60153.52,8352.44,3504.19,3,1,1,0,0,1502.4,22,10,4,0,1,1,10.46,57,17.8,0
43,Female,Ontario,1,111151.27,689,66293.01,8970.55,1265.19,1,1,0,1,0,2953.25,42,8,8,1,0,0,15.52,32,30.1,0
40,Female,Quebec,15,101788.56,729,38172.93,7613.85,3269.38,2,1,0,0,0,1924.45,31,24,7,1,0,0,2.64,13,28.55,0
59,Female,Ontario,2,87157.57,719,16502.54,8040.91,1677.5,2,1,1,0,0,1650.39,3,2,3,4,0,0,23.39,38,2.65,0
40,Male,British Columbia,5,31040.31,592,77964.26,1983.73,3130.86,1,1,0,1,0,3247.19,31,13,2,3,0,0,2.42,19,24.7,1
57,Female,British Columbia,8,26347.68,774,0.0,1976.58,1746.52,3,1,1,0,0,2775.67,7,31,5,0,1,0,11.54,16,15.4,0
59,Female,British Columbia,0,25000.0,553,103048.69,2761.69,3947.97,2,1,1,0,1,603.62,6,3,3,1,0,2,-16.48,36,4.95,0
49,Male,Ontario,7,93657.64,850,33895.11,8040.16,3995.93,1,0,0,0,0,0.0,22,17,6,1,0,0,14.53,33,20.25,0
56,Female,Quebec,1,104586.94,825,16223.52,7617.27,4574.12,1,1,0,0,0,0.0,23,5,1,1,2,0,-5.06,28,16.7,1
69,Male,Quebec,11,47493.52,841,33580.64,4007.17,2589.82,3,1,0,0,1,1705.45,0,26,2,0,1,0,9.65,37,9.1,0
59,Male,Ontario,9,81272.88,592,8371.62,6303.98,1520.63,1,1,0,0,0,1119.88,5,30,4,4,1,0,-0.73,37,13.75,1
45,Female,Ontario,15,76890.03,670,39520.74,7705.27,4123.47,1,1,1,0,0,654.59,42,28,8,2,0,1,9.99,47,37.1,0
70,Male,Ontario,15,112222.94,546,87704.19,9173.65,1283.76,1,1,0,0,0,1348.45,6,27,3,0,2,0,-6.07,33,13.35,0
51,Female,Ontario,5,102435.36,716,49750.35,7856.66,3723.15,2,1,0,1,0,861.29,15,14,0,2,1,0,-4.43,35,14.65,0
32,Female,British Columbia,12,57056.93,710,58867.38,5329.03,3780.56,1,1,0,0,0,0.0,17,17,7,0,1,1,-15.15,7,17.0,1
68,Female,Quebec,12,61387.49,578,0.0,4160.71,2900.47,1,1,0,0,0,2109.08,25,21,2,2,0,1,-18.27,25,23.6,0
54,Male,Ontario,2,108618.0,546,0.0,8159.79,2981.57,1,1,0,0,0,1890.76,24,18,2,3,0,0,18.1,31,21.9,1
65,Male,Quebec,0,84359.65,645,38324.57,8063.96,5724.9,2,1,0,1,0,264.52,30,5,6,4,2,1,4.14,13,21.25,1
57,Male,Ontario,11,80490.38,729,69008.53,8060.65,2531.48,4,1,0,0,1,2996.85,35,34,5,2,1,0,-10.23,29,34.65,0
35,Female,Ontario,1,79943.35,674,60934.94,7589.53,2721.67,1,0,0,0,0,0.0,41,3,5,2,1,0,-8.37,14,27.7,0
37,Female,Ontario,0,82033.79,660,49183.14,6203.79,124.29,1,1,1,1,1,1749.8,33,23,2,1,0,1,-6.84,27,29.5,0
57,Female,Ontario,5,112437.42,710,57894.86,8863.03,3208.54,1,1,0,0,0,1638.16,5,13,8,1,1,0,-7.9,11,7.8,0
26,Male,Ontario,5,25000.0,600,69930.32,2900.69,3339.9,3,1,0,0,0,2541.24,27,14,6,4,0,0,-2.61,24,22.45,0
62,Female,Ontario,14,116024.27,721,123.88,9676.84,1690.49,1,0,0,0,0,0.0,29,33,1,1,0,0,9.83,27,30.4,0
59,Female,British Columbia,8,95425.48,580,57515.75,8319.46,1156.7,1,1,1,0,0,1756.68,41,33,5,1,0,0,-30.77,38,38.2,1
50,Male,Ontario,0,52997.65,702,0.0,4333.93,156.37,1,1,1,0,1,1398.96,13,4,8,4,0,0,-2.57,30,9.85,0
52,Female,Ontario,9,48908.83,587,28897.21,3893.59,50.0,3,1,0,0,1,981.95,26,23,4,3,0,0,-7.11,18,24.95,0
59,Female,British Columbia,13,52788.12,717,53250.98,5420.71,3667.24,3,1,0,0,0,1257.74,43,14,8,1,0,0,20.93,51,32.85,0
75,Female,Ontario,0,67701.98,687,38441.14,6048.08,5215.72,1,1,0,0,0,1648.25,18,16,4,0,0,0,-0.18,25,17.3,0
28,Male,Quebec,1,93441.84,737,19156.84,9184.85,5235.74,1,0,0,0,0,0.0,21,27,2,1,0,0,1.01,23,23.1,0
28,Female,British Columbia,3,55988.91,713,47932.32,5300.79,1059.74,2,1,0,0,0,0.0,18,23,4,1,1,0,6.16,27,19.75,0
42,Female,Quebec,13,102085.46,678,48762.32,7746.65,2379.22,3,1,0,1,1,1383.71,8,23,7,2,0,0,-9.2,25,13.25,0
45,Female,Alberta,3,108931.73,702,34222.12,9420.59,951.66,3,1,0,1,0,0.0,26,0,6,0,1,2,-9.14,16,16.9,0
47,Male,British Columbia,11,58603.29,605,46704.76,4529.7,2090.75,1,1,1,0,0,485.38,36,7,0,3,0,0,4.95,35,25.85,0
62,Female,British Columbia,3,74426.68,692,12482.91,5231.23,6203.88,1,1,0,0,1,2627.5,24,28,1,3,1,0,17.37,12,25.4,0
32,Male,Ontario,14,35002.73,635,0.0,2859.86,1978.62,2,1,1,0,0,2013.57,42,19,2,2,1,0,3.3,29,33.95,0
46,Female,Ontario,12,110625.5,850,36208.07,8466.05,2778.08,1,1,1,1,0,807.21,26,32,8,0,0,1,6.26,20,28.1,0
68,Female,Ontario,12,95468.47,689,76798.62,9077.42,3185.67,3,0,0,0,1,0.0,37,12,7,2,0,0,1.55,28,28.25,0
54,Female,Alberta,14,75776.95,766,134696.71,7079.4,3260.62,1,0,1,0,1,0.0,11,0,3,3,0,1,-20.38,40,7.15,0
35,Male,British Columbia,4,90235.42,565,34366.03,6975.97,1476.5,1,1,0,0,0,1326.05,24,33,4,2,0,1,1.43,42,27.15,0
29,Male,Quebec,11,97375.03,666,26541.82,7370.75,2308.85,2,1,1,0,1,2252.85,28,13,4,1,1,0,-2.59,27,22.75,0
41,Male,Quebec,5,78585.54,654,92438.84,5942.78,2237.12,1,1,0,0,0,1360.4,40,0,3,7,1,0,-12.64,38,26.0,0
28,Female,Ontario,10,61297.63,617,39189.75,4200.91,3056.48,4,0,1,0,0,0.0,34,32,8,2,0,1,-13.92,8,33.3,0
31,Female,Alberta,2,116036.59,735,42848.36,10083.3,2595.28,1,1,0,1,1,2481.99,27,2,0,2,1,2,19.26,25,18.25,0
28,Male,Quebec,7,90044.08,589,0.0,7080.27,2702.25,1,1,1,0,0,1695.79,27,16,1,3,1,0,7.04,39,23.15,1
28,Female,Ontario,4,79480.44,686,2179.24,6515.57,194.69,2,1,1,0,0,0.0,20,25,5,2,1,0,-1.77,13,21.75,0
69,Female,British Columbia,4,111347.32,696,23361.9,8929.05,3418.11,1,0,1,0,0,0.0,26,19,1,0,0,0,-9.56,1,23.55,0
56,Male,British Columbia,14,86084.39,658,28041.99,7622.42,1404.29,2,0,0,1,1,0.0,39,34,8,1,0,0,-12.01,45,37.25,0
22,Male,Quebec,6,130934.04,612,36539.76,10395.98,1255.38,1,1,0,0,1,1594.47,0,28,6,2,0,1,-4.95,27,9.8,0
52,Male,Quebec,9,97112.71,684,70348.43,7335.15,4860.0,2,1,0,0,0,674.45,1,6,3,1,0,0,5.59,34,2.75,0
67,Female,British Columbia,0,100241.78,746,60893.92,8586.98,2566.69,1,1,1,0,1,2449.72,1,13,5,2,1,0,14.17,30,5.2,0
64,Female,Ontario,5,62026.44,669,506.33,4974.05,3528.83,2,1,1,0,0,1174.69,19,18,7,2,0,0,10.31,48,18.65,0
54,Male,Ontario,6,96507.59,777,70434.77,7592.27,2781.4,1,1,0,0,1,696.58,22,24,4,1,0,0,-14.86,42,22.7,0
25,Male,Alberta,10,119288.87,680,10160.93,10042.85,3562.9,1,1,1,0,0,1025.91,10,3,7,2,0,0,14.67,23,7.55,0
22,Female,Ontario,3,121374.7,754,17807.24,9784.33,2538.07,4,1,0,0,1,4126.21,41,18,6,3,1,0,-13.93,36,32.95,0
30,Male,Quebec,14,114441.64,849,20392.1,10332.71,3714.47,2,1,0,0,0,1632.55,21,29,0,1,1,2,6.22,39,23.8,0
56,Male,Ontario,11,88510.23,625,48056.17,7609.21,1196.21,2,1,0,0,0,663.28,35,10,1,0,0,0,-6.77,10,26.25,0
36,Female,Ontario,2,88002.79,694,25161.76,7405.68,2653.77,2,1,0,0,0,1338.0,4,0,8,2,0,1,8.29,48,2.6,0
63,Male,British Columbia,11,87918.61,738,91343.6,6911.09,1002.24,2,1,0,0,1,2349.74,2,9,0,2,0,0,-3.11,43,4.45,0
53,Female,Alberta,15,88526.85,712,32691.12,6712.11,1214.5,1,1,0,1,0,3193.19,43,2,7,2,1,2,-11.01,36,28.65,0
50,Female,Quebec,4,110699.49,679,4053.06,7670.69,2777.06,1,1,0,0,1,643.11,3,23,3,1,0,2,-16.44,31,10.0,1
53,Female,British Columbia,11,53799.39,704,31940.8,3807.81,50.0,1,1,1,1,0,1445.15,15,10,3,3,2,1,-4.05,21,13.25,1
72,Male,Ontario,10,118824.25,624,43062.78,9100.96,3041.92,2,1,0,0,0,1140.31,41,31,7,2,0,0,-2.01,47,37.5,0
26,Male,Alberta,4,52848.89,609,30569.42,4046.54,1976.34,1,1,0,0,0,1317.75,1,19,6,1,0,0,-18.15,8,7.3,0
59,Male,Ontario,2,46541.03,667,54997.1,4167.64,2292.12,4,1,1,0,1,645.39,3,15,3,0,0,2,11.09,37,7.2,0
52,Male,Quebec,14,40161.21,643,41748.15,3929.6,4289.85,3,1,0,0,0,1036.36,44,16,3,1,0,0,-16.48,35,34.2,0
53,Male,Alberta,2,46161.5,801,15264.2,4648.57,1891.87,4,1,1,0,0,1275.47,43,29,8,4,1,0,-1.33,8,38.1,0
41,Female,Alberta,6,70474.09,752,50758.02,5297.78,2524.02,3,1,0,0,1,1557.84,23,32,7,3,0,1,-4.36,38,26.15,0
74,Male,Ontario,10,72931.3,577,0.0,5911.64,3807.65,2,1,0,0,0,3718.84,34,29,2,2,0,0,-2.16,33,32.25,0
60,Female,Quebec,11,36317.51,779,71466.83,3173.69,2880.23,2,1,1,0,0,2579.55,3,16,3,4,0,0,12.74,7,7.55,0
47,Male,Ontario,15,133611.53,564,28933.77,10835.55,1614.59,1,1,0,0,0,2616.13,8,20,6,3,1,0,9.92,30,12.2,0
68,Male,Alberta,9,62277.71,836,57864.84,4990.43,2953.36,1,1,0,0,0,584.22,18,6,7,1,0,1,-2.32,38,13.8,0
65,Male,Quebec,15,107599.12,689,0.0,8025.01,1866.83,1,1,0,1,0,29.03,23,32,5,1,0,2,-2.17,9,26.15,0
57,Female,British Columbia,0,35767.08,704,28250.23,4168.1,577.42,4,1,1,0,0,4990.91,16,18,8,0,1,1,-7.99,24,16.7,0
57,Female,Alberta,4,99850.58,850,42027.52,7774.84,1962.34,1,0,1,1,1,0.0,23,12,1,1,0,0,-1.1,55,19.15,0
72,Female,Ontario,7,72670.05,571,41240.44,6470.17,2320.56,2,1,0,0,0,3083.22,37,33,8,0,1,0,8.2,36,35.6,0
37,Female,Ontario,14,121871.73,766,5004.2,10412.59,2013.34,1,1,1,0,1,1504.07,13,3,4,2,1,0,-16.17,33,9.5,0
32,Male,Ontario,10,84214.11,584,78468.69,6850.21,3625.06,1,1,0,0,1,2246.93,5,27,4,0,2,2,2.98,34,12.7,0
32,Male,British Columbia,12,124359.95,605,33145.69,10885.8,1586.24,2,1,0,0,0,931.98,31,11,6,1,0,0,1.88,29,24.0,1
54,Female,Quebec,9,108255.72,705,68871.62,9760.75,2842.15,2,0,0,0,0,0.0,9,3,7,2,0,0,9.21,7,6.9,0
22,Female,Ontario,8,76376.24,790,38831.35,5583.32,6187.3,1,1,1,0,1,357.2,23,26,6,1,0,0,10.11,12,24.05,0
67,Male,British Columbia,2,58940.52,635,45491.06,4598.0,1334.75,1,1,1,0,0,2914.39,29,3,3,2,0,2,-2.28,32,19.9,0
53,Female,Ontario,7,82380.73,660,28138.78,7168.06,50.0,2,1,1,0,0,2555.92,1,29,6,1,0,0,-2.53,12,10.8,0
56,Female,Quebec,5,96730.69,752,75598.5,8003.05,50.0,1,0,0,0,0,0.0,21,4,7,3,1,0,3.02,16,15.05,0
48,Female,Ontario,13,25000.0,741,69486.29,1915.47,2209.57,1,1,0,0,0,956.21,25,33,5,1,0,1,17.08,7,27.8,0
53,Female,British Columbia,2,98418.07,650,61790.56,8387.55,5783.48,2,1,0,0,1,1836.55,17,17,2,0,0,1,-21.33,11,17.0,0
57,Male,Ontario,1,91383.92,632,29684.63,7242.81,2000.86,1,1,0,0,1,2074.34,36,4,8,5,0,1,-12.69,33,24.8,0
42,Male,Quebec,0,104644.23,792,7578.64,8738.44,5132.0,2,1,0,0,0,3639.58,35,29,2,3,1,1,22.28,13,32.9,0
46,Male,Ontario,8,97063.29,711,11086.4,8618.68,2270.76,4,1,0,0,1,1443.33,27,34,1,2,0,0,15.86,19,29.45,0
51,Female,Ontario,12,117249.3,705,9552.5,9242.42,1944.76,2,1,0,0,0,2843.63,31,28,3,5,0,0,14.76,26,29.95,0
64,Female,British Columbia,7,74792.43,576,51192.83,6271.93,1891.9,2,0,1,1,0,0.0,31,28,2,2,0,0,11.62,27,29.95,0
22,Female,Ontario,4,46359.71,707,74666.32,3972.28,5210.24,2,1,0,1,1,2031.42,1,21,4,0,1,1,-20.6,36,8.0,1
38,Female,Quebec,9,66109.12,459,0.0,5008.06,5129.67,1,1,1,1,0,2005.52,18,30,3,0,1,0,-7.34,37,22.2,0
54,Male,Alberta,9,62257.28,732,21056.32,4614.17,479.14,2,0,0,1,0,0.0,44,3,8,1,0,1,-3.76,27,29.65,0
34,Female,Ontario,8,128726.48,777,3673.46,11502.76,2638.54,3,1,0,0,0,1300.33,6,30,0,2,1,0,-3.69,26,14.4,0
33,Female,Alberta,3,82204.94,582,104047.83,7042.49,1945.65,2,0,1,0,0,0.0,13,6,5,2,0,0,-7.58,9,10.55,0
43,Female,Ontario,5,34612.7,606,39711.73,2950.93,3488.42,1,1,0,0,0,1246.16,3,28,0,3,0,1,1.81,35,11.75,0
68,Male,Quebec,15,109941.27,680,69427.3,9957.71,4484.86,3,1,0,0,1,0.0,29,8,4,2,0,0,12.74,41,21.65,0
28,Female,Quebec,0,91152.48,696,60571.75,7761.54,1786.13,3,1,0,0,0,1269.33,17,29,7,1,0,1,1.33,37,21.2,0
41,Male,Alberta,5,57916.1,817,24332.58,4988.25,3123.62,3,1,0,0,0,708.66,40,29,2,1,0,1,6.32,29,36.15,0
30,Female,Ontario,15,104092.36,770,41314.9,9013.27,3354.12,1,1,0,0,0,2404.62,24,15,7,2,1,0,-1.11,28,20.85,0
54,Male,Ontario,12,34726.47,661,33506.18,2306.65,1887.81,3,1,0,0,0,358.25,41,29,8,0,0,1,13.89,43,36.8,0
24,Female,Ontario,12,70829.32,523,25488.64,6195.43,3113.97,2,1,1,0,0,1265.87,0,28,1,1,0,0,-16.6,24,9.8,0
39,Female,Ontario,7,116883.91,635,31323.36,10364.16,5021.31,2,1,0,1,1,1262.66,29,1,5,1,0,0,7.45,42,19.2,0
62,Female,British Columbia,3,69602.71,850,42066.6,6281.79,777.02,1,1,0,1,0,2421.72,35,18,1,1,0,0,-1.52,36,29.05,1
61,Female,British Columbia,4,82792.99,724,45369.67,7109.46,2392.22,1,1,0,1,0,981.81,11,8,6,1,0,0,7.52,9,9.95,0
31,Female,Ontario,2,113695.43,671,6014.95,9776.18,2181.82,2,0,0,0,1,0.0,4,17,5,1,0,0,6.0,13,8.55,0
58,Male,Alberta,3,95502.06,678,32579.2,8373.42,3544.97,1,0,0,0,1,0.0,19,19,1,1,0,1,-1.97,23,19.0,0
21,Male,British Columbia,15,49293.18,794,7468.62,4620.28,4678.8,1,1,1,0,0,2627.01,13,6,6,2,0,0,-29.04,38,10.55,0
74,Male,Ontario,1,131748.59,850,28309.14,10955.47,3427.43,2,1,0,1,1,941.0,35,11,2,1,1,0,-0.97,14,26.6,0
29,Male,Quebec,14,120417.61,670,45320.34,9709.29,2550.11,3,1,1,0,1,1976.5,25,6,0,5,0,0,-1.89,31,18.35,0
37,Male,Quebec,6,106471.47,493,44432.66,8413.54,3246.88,1,0,0,0,0,0.0,38,14,7,2,0,0,-1.71,15,29.6,0
38,Female,Ontario,10,99323.19,717,37829.95,8711.49,1474.27,1,1,0,0,0,2826.25,40,32,8,3,0,0,16.49,27,37.2,0
43,Male,Ontario,8,44633.46,773,4889.66,2875.17,3465.28,1,1,0,1,0,255.29,12,19,1,1,0,1,22.28,40,14.45,0
45,Female,Ontario,0,89237.44,782,15244.22,7630.62,2866.79,1,1,0,1,1,744.46,12,2,7,1,0,0,7.24,33,8.5,0
70,Male,Ontario,10,111027.8,799,17077.41,9975.79,1492.44,1,0,0,1,0,0.0,4,6,1,0,0,0,0.39,41,4.7,0
54,Male,Ontario,14,58640.39,680,0.0,5436.56,3740.97,1,1,0,0,0,1250.49,4,4,7,2,1,0,12.07,33,4.0,0
47,Male,British Columbia,9,140445.65,778,79709.99,12718.37,2807.82,2,1,1,1,0,2499.08,18,33,5,2,0,0,-0.23,57,23.25,0
72,Male,Ontario,5,74412.16,772,76992.62,6077.98,1479.75,3,1,1,0,0,1646.32,11,4,6,3,0,2,11.7,28,8.55,0
27,Female,Alberta,7,82651.84,648,35785.99,7365.17,1997.82,1,1,1,0,0,1952.34,10,26,8,1,1,0,-1.68,53,15.6,0
73,Female,Ontario,6,119954.51,729,55768.07,9206.04,2238.21,2,1,0,0,0,2757.32,28,20,7,2,1,0,5.38,33,25.2,0
37,Female,British Columbia,10,47519.74,568,33558.41,5127.2,4560.13,1,1,0,0,1,1720.89,23,19,7,3,2,1,-34.65,25,21.6,1
24,Female,Ontario,0,75346.72,578,72231.82,5906.0,2125.63,4,1,0,0,0,4558.42,41,24,3,2,0,0,-14.5,41,35.05,0
29,Male,Alberta,0,134561.66,682,72835.9,11395.77,3378.16,1,1,0,0,0,1805.27,32,6,7,2,0,0,3.6,20,22.9,0
43,Female,Ontario,8,67103.88,671,66535.86,4672.48,3981.15,1,1,0,0,0,1366.83,18,12,4,3,0,0,4.26,57,15.9,1
28,Male,Ontario,15,32461.07,495,8456.21,2085.61,102.45,1,1,0,0,0,2225.97,21,33,7,1,0,0,-15.52,36,25.2,0
50,Male,Alberta,14,84758.86,658,54662.59,6910.22,2714.56,2,1,1,0,0,1498.56,18,9,5,2,1,0,6.37,31,14.85,0
42,Female,Ontario,0,106412.54,520,56446.83,9288.04,3735.36,1,1,0,0,1,1836.43,19,20,4,0,0,0,-8.91,35,19.35,0
21,Male,Quebec,11,80079.74,551,46435.69,5847.22,1893.96,2,1,0,0,1,603.91,32,32,7,0,0,0,-1.63,10,32.0,0
37,Female,Quebec,12,103806.82,599,39010.02,9238.47,3572.02,2,0,0,0,0,0.0,43,21,4,2,0,0,11.18,20,35.3,0
53,Female,Alberta,15,111303.69,694,31881.71,10613.31,2531.27,3,0,1,0,0,0.0,6,31,3,1,1,0,-0.92,25,14.75,0
53,Male,Ontario,2,82561.58,735,52469.99,7350.49,4522.35,4,1,0,0,0,0.0,17,31,2,4,0,0,-7.92,47,21.9,0
24,Female,Ontario,7,88391.75,658,31118.13,7074.86,679.84,1,1,0,0,0,0.0,2,7,7,1,0,1,9.02,45,3.75,0
53,Male,Alberta,10,99567.33,765,48301.34,8587.02,810.79,2,1,1,0,0,1932.33,23,7,2,1,0,0,9.34,1,17.4,0
39,Male,Quebec,9,82538.41,791,13439.58,6167.8,1752.1,3,1,0,0,0,1624.18,16,10,4,2,2,1,4.75,21,13.9,0
63,Female,Quebec,8,67592.86,754,0.0,6700.75,1927.56,1,1,0,1,1,1171.78,28,14,8,1,1,0,0.51,47,23.1,0
40,Male,Alberta,4,99523.49,737,81654.63,8113.63,2372.81,1,1,0,0,1,2697.21,30,2,3,2,1,0,16.79,42,20.2,0
67,Female,Ontario,13,99150.65,808,40074.58,8183.92,779.54,2,1,0,0,0,1368.3,42,6,8,0,1,1,14.51,22,29.4,0
42,Female,Ontario,3,137974.91,661,26158.58,11968.44,2414.58,2,1,0,0,0,1337.18,23,0,6,4,0,0,-4.32,18,14.95,0
39,Female,Ontario,4,116132.44,788,61707.04,8663.71,3813.92,3,1,1,0,1,0.0,28,33,2,0,1,0,14.28,27,29.75,0
47,Male,Quebec,10,114949.94,815,48768.78,8377.95,50.0,1,1,0,0,0,2341.83,28,5,6,0,0,0,-5.45,29,19.95,0
23,Female,Ontario,1,142821.52,689,0.0,11129.63,4554.51,1,1,0,0,0,798.21,4,0,0,3,0,0,-27.12,26,2.6,1
55,Female,Ontario,9,90272.32,600,82698.42,7575.05,512.42,1,1,0,0,0,3328.77,22,15,1,2,0,0,-2.77,27,19.55,0
69,Male,British Columbia,1,60139.45,624,60832.88,4240.19,1052.01,2,1,0,0,0,1352.66,34,7,1,2,1,0,-5.21,16,24.55,0
27,Female,Ontario,2,94497.3,640,30558.04,7855.02,4938.75,3,0,0,0,0,0.0,5,29,6,1,2,0,18.71,24,13.4,0
54,Male,Alberta,15,68727.64,724,48845.48,5234.53,891.68,2,1,0,0,0,2194.79,3,29,4,1,1,0,-10.35,18,12.1,0
59,Female,Alberta,0,58727.67,626,11358.41,5081.83,3604.91,2,0,0,0,1,0.0,27,23,3,2,1,0,-14.84,39,25.6,0
64,Male,Ontario,12,78748.1,642,60750.69,6309.29,3002.21,2,1,1,0,0,952.45,44,20,3,0,0,0,-6.11,16,35.6,0
67,Female,Ontario,1,66723.98,814,46857.35,5631.68,924.21,1,1,1,0,0,1707.18,31,34,5,1,0,1,23.4,47,32.05,0
28,Female,Quebec,2,95554.48,664,46690.49,6470.15,3480.91,1,1,0,0,0,1988.27,44,22,8,5,1,0,-4.93,55,36.3,0
67,Male,Ontario,10,84416.8,753,7149.64,6776.18,3362.6,4,1,0,0,0,2060.92,26,19,2,0,0,5,5.19,35,23.55,0
67,Female,Ontario,1,129043.36,746,84515.34,10767.35,1987.77,3,0,1,0,1,0.0,1,8,5,1,1,1,-16.0,31,3.45,0
53,Male,Ontario,10,34024.05,758,57215.2,3729.13,3742.63,2,0,1,0,0,0.0,23,30,4,1,0,0,-6.55,14,25.45,0
24,Male,Ontario,12,74984.27,789,44983.57,7392.19,2408.05,2,1,1,0,0,2030.74,17,33,4,2,0,0,-2.91,24,22.6,0
22,Male,Ontario,0,92656.22,596,49856.92,7795.92,743.17,4,1,0,1,1,1380.36,34,15,3,6,0,0,-1.02,22,27.35,0
43,Male,Ontario,12,91572.72,698,72833.76,7087.76,3569.53,1,1,0,1,0,770.76,25,5,0,1,0,0,10.29,16,18.0,0
30,Male,Quebec,10,73875.0,770,74803.31,6116.59,3259.53,3,1,0,0,1,3160.97,24,0,7,0,0,1,12.2,32,15.6,0
31,Female,Alberta,11,60209.7,804,59416.88,4669.51,1324.07,2,1,0,0,1,1717.37,27,23,6,0,1,0,3.14,37,25.6,0
27,Female,Quebec,3,114721.84,587,71875.75,9519.68,1187.44,2,1,0,0,0,1032.62,6,21,2,2,0,1,-10.36,34,11.25,1
34,Male,Ontario,0,61921.8,752,29006.93,5197.13,854.78,3,1,1,0,1,826.55,43,22,3,1,0,0,-8.38,34,35.65,0
58,Male,Alberta,9,30871.21,834,87591.27,1393.49,2388.34,2,1,1,0,0,2351.54,23,16,1,2,0,0,35.06,27,20.55,0
69,Female,Ontario,15,118324.85,668,12693.95,8722.64,2447.19,2,1,0,0,1,2047.17,20,1,7,3,0,0,-12.04,50,13.35,0
45,Female,British Columbia,1,93942.94,696,45300.84,7770.13,1745.12,1,1,1,0,0,1371.93,23,19,6,3,0,0,-7.37,23,21.6,0
62,Female,Ontario,1,65303.61,660,24277.08,5002.18,4027.9,2,1,0,0,0,1415.1,44,19,2,4,0,1,15.94,58,35.25,0
41,Male,Alberta,9,123362.57,653,78399.33,10381.0,4798.24,3,1,0,0,1,1546.82,2,3,6,3,0,0,-26.55,11,2.35,0
52,Male,Ontario,11,52440.68,850,13551.57,4424.27,1540.9,2,1,0,0,1,1184.85,30,2,5,2,1,0,11.95,28,20.2,0
61,Male,Ontario,3,103096.31,562,34026.1,9767.82,3487.81,1,1,0,0,0,3729.47,7,17,8,0,0,0,-12.09,44,10.5,0
38,Female,Ontario,1,61195.37,621,0.0,5318.42,4278.75,3,1,0,0,0,1973.57,2,27,0,1,0,0,0.12,44,10.75,0
66,Male,Quebec,1,77030.62,712,89881.03,6271.36,2978.98,4,1,0,0,0,0.0,26,34,5,2,0,1,9.55,11,28.8,0
54,Male,Quebec,15,47716.63,708,66211.5,3519.45,3125.34,4,1,1,0,0,1379.86,30,31,0,3,0,0,-2.92,38,30.35,0
67,Male,Alberta,12,29614.9,604,32565.13,2273.07,3432.05,1,1,1,0,1,4258.09,2,22,3,1,0,0,17.07,20,9.0,0
33,Female,British Columbia,3,122774.67,789,41043.23,11291.01,1012.58,3,1,0,1,0,739.98,22,15,2,2,0,0,1.6,33,19.55,0
23,Male,Ontario,14,120828.31,623,65323.45,9909.04,3400.74,2,1,0,0,0,3417.11,16,30,7,2,1,0,-2.02,34,20.9,0
48,Male,British Columbia,10,113255.57,621,72797.9,9480.6,4169.91,3,1,0,1,1,2397.11,26,8,2,2,0,0,1.94,71,19.7,0
60,Male,Alberta,13,121678.98,642,42878.88,9875.23,4149.17,3,1,1,1,0,734.24,16,14,3,1,0,0,0.57,53,15.3,0
39,Male,British Columbia,15,154388.9,517,54349.91,13168.26,5022.49,1,1,1,1,0,2340.9,24,11,6,2,0,0,15.56,35,19.45,0
67,Male,British Columbia,5,70484.41,589,52898.77,5905.66,3730.78,2,1,0,1,1,1459.98,32,9,6,2,1,1,-4.95,30,23.95,1
48,Male,Alberta,12,117164.4,656,18112.63,9262.94,2282.77,2,0,1,0,0,0.0,19,16,0,3,2,2,5.34,33,17.95,1
66,Female,Alberta,3,131734.78,617,119964.55,10891.03,2601.52,3,1,0,0,1,0.0,19,14,6,1,0,1,-6.1,45,17.25,0
35,Male,Quebec,9,103539.26,774,32233.71,7868.64,2758.45,1,1,0,0,0,1971.18,35,27,6,0,0,0,19.54,17,32.2,0
70,Male,Quebec,4,101568.45,734,15168.0,8401.2,1769.56,2,0,1,1,0,0.0,23,15,2,1,0,0,18.47,26,20.2,0
51,Female,Quebec,13,98067.24,659,64461.02,8177.7,2719.01,2,1,0,0,0,1149.78,13,23,3,6,1,0,9.24,41,16.5,0
27,Female,Alberta,13,97648.57,687,119288.5,7588.23,5672.44,2,1,0,0,0,2876.41,23,20,7,2,0,0,3.33,17,21.95,0
35,Female,Ontario,13,62204.91,629,33516.6,5103.83,1574.77,1,1,1,1,0,1742.45,29,11,6,2,1,1,1.31,29,22.7,0
58,Male,Ontario,6,60530.48,755,19269.92,5047.68,1879.88,1,1,0,0,0,3458.47,15,27,7,2,1,0,-0.98,27,19.2,0
66,Male,British Columbia,0,64127.45,793,0.0,5821.61,3915.15,3,1,0,0,1,1899.94,9,15,0,2,1,0,0.9,15,11.1,0
25,Male,Quebec,7,65026.86,748,41541.84,5402.93,1119.05,4,1,0,0,0,1274.94,32,12,6,5,0,1,-1.59,11,25.0,0
71,Male,Quebec,1,77076.09,586,0.0,5393.78,3876.44,3,1,0,0,0,3815.48,1,23,0,7,1,0,-13.91,27,8.7,1
61,Female,Ontario,11,87056.46,618,24655.35,6381.6,3980.41,2,1,0,1,0,1686.77,41,21,4,0,0,0,-17.59,44,34.0,0
70,Male,Ontario,1,85148.59,812,0.0,7891.81,2283.93,2,1,0,0,1,586.7,21,22,8,2,1,0,10.08,23,21.35,0
26,Female,Alberta,15,122032.2,674,74451.16,11515.59,2913.83,1,0,0,0,0,0.0,36,12,0,2,1,0,8.46,21,27.6,0
47,Male,Ontario,1,136563.06,676,31145.83,11464.23,3386.47,1,0,0,0,0,0.0,33,17,7,1,1,0,-6.66,33,27.4,0
29,Male,Alberta,6,80195.48,574,60050.04,6510.02,1540.28,1,1,0,1,0,1769.59,17,25,6,3,0,0,3.02,21,19.8,0
64,Male,Quebec,7,115727.18,795,31032.54,9122.47,1948.67,1,1,0,0,1,1344.2,19,22,8,3,0,0,30.46,35,20.05,0
54,Female,Alberta,3,51702.47,695,0.0,3716.09,796.25,1,1,0,0,0,1088.2,41,16,3,4,0,1,-11.61,28,32.25,1
53,Female,British Columbia,0,72398.43,454,7284.76,6460.39,5155.02,1,1,0,0,1,3318.11,36,26,0,2,0,0,-1.79,63,32.5,0
28,Female,Ontario,4,138214.78,677,23605.38,10895.55,2033.4,1,1,0,1,0,2545.41,36,23,4,4,1,0,-3.36,48,31.45,0
22,Female,British Columbia,2,67546.71,527,55771.24,5460.17,2921.17,1,1,0,0,0,2988.69,5,23,1,0,1,0,1.37,16,11.3,0
43,Female,Quebec,8,84208.66,640,25893.53,7941.0,3807.0,3,0,0,0,0,0.0,0,12,4,2,0,0,3.58,29,4.2,0
39,Female,Ontario,4,72126.36,800,56495.18,6061.15,1206.48,1,0,0,1,1,0.0,30,17,0,2,0,0,3.32,48,25.45,0
29,Female,Quebec,15,91717.25,661,20303.91,5860.27,2894.14,1,1,0,0,0,2375.97,7,18,7,2,0,0,4.34,33,10.85,0
59,Male,British Columbia,4,45766.18,592,12287.12,3028.79,3442.57,1,1,1,0,0,4230.54,18,14,3,0,0,1,-25.9,27,16.6,0
28,Female,Ontario,7,137664.33,615,41765.23,11002.93,3218.78,2,1,1,0,0,1290.24,7,12,7,3,0,0,-14.92,53,8.75,0
44,Male,Quebec,14,42533.11,686,66544.63,3003.43,3642.98,2,1,1,0,0,2782.96,12,4,4,2,0,0,28.62,18,9.2,0
22,Female,Quebec,11,56948.65,610,22844.15,3887.38,643.78,3,1,1,0,0,755.49,37,1,7,3,3,0,1.15,33,24.4,0
21,Female,Quebec,14,60470.34,613,42367.18,4964.51,1990.11,3,0,0,0,1,0.0,31,12,1,2,0,0,7.96,31,24.35,0
54,Female,Quebec,0,95683.02,709,52864.42,7542.31,3861.5,2,1,0,0,0,1965.17,16,2,8,3,0,0,11.52,41,11.1,0
42,Male,Alberta,12,72952.82,830,45479.85,6857.65,2930.3,1,1,0,0,0,1814.45,42,27,8,4,0,1,9.91,54,36.75,0
70,Male,Ontario,10,62421.26,579,18042.06,4695.64,2090.34,1,1,0,1,0,2415.66,20,4,8,0,0,0,-1.97,51,14.4,0
41,Male,British Columbia,8,103681.19,726,105903.61,9160.24,219.36,4,1,1,0,0,2397.54,24,21,3,1,0,1,3.6,3,22.95,0
55,Female,Alberta,10,99600.68,776,97403.13,9111.77,3936.17,3,1,0,0,0,623.01,34,22,2,1,0,0,23.99,25,29.8,0
26,Female,Ontario,1,75245.02,625,80947.56,6302.27,756.81,2,0,1,0,1,0.0,31,29,6,1,0,0,-13.32,35,30.3,0
28,Female,Quebec,1,75774.61,674,97256.1,6034.34,1884.89,2,1,0,0,0,3290.99,20,7,6,1,1,0,33.21,44,15.45,0
45,Male,Alberta,7,80372.8,686,53102.49,7613.93,3655.02,2,1,1,0,0,1090.65,44,12,7,0,1,0,5.27,52,32.8,0
51,Female,Ontario,4,74192.55,585,0.0,5872.0,2903.4,1,1,0,0,0,1661.37,38,26,4,1,0,0,-6.53,26,33.8,0
65,Female,Ontario,4,75287.54,622,102642.14,5308.9,3173.44,3,1,0,0,0,1917.98,14,5,3,1,0,0,7.42,14,10.85,0
74,Female,Alberta,1,102462.75,777,20276.9,8917.66,6305.51,3,0,0,0,0,0.0,24,4,3,4,0,0,16.94,30,17.0,0
57,Female,Quebec,11,47113.28,592,48605.87,4149.06,3518.85,4,1,0,0,0,486.55,23,34,1,0,0,0,3.53,19,26.85,0
39,Female,Quebec,6,119121.79,688,31941.67,9827.29,2178.46,3,1,0,1,0,0.0,34,5,3,4,0,1,-2.37,1,23.85,0
59,Male,Ontario,3,36004.21,593,13126.7,3805.7,2612.54,2,1,0,0,1,176.49,12,27,2,4,0,0,2.31,45,17.25,0
43,Female,British Columbia,10,124382.72,632,29961.42,9607.01,3700.72,1,1,0,0,1,4074.15,38,13,2,0,0,0,4.49,48,29.25,0
64,Female,Quebec,0,110630.18,708,13864.6,9628.4,4631.64,3,0,0,0,0,0.0,28,28,5,3,0,0,5.34,31,28.0,0
58,Male,Quebec,11,56605.48,461,61738.5,4964.86,2177.21,3,1,0,0,0,2699.03,12,7,3,0,1,0,7.78,22,10.25,0
53,Male,Alberta,6,66869.41,684,59430.24,5848.68,2216.81,1,0,0,0,1,0.0,14,29,1,1,0,0,-6.26,15,19.25,0
65,Female,Ontario,9,69134.37,619,66128.33,4975.81,3476.07,1,0,0,0,0,0.0,29,34,8,2,0,0,-21.84,12,30.75,0
51,Male,British Columbia,14,124461.55,700,66902.34,12081.05,4659.02,1,0,0,0,1,0.0,16,3,3,2,1,0,-4.64,16,11.45,1
35,Female,Ontario,15,52586.59,740,47647.47,4284.42,3145.27,1,1,0,0,0,3048.45,1,4,2,3,0,0,2.43,30,2.05,0
48,Female,British Columbia,6,65793.01,744,43138.02,6199.49,2599.14,2,0,0,0,0,0.0,0,12,6,3,0,0,-12.92,18,4.2,0
47,Female,Ontario,10,85216.64,687,37973.89,7464.91,2215.94,3,1,0,0,0,426.08,9,27,2,1,0,1,12.33,28,15.3,0
37,Male,Ontario,14,101637.92,712,0.0,7910.95,3188.42,1,1,0,0,0,2819.21,21,6,2,1,0,0,17.26,51,15.75,0
59,Female,Alberta,15,96954.05,722,60983.93,7565.24,1486.92,2,1,0,0,1,2744.62,3,13,5,3,0,0,1.95,25,6.5,0
48,Female,British Columbia,14,110402.78,771,18497.78,8204.71,3570.09,2,1,1,0,1,1795.04,39,20,2,2,0,0,-3.41,35,32.35,0
25,Female,British Columbia,7,42072.98,768,36465.96,4757.42,50.0,2,1,1,0,0,0.0,15,25,7,3,0,0,-3.18,43,18.5,0
45,Male,Alberta,0,50620.31,665,38937.89,4301.89,1708.49,1,1,0,0,0,2968.2,29,20,0,1,1,1,6.03,16,25.85,0
29,Female,Ontario,7,63836.57,673,13943.27,5857.54,3239.77,1,1,1,1,0,1864.87,40,32,7,2,0,1,-19.69,39,37.2,0
61,Male,British Columbia,15,86868.1,591,62569.76,6422.81,2428.93,1,1,0,0,0,2317.57,27,18,7,2,0,0,9.98,35,23.85,0
33,Male,Alberta,10,87064.76,609,30685.09,7476.8,2231.98,1,1,0,0,0,2402.04,34,20,5,1,1,0,-14.81,37,29.1,0
75,Male,Quebec,8,105952.48,846,0.0,9536.6,4033.24,2,1,0,1,0,569.84,10,8,2,1,0,1,-0.54,29,9.3,0
70,Female,Ontario,6,68613.11,727,63763.55,5479.77,3566.1,2,1,1,0,0,3367.79,43,22,7,2,1,0,-10.3,15,35.65,0
45,Male,Alberta,12,78148.71,824,100862.94,6523.5,3050.17,1,0,0,0,0,0.0,23,20,8,1,0,0,7.83,14,21.95,0
71,Male,British Columbia,7,93941.05,702,42654.22,7397.97,3135.29,3,1,0,0,0,5027.18,35,9,5,4,0,0,-1.54,20,25.9,0
70,Male,Ontario,6,96971.02,561,20219.18,8237.99,2638.75,2,0,1,0,0,0.0,15,28,8,3,1,0,-16.49,25,19.55,0
46,Male,British Columbia,3,93476.74,702,41334.38,7833.78,3722.48,3,0,0,0,1,0.0,23,26,6,3,1,0,24.29,17,24.05,0
58,Female,Ontario,7,63670.22,850,52474.36,3934.67,1751.82,1,0,0,0,1,0.0,38,4,4,3,0,0,-5.44,26,26.1,0
70,Male,British Columbia,2,106075.16,835,0.0,8153.17,3711.44,2,1,0,0,0,1655.97,13,10,1,4,1,1,8.08,18,11.95,0
65,Female,Ontario,0,132986.76,633,61209.64,10413.88,1454.77,1,1,0,0,0,1215.35,22,19,4,1,1,0,10.57,32,20.95,1
62,Male,Alberta,4,78237.24,575,81351.7,6384.35,3696.3,1,1,1,0,0,1164.44,17,18,4,3,0,0,-15.51,29,17.35,1
24,Male,Ontario,5,73022.87,577,13419.21,6113.15,1801.74,2,0,0,0,0,0.0,34,25,6,4,2,0,-6.4,20,30.85,0
30,Male,Alberta,10,67483.4,764,18084.81,6115.37,4492.04,1,1,0,1,0,3597.23,18,22,4,0,1,1,-32.07,27,19.4,0
74,Female,Ontario,3,69732.99,818,40132.38,4608.95,1599.45,2,1,0,0,0,1484.36,21,28,3,2,1,0,12.39,26,23.45,0
58,Male,Ontario,6,116948.2,720,51593.52,9405.5,4378.97,3,1,0,0,0,1194.84,44,6,4,1,0,0,-3.41,42,30.7,0
22,Male,British Columbia,15,120206.64,616,12203.41,9485.63,5177.94,2,1,0,0,1,3156.6,0,9,0,1,0,0,-16.09,22,3.15,0
29,Male,British Columbia,13,96390.1,654,27078.29,8864.1,548.58,2,1,0,1,1,756.27,6,28,2,2,2,0,-2.0,51,13.7,0
33,Male,Ontario,0,128650.53,665,90885.73,11632.41,3758.82,2,0,0,1,0,0.0,32,17,4,2,1,2,-16.62,40,26.75,0
63,Female,Alberta,12,25000.0,734,35190.65,2031.85,50.0,3,1,1,0,0,2214.5,44,14,1,2,1,1,-8.51,29,33.5,0
31,Female,Ontario,8,64346.35,612,68980.96,5246.01,2555.09,2,1,0,0,0,440.85,42,23,7,0,0,0,3.52,45,35.35,0
53,Male,Quebec,10,69474.64,654,46189.7,5030.45,4792.41,3,1,0,0,1,3492.57,18,8,8,1,3,0,10.72,32,14.5,0
46,Male,Ontario,12,75835.89,653,45458.04,6191.79,4739.8,1,1,1,0,1,2506.56,32,7,6,1,0,1,4.97,42,23.25,0
71,Male,Alberta,13,99871.8,659,46938.27,7331.64,1583.09,3,0,1,0,0,0.0,41,21,4,0,1,0,2.75,38,34.0,0
75,Male,British Columbia,12,62299.59,812,42700.04,5618.11,1646.41,2,1,0,0,1,2145.24,42,0,4,2,0,0,1.89,25,27.3,0
74,Male,Alberta,12,80510.15,845,64458.95,7375.2,3251.09,3,1,0,0,0,1726.84,37,25,4,4,0,0,0.09,25,32.8,0
52,Male,Ontario,4,105476.21,660,47893.56,8213.97,3032.06,1,1,0,0,0,2542.01,5,21,6,1,0,0,-0.64,43,10.6,0
39,Male,Quebec,1,130004.9,808,29764.09,10967.19,2573.16,2,1,1,0,1,0.0,36,11,2,0,0,0,13.13,38,27.25,0
33,Female,Ontario,5,117119.92,558,71398.16,10097.34,325.4,3,1,0,0,0,0.0,42,21,7,1,2,0,-3.22,49,34.65,1
53,Female,Ontario,8,60856.43,650,49445.91,5582.5,3842.53,3,1,0,0,1,1285.94,2,7,4,0,1,0,29.6,10,3.75,0
60,Female,Ontario,11,92482.04,675,1142.84,7870.63,4764.64,3,1,0,1,0,4027.68,15,19,1,1,0,2,16.13,36,16.4,0
29,Female,British Columbia,15,92818.86,808,17099.96,6634.48,2006.5,2,1,0,0,1,2093.65,19,13,7,0,1,0,7.22,35,16.9,0
33,Male,Ontario,15,103601.77,768,67722.99,9358.06,1424.03,2,1,0,0,0,3489.55,17,20,7,1,0,0,-3.88,48,18.05,0
60,Male,British Columbia,8,100616.95,829,27802.31,8307.21,2653.84,2,1,1,0,1,3043.71,26,29,2,5,1,0,-0.83,34,27.05,0
43,Female,Ontario,1,88318.57,643,77365.97,8548.95,5832.77,1,0,1,1,0,0.0,24,20,2,1,1,1,-1.84,31,22.6,0
24,Female,Ontario,6,97425.72,670,66369.08,7837.08,1987.74,2,1,0,0,1,3725.62,1,26,2,3,1,0,-8.75,42,9.75,0
73,Male,British Columbia,6,110899.17,716,81767.3,9418.14,4183.25,1,0,0,0,0,0.0,40,19,1,1,0,0,-9.24,43,32.65,0
60,Female,Alberta,14,49960.66,678,18612.73,3929.73,3984.1,1,0,0,0,0,0.0,2,7,5,1,1,0,-14.76,31,3.75,0
28,Male,Ontario,2,44995.31,657,3614.53,3473.35,1719.09,3,1,1,0,0,1061.67,3,19,0,1,2,0,4.09,57,8.6,0
63,Female,Ontario,12,69221.94,628,9674.11,5371.24,1440.64,2,1,0,0,0,2660.94,4,14,4,2,1,0,-16.31,27,7.5,0
62,Female,Quebec,10,33615.2,694,10705.67,2964.59,3345.25,2,1,1,0,1,1394.44,44,19,7,2,0,0,-11.94,56,35.25,0
53,Male,Quebec,12,80293.7,704,45186.77,7292.23,5552.81,3,1,0,0,0,2586.44,24,22,3,2,0,1,-3.09,28,23.3,0
47,Female,Quebec,10,80235.94,741,44187.76,6804.23,2398.46,3,1,0,0,0,2144.43,35,34,8,1,0,0,-4.57,16,34.65,0
36,Male,Ontario,6,99278.92,657,47169.26,9352.31,2236.55,2,0,1,1,0,0.0,9,1,2,1,0,0,-13.2,27,6.2,0
42,Female,Quebec,12,103184.97,676,73190.71,9345.84,4756.4,4,0,0,0,0,0.0,44,8,5,3,0,1,11.61,30,31.4,0
71,Female,Quebec,0,25000.0,850,19344.21,2121.0,3631.68,2,1,0,0,0,2880.06,37,13,8,3,0,0,17.11,21,28.6,0
50,Male,Alberta,10,78776.08,709,106104.05,6882.9,1505.54,2,1,0,1,0,1346.86,11,25,5,2,1,0,-14.81,36,15.9,0
69,Male,Alberta,10,80346.35,567,27405.96,7041.62,2159.36,3,1,0,0,0,1827.58,1,23,3,1,0,1,-6.08,18,8.7,0
69,Female,Quebec,14,121159.68,649,30958.05,9956.85,2342.56,3,1,1,0,1,2084.62,29,24,8,2,0,0,23.5,1,27.25,0
60,Male,Ontario,4,68339.11,735,42454.17,4763.54,2537.89,4,0,0,1,0,0.0,20,0,5,4,0,0,4.26,31,13.0,0
25,Female,Alberta,3,97730.78,586,34223.16,7813.81,1484.99,3,1,0,0,1,0.0,16,17,3,3,0,0,6.73,30,16.35,0
71,Female,Ontario,2,25000.0,770,47585.28,1562.14,2161.52,3,0,0,1,1,0.0,13,13,6,3,0,0,-3.77,39,13.0,0
38,Male,Alberta,4,66511.03,807,30140.13,5586.51,4324.6,2,1,0,0,0,939.66,25,11,6,3,0,1,-8.46,19,20.1,0
40,Female,Ontario,12,107171.11,719,42653.01,9735.43,1754.18,3,0,0,0,0,0.0,35,22,6,0,0,0,20.46,24,30.45,0
28,Male,Quebec,0,63921.73,695,0.0,5373.26,1459.29,2,0,0,0,1,0.0,14,1,4,1,2,0,10.56,39,9.45,0
25,Male,Ontario,2,38095.62,716,32921.55,2802.86,2512.63,3,0,0,1,0,0.0,5,24,6,2,0,0,-1.21,13,11.65,0
50,Male,British Columbia,15,92036.27,745,46880.73,7760.08,3680.49,3,1,1,0,1,3018.87,25,5,7,1,0,0,33.8,16,18.0,0
49,Female,Alberta,8,112292.63,630,4597.58,9031.35,4653.98,2,1,0,0,0,1390.89,18,34,4,2,0,0,14.79,64,23.6,0
66,Male,Alberta,13,118970.3,690,41822.7,8948.9,3316.74,1,1,0,0,0,1119.22,8,34,1,2,0,0,-12.85,40,17.1,0
44,Female,Quebec,7,25000.0,761,13213.58,2517.92,5419.05,1,1,0,1,0,3072.2,26,18,4,3,1,0,15.25,31,23.2,0
44,Female,British Columbia,6,83022.03,623,0.0,6311.58,4811.0,2,1,0,0,1,1939.05,31,2,6,1,0,1,-18.13,21,20.85,0
75,Male,British Columbia,0,113769.62,801,24775.21,10156.32,50.0,1,1,0,0,0,1311.64,26,15,1,5,0,2,-9.79,37,22.15,1
63,Female,Ontario,15,62305.7,694,34721.19,3923.12,5198.17,2,1,0,1,1,1976.69,27,20,0,3,0,0,-1.42,35,24.55,0
75,Male,Quebec,10,65216.87,638,47225.87,3882.75,3071.34,3,1,0,0,0,3270.72,40,33,8,5,0,2,-21.33,25,37.55,0
73,Female,Quebec,10,93794.83,656,4326.56,8232.45,3640.68,3,1,1,0,0,1825.03,25,16,6,2,1,0,-12.51,34,21.85,0
66,Female,Quebec,11,92792.21,598,57275.9,8245.23,2304.02,1,1,0,0,0,2115.08,10,2,8,5,0,0,-11.41,42,7.2,0
27,Female,British Columbia,10,106182.05,683,80378.72,8585.75,502.46,2,0,0,1,1,0.0,20,24,2,0,2,1,-6.96,20,21.4,0
47,Female,Ontario,13,80056.97,609,7072.29,7392.61,1302.68,1,1,0,0,0,1790.6,43,24,2,0,1,0,-21.48,7,36.35,0
66,Male,Alberta,9,96876.76,846,76819.32,8338.46,3136.26,1,1,0,0,0,1998.66,44,15,7,2,0,0,-10.2,10,33.85,0
32,Female,Ontario,2,96486.74,678,23320.47,8067.68,4381.26,3,1,0,0,1,1478.51,6,13,7,3,0,0,0.14,27,8.45,0
29,Male,Alberta,4,46137.16,721,50841.36,3904.99,50.0,3,1,0,0,0,1442.19,5,28,1,1,0,0,-26.44,22,13.05,1
59,Female,British Columbia,8,124065.58,800,48922.0,9513.53,4183.1,1,1,0,0,1,1986.34,15,12,5,4,0,0,-7.61,23,13.95,0
64,Female,Quebec,4,36955.75,736,0.0,4304.98,4682.72,3,1,0,0,1,117.86,7,3,4,0,0,2,-10.67,30,5.6,0
29,Female,Ontario,9,123436.41,778,0.0,10223.35,2360.25,2,0,0,0,1,0.0,15,28,3,2,0,1,9.85,23,19.55,1
62,Male,British Columbia,4,129402.14,618,14610.73,9503.24,2271.78,2,0,0,0,0,0.0,43,22,0,1,0,1,-10.97,21,35.65,0
55,Male,British Columbia,1,62688.99,552,34715.59,4632.22,1752.79,3,0,0,0,0,0.0,10,0,5,2,0,0,6.28,42,6.5,0
45,Male,Ontario,6,89919.97,600,31176.3,7028.06,2047.33,2,0,1,0,1,0.0,1,17,2,1,0,0,5.23,23,6.6,0
48,Male,Quebec,14,120733.43,756,23133.84,9535.64,2931.94,2,0,0,0,1,0.0,15,23,1,0,0,0,3.12,41,17.8,0
34,Female,British Columbia,1,80317.55,618,31877.43,6891.69,2359.77,2,1,1,1,0,1186.65,3,31,7,1,0,0,4.04,37,12.8,0
28,Female,British Columbia,13,63774.48,659,24982.39,4600.66,1341.46,1,1,0,0,0,1941.92,21,16,6,1,1,2,-2.41,26,19.25,0
42,Male,Ontario,3,65661.49,817,29702.33,4712.48,3281.25,2,1,0,0,0,1652.92,39,19,7,1,0,1,3.05,39,32.0,0
30,Female,Ontario,10,60191.78,797,0.0,5238.44,2769.56,2,1,0,1,0,541.91,8,30,7,1,0,0,-1.03,37,15.7,0
47,Male,Ontario,0,42616.45,701,58255.86,2812.38,50.0,4,1,0,1,0,521.87,20,18,4,4,0,0,-12.21,28,19.3,0
48,Female,Ontario,0,89001.12,731,90240.39,7383.62,2272.05,1,1,0,0,0,1716.3,16,1,6,5,0,0,7.77,48,10.75,0
37,Male,Quebec,7,69750.36,626,69884.65,4663.92,50.0,2,1,1,1,0,1159.65,36,18,6,2,0,0,3.09,20,29.7,0
49,Female,Quebec,1,103377.02,511,0.0,7750.93,959.93,1,1,0,0,1,2536.43,5,22,7,1,0,0,-18.15,51,10.95,0
39,Female,British Columbia,12,36067.25,785,65267.45,2358.91,3921.54,1,1,0,0,1,3382.94,11,7,4,0,0,0,2.61,40,9.6,0
24,Female,Alberta,8,45274.35,832,58049.93,3757.81,3694.39,2,1,1,0,0,1216.75,24,18,3,0,2,1,11.26,37,21.9,0
28,Male,Ontario,3,83515.25,686,41584.55,7667.58,4921.01,1,1,0,0,0,2388.17,36,7,0,2,0,0,13.49,10,25.85,0
38,Male,Quebec,6,98429.87,526,0.0,7956.38,4041.64,1,1,0,0,0,1262.21,29,15,3,1,0,1,-19.33,36,24.1,1
49,Male,Alberta,0,120915.31,639,0.0,10202.36,1321.37,1,1,0,0,1,648.19,16,30,2,4,1,0,-11.17,40,20.9,0
27,Male,British Columbia,8,96484.64,576,5932.58,8448.91,2581.11,3,0,0,0,1,0.0,27,12,4,1,0,0,-2.75,17,21.75,0
68,Female,British Columbia,3,42626.46,818,32523.92,3347.94,3133.77,1,0,0,0,0,0.0,18,29,6,3,1,0,10.72,25,21.85,0
72,Male,British Columbia,7,63292.18,813,54820.55,4875.55,1867.03,1,0,1,0,0,0.0,35,16,5,3,0,1,0.38,19,28.35,0
69,Female,Quebec,11,105407.42,712,64756.18,9038.14,2193.27,1,1,0,0,0,1195.18,7,3,0,2,0,0,-4.33,32,5.6,0
68,Male,Ontario,7,91737.57,562,41271.46,7225.55,5066.55,1,1,0,0,0,1457.03,21,34,1,2,0,0,-19.46,4,25.55,1
50,Male,Ontario,6,52298.19,750,46770.66,4877.54,1688.87,2,1,0,0,0,1283.76,27,3,6,1,1,0,-3.71,32,18.6,0
63,Male,Ontario,6,71635.83,680,42739.04,4889.79,1602.49,1,0,0,1,0,0.0,31,2,7,1,0,0,-5.96,4,20.85,0
26,Male,Quebec,15,70126.6,682,24059.38,4530.76,2052.85,1,1,0,0,0,2517.48,43,33,4,3,0,0,12.11,19,39.5,0
44,Male,Ontario,4,108908.69,591,6620.59,9702.37,3268.4,1,0,0,0,0,0.0,1,13,6,1,1,1,-5.84,22,5.2,1
63,Male,British Columbia,0,112896.98,757,56745.46,9817.07,1459.84,2,0,0,0,0,0.0,37,34,7,0,0,0,12.54,29,35.95,0
49,Male,Ontario,11,97433.43,643,35106.34,7701.88,4381.67,2,1,1,0,0,259.68,34,5,5,1,1,0,2.47,21,23.85,0
73,Male,Alberta,11,92896.17,647,43896.72,7065.62,3698.16,2,1,0,1,0,2148.78,3,12,2,1,0,1,21.0,28,6.15,0
70,Male,British Columbia,0,82069.81,767,38748.26,5818.29,1505.79,3,1,0,0,0,2660.84,44,6,7,3,0,0,-5.47,19,30.7,0
29,Female,Ontario,10,51162.38,850,79884.0,3897.91,1138.51,3,1,0,0,0,40.29,30,33,8,0,0,1,0.97,33,31.05,0
22,Male,Ontario,14,152360.31,746,14801.12,12400.32,400.37,1,1,1,0,0,290.45,7,25,0,3,1,0,-5.72,23,13.3,0
56,Male,British Columbia,12,87266.45,736,26201.84,7340.22,4507.11,1,1,1,0,0,1613.15,0,33,2,0,0,1,-1.63,29,11.55,0
21,Male,Ontario,3,61641.98,618,86512.32,4090.93,4822.9,1,0,0,0,1,0.0,27,31,2,2,0,0,2.17,43,28.4,0
65,Male,British Columbia,7,39462.52,623,73095.3,2513.44,1524.72,2,1,0,0,0,1886.04,10,11,8,2,0,0,12.64,24,10.35,0
37,Female,Quebec,8,112179.31,700,58492.42,8722.26,3078.94,3,1,0,1,0,1616.38,39,11,2,0,0,0,6.16,1,29.2,0
47,Female,Quebec,8,138600.88,527,68679.93,12060.4,3153.55,3,1,0,0,0,2524.44,3,9,8,4,0,0,-3.71,36,5.1,0
43,Female,Ontario,9,96524.95,786,0.0,7571.77,1782.16,2,1,0,0,1,3306.47,34,23,3,1,0,0,23.99,18,30.15,0
68,Male,Quebec,4,116823.04,850,71027.65,9014.61,3769.49,2,1,0,0,1,1448.08,25,28,6,0,0,2,-0.02,44,26.05,0
65,Female,British Columbia,2,128590.71,660,38891.07,10657.02,3023.2,2,1,0,0,0,3548.67,40,29,4,2,0,0,9.8,26,36.15,0
48,Female,British Columbia,5,128369.42,619,11296.24,11580.33,3910.73,2,1,0,0,0,1673.11,12,3,2,0,0,0,-10.62,26,8.85,1
33,Male,British Columbia,3,131681.17,779,72153.49,11328.07,3304.4,1,0,1,1,0,0.0,15,20,3,1,0,0,4.43,33,16.75,0
67,Female,Ontario,13,91480.36,649,24156.77,8118.64,1758.39,4,1,0,1,1,3004.82,26,30,4,3,1,0,22.01,36,27.4,0
22,Female,British Columbia,15,70104.87,736,29762.19,6380.15,4318.4,2,1,0,0,1,2279.98,8,30,6,1,0,0,-17.23,16,15.7,0
65,Male,Alberta,3,65043.74,682,76361.41,5452.58,1299.99,1,1,1,0,0,2009.93,32,3,4,1,0,1,-3.23,43,21.85,0
47,Female,Ontario,14,83258.3,774,25571.91,6749.74,3470.21,1,1,0,1,1,542.16,44,13,4,4,0,2,14.65,38,33.15,1
38,Female,Quebec,1,72734.16,658,16513.12,6328.95,2471.39,3,1,0,0,0,1011.57,28,26,4,2,0,0,-15.79,50,27.3,0
24,Male,British Columbia,2,25000.0,750,47627.78,2346.16,670.57,2,1,0,0,0,701.07,6,30,4,1,0,0,12.34,34,14.4,0
57,Female,Quebec,6,132238.05,671,66108.47,11697.77,2427.39,1,1,1,0,0,2153.98,7,1,4,5,0,0,-2.25,18,4.9,0
45,Male,British Columbia,6,83523.69,569,42488.99,7325.6,3346.2,2,1,0,0,0,3010.55,25,3,6,0,0,4,-3.1,12,17.3,1
75,Female,British Columbia,13,102736.03,694,31018.47,10148.74,3669.33,3,1,1,0,0,2782.33,2,11,8,3,0,1,-9.83,32,5.15,0
52,Female,Ontario,15,82284.92,761,56799.2,6039.94,3830.78,2,1,1,0,1,4450.7,35,5,3,0,0,1,6.27,12,24.5,0
50,Male,British Columbia,13,82740.22,833,22312.46,7040.18,4020.8,4,0,0,0,1,0.0,8,25,4,3,1,0,6.61,18,13.95,0
74,Male,Ontario,14,39184.6,722,25789.9,2743.15,2922.52,1,1,0,0,1,2167.15,33,16,8,2,0,0,6.94,1,27.05,0
35,Female,British Columbia,12,93331.35,765,0.0,7375.64,2007.91,1,1,1,0,0,2261.45,24,25,4,2,0,0,4.17,23,24.35,0
64,Male,Ontario,7,49805.05,850,68349.6,3433.05,2975.23,1,0,0,1,0,0.0,14,9,2,1,1,1,17.62,17,12.25,0
47,Male,Quebec,10,95765.47,767,53369.93,7258.74,2070.14,2,1,1,1,0,3020.04,3,6,8,2,0,0,-11.48,41,4.05,0
73,Female,Alberta,10,101546.58,609,20431.36,8250.33,2238.93,3,1,0,0,1,3023.03,33,5,4,4,0,0,4.73,41,23.2,0
27,Female,British Columbia,14,60657.57,710,72661.43,4487.4,2804.07,2,1,0,0,0,1905.81,35,12,8,3,0,1,28.89,7,26.95,0
51,Male,British Columbia,4,89767.49,758,26589.77,6894.96,1721.48,2,1,0,0,0,4709.71,13,15,7,0,0,0,25.06,39,13.7,0
73,Female,Ontario,5,76172.98,698,20804.68,5702.1,2296.04,2,1,0,0,0,1451.97,11,26,3,3,0,0,4.4,43,16.25,0
47,Female,British Columbia,1,41540.66,789,10466.3,4149.55,2895.18,1,1,0,0,1,2177.33,8,10,3,2,0,0,-16.01,8,8.7,0
23,Female,Quebec,10,84705.09,650,5820.25,6958.27,746.9,2,0,0,0,0,0.0,37,1,5,0,0,1,-12.13,35,24.4,0
73,Female,Ontario,11,25000.0,686,73324.03,2564.24,3819.56,1,1,0,0,0,2842.38,13,7,3,2,0,0,6.94,41,10.9,0
28,Female,Ontario,13,28974.6,850,62318.42,1783.0,3056.04,2,1,0,0,0,58.39,14,2,1,2,1,2,-5.81,27,9.8,0
49,Male,Quebec,0,79518.29,676,3201.86,5610.16,1336.48,2,1,0,0,1,2922.12,36,13,5,1,0,0,10.19,18,27.95,0
55,Female,Ontario,12,85065.49,841,49430.43,6284.36,587.77,1,1,1,0,0,1474.39,39,8,0,3,0,0,-3.07,28,28.15,0
57,Male,Ontario,1,25000.0,773,49715.79,2235.78,3410.77,4,1,0,1,0,209.01,32,3,3,3,0,0,19.63,18,21.85,0
57,Female,British Columbia,15,97161.35,622,22975.51,9157.13,2480.61,1,1,0,1,0,2111.65,8,31,3,0,1,0,-5.28,22,16.05,0
42,Female,Quebec,14,95979.22,707,2976.19,7942.27,2592.92,4,0,1,0,0,0.0,44,7,0,3,0,1,-7.58,12,31.05,0
26,Female,British Columbia,6,55163.13,660,31194.49,4489.67,3114.83,1,1,0,0,1,2753.44,36,0,3,1,0,0,-15.78,26,23.4,0
64,Male,Quebec,12,98332.81,771,68723.12,7954.64,1843.14,1,0,1,0,0,0.0,21,10,1,1,0,0,-13.51,38,17.15,0
25,Female,Ontario,10,111582.31,682,15230.46,9912.7,1588.18,3,1,0,0,1,1791.19,29,34,3,0,1,1,2.91,39,30.75,0
53,Male,British Columbia,14,49913.71,613,21526.97,4404.3,1525.64,2,1,1,0,1,1891.78,24,27,4,1,0,0,-8.41,17,25.05,0
54,Male,Quebec,9,88799.89,767,66461.29,6999.38,3820.9,3,1,1,0,0,0.0,13,0,7,1,0,1,-1.9,5,8.45,0
56,Male,Alberta,10,83552.22,730,0.0,6732.97,1546.35,2,0,0,0,0,0.0,25,5,1,2,0,0,1.5,26,18.0,0
61,Male,Quebec,15,103505.84,624,23733.87,7347.07,3299.37,2,1,1,0,0,2940.2,25,0,5,1,0,0,-14.39,19,16.25,0
55,Male,Quebec,12,99348.91,676,0.0,8306.21,4954.41,2,1,0,0,0,3422.95,28,3,7,4,0,0,-5.49,27,19.25,0
55,Male,Alberta,6,101618.18,792,35191.48,8240.76,1110.93,1,1,1,0,0,625.46,16,8,2,1,2,1,7.16,24,13.2,0
56,Female,Alberta,1,58655.02,850,51153.3,4775.11,202.23,2,1,0,0,0,2114.89,3,25,2,1,0,2,16.67,31,10.7,0
34,Male,Ontario,6,82353.95,592,49218.26,7107.56,2336.11,3,0,0,0,1,0.0,12,30,8,3,1,0,-9.33,58,18.3,0
54,Female,Alberta,12,69067.7,585,20275.34,7087.05,2818.74,2,1,0,0,1,3674.82,26,33,2,0,0,0,-7.83,1,28.45,0
42,Male,Quebec,10,71799.5,721,43045.06,6424.79,2545.32,3,1,0,0,0,1089.76,29,1,5,2,1,0,5.59,21,19.2,0
49,Female,Quebec,6,105150.03,620,58793.84,9029.25,50.0,2,1,0,0,0,1247.09,39,18,3,3,0,1,-1.58,30,31.65,0
34,Female,Quebec,11,108516.17,634,43647.51,9071.68,1300.42,2,1,0,0,1,3398.87,44,1,4,0,0,0,2.61,36,28.95,0
65,Female,Alberta,10,70849.58,744,72540.99,5430.18,4848.18,1,1,0,1,0,2354.35,17,15,4,0,0,0,-30.25,32,16.3,0
66,Male,Ontario,0,118153.62,627,35150.57,9132.59,2570.37,1,1,1,0,1,888.88,22,34,1,2,0,0,-5.97,18,26.2,0
47,Female,Ontario,11,76470.53,755,23469.36,7320.43,631.96,3,1,1,0,0,2113.39,38,33,3,0,1,0,-5.68,30,36.25,0
31,Male,British Columbia,13,132922.3,613,60332.24,11786.25,64.63,1,1,0,0,1,2330.18,32,30,0,2,0,0,8.24,41,31.3,0
23,Male,Ontario,9,83937.93,734,74882.2,7246.64,802.48,3,1,0,0,0,1954.52,31,8,3,0,1,0,-18.89,21,22.95,0
71,Female,Quebec,15,65962.0,644,34863.39,6066.78,4438.76,2,1,1,1,1,3273.04,36,12,5,4,0,1,-5.97,30,27.6,0
53,Male,Alberta,3,72815.31,720,38228.68,6373.82,2068.78,1,1,0,0,0,1035.2,11,31,6,2,0,0,-2.1,29,18.0,0
75,Male,Quebec,7,98101.08,613,7631.18,7938.24,2803.69,1,1,0,0,1,1603.69,1,34,3,1,1,0,9.4,55,12.55,0
28,Female,Alberta,12,50828.26,748,23857.57,5219.45,4338.87,1,1,1,0,0,2264.36,32,31,1,1,0,0,17.34,47,31.65,0
55,Female,Ontario,6,79204.71,644,53610.89,6940.74,1480.22,2,0,0,1,0,0.0,37,13,4,1,1,0,11.48,55,28.6,0
42,Female,Ontario,4,85578.92,628,14990.11,7246.15,2182.67,2,1,0,0,0,1979.38,6,5,7,3,0,2,3.11,31,5.65,1
22,Female,Ontario,3,83081.49,731,85813.74,6373.25,4030.42,1,1,0,1,1,2440.57,16,25,2,1,0,0,7.02,31,19.15,0
61,Female,British Columbia,5,64216.56,687,36636.5,4777.75,3269.12,1,0,1,0,0,0.0,0,25,2,1,1,0,-8.95,41,8.75,1
70,Female,Ontario,10,76367.11,680,4125.49,6720.51,4362.86,1,1,0,0,1,2762.94,1,21,3,1,0,0,-0.77,35,8.0,1
39,Female,Alberta,2,115332.26,668,36475.69,9627.4,1043.17,3,1,0,0,0,2962.1,21,13,1,1,0,0,15.03,29,18.2,0
71,Female,Alberta,2,83223.54,528,73309.28,7558.66,3123.28,2,0,1,0,1,0.0,15,15,7,1,0,0,-10.13,34,15.0,0
75,Male,Ontario,0,121483.66,726,25697.46,10612.25,3671.81,1,0,1,1,0,0.0,19,9,4,3,0,0,5.87,39,15.5,0
31,Male,British Columbia,1,25000.0,726,74011.77,1723.98,3776.75,3,1,1,0,0,1473.5,13,7,1,2,0,0,-6.45,29,10.9,0
51,Female,Ontario,2,99969.97,686,11171.21,8883.26,5001.18,1,1,0,0,0,1026.87,21,4,1,3,2,1,-6.14,42,15.05,1
68,Female,Alberta,5,106524.29,795,32022.22,8870.3,1447.48,4,1,0,0,1,2117.88,31,0,0,0,0,0,-1.9,39,20.15,0
55,Male,Alberta,14,67663.49,754,13248.07,6048.69,2266.22,3,0,1,0,0,0.0,18,8,2,0,0,0,38.1,34,14.5,0
45,Male,Alberta,0,69578.75,779,8425.63,5554.5,3384.54,2,1,0,0,0,2841.69,5,12,3,2,2,0,11.52,31,7.45,0
47,Female,Quebec,5,83088.49,618,16435.5,7386.21,724.17,2,1,0,0,0,672.95,30,16,2,1,1,1,-4.99,32,25.1,0
74,Female,Ontario,3,90666.03,652,10176.52,6663.64,5013.37,1,1,0,0,0,3450.16,8,6,1,3,0,0,-34.18,48,7.3,1
57,Female,Ontario,5,114533.04,781,60995.89,10198.67,1902.03,1,1,1,0,0,0.0,27,8,2,4,0,0,-17.26,40,20.35,0
25,Female,Alberta,12,59824.77,746,46205.61,4489.1,3933.36,1,1,0,0,0,3265.24,8,17,4,0,0,0,-26.75,26,11.15,0
62,Female,Quebec,13,33563.82,850,53826.58,2154.7,5457.79,2,0,0,0,0,0.0,30,17,2,2,0,0,1.7,26,25.45,0
34,Female,Alberta,1,42405.06,611,41024.62,2857.13,3700.49,3,1,0,1,0,3537.78,15,24,7,5,3,0,4.65,37,18.15,1
69,Female,Alberta,11,115088.74,771,6610.03,8425.38,666.06,2,1,1,0,0,0.0,42,24,6,4,1,0,5.66,35,35.7,0
40,Female,Quebec,7,57358.38,596,66467.25,5108.01,4351.75,2,1,0,1,1,4702.72,30,11,2,1,0,0,-5.12,27,23.35,0
32,Male,British Columbia,10,59621.8,796,35464.17,5324.18,2783.37,1,1,1,0,1,2862.66,20,4,8,1,0,0,4.61,17,14.4,0
51,Female,Quebec,14,124177.71,765,15417.44,10596.77,1138.83,1,1,0,1,0,2646.85,14,3,0,4,0,0,-1.8,16,10.15,0
31,Female,Alberta,5,123263.75,706,9885.75,11375.73,149.01,1,0,0,0,1,0.0,26,8,4,4,0,2,-21.67,29,19.7,1
70,Female,Ontario,4,73200.62,665,94516.13,5570.0,2879.76,1,1,0,0,0,2084.24,30,20,5,0,0,0,15.27,20,26.5,0
45,Female,Ontario,3,100996.21,580,30579.86,8654.38,2154.72,2,1,1,0,1,1806.27,29,26,4,2,0,1,5.64,38,27.95,0
69,Male,Ontario,6,103342.29,600,49067.85,9082.1,1918.37,3,1,1,0,0,2009.78,2,24,3,3,1,0,6.4,36,9.7,1
45,Female,British Columbia,14,90231.45,771,83535.91,8065.36,1215.69,3,0,0,0,0,0.0,4,9,7,0,0,0,0.73,35,5.75,0
32,Female,Quebec,1,79188.35,602,44435.12,6689.15,1343.34,2,1,0,0,1,2081.06,31,2,3,2,1,1,-5.8,38,20.85,0
42,Male,Alberta,0,107707.7,698,0.0,8797.71,3629.57,2,1,0,0,0,3837.18,40,15,6,2,2,0,13.15,12,31.25,0
34,Male,Ontario,10,88949.08,622,89059.99,7190.51,2080.87,1,1,0,0,0,2544.59,23,5,7,2,0,0,15.2,38,16.7,0
43,Male,Quebec,15,100011.04,712,46419.01,8904.6,3286.15,3,1,1,0,1,2602.02,39,23,5,3,0,0,-1.37,33,33.4,0
40,Female,Ontario,5,85053.79,741,7468.7,7700.07,4940.18,1,0,0,0,0,0.0,25,25,2,5,0,1,-3.32,50,25.0,0
62,Male,Ontario,5,71676.68,728,13341.97,6083.47,3440.38,1,1,0,0,1,1498.76,3,8,3,2,1,0,-1.32,16,4.75,0
54,Female,Ontario,3,71957.77,638,0.0,5247.27,984.84,2,1,1,1,0,3330.74,27,33,7,1,1,0,18.51,7,29.1,0
32,Female,Ontario,14,155162.97,759,44676.28,13251.78,3715.15,4,1,1,0,1,1625.81,39,15,6,0,0,0,23.16,33,30.6,0
29,Female,Quebec,5,131531.37,717,46067.53,10413.72,4243.96,2,1,0,0,1,4208.7,0,21,2,2,0,0,13.08,55,7.35,0
72,Male,Quebec,12,56188.6,608,82252.33,5784.49,3329.5,1,1,1,0,0,2550.65,23,18,3,0,0,0,-3.41,47,21.25,0
75,Male,British Columbia,13,48991.57,548,11341.16,5385.75,3969.72,2,1,1,0,1,2879.31,27,33,7,2,1,0,7.64,19,29.1,0
70,Male,British Columbia,15,77910.96,652,13254.16,6671.38,2883.77,1,0,0,0,0,0.0,32,12,7,1,0,0,-1.79,41,25.0,0
26,Female,Quebec,7,58344.2,744,67210.13,4123.62,4536.0,1,0,1,0,1,0.0,20,13,1,1,0,1,2.76,9,17.55,1
50,Female,Alberta,8,122295.81,752,54459.71,10245.54,286.21,2,1,0,0,1,1318.26,44,26,2,3,0,1,1.9,37,37.7,0
57,Male,Ontario,13,66198.77,784,67415.39,6354.1,3958.83,2,1,0,0,0,4107.98,44,1,2,5,1,1,16.28,20,28.95,0
59,Male,Alberta,15,74542.97,678,6947.42,6795.78,1679.34,1,1,0,0,1,2923.53,16,33,2,3,0,0,7.66,49,21.95,1
59,Male,Ontario,4,149751.33,462,21934.13,11987.11,4913.21,2,1,0,1,1,685.33,15,13,3,1,0,0,14.67,30,14.3,0
40,Female,Ontario,8,81820.13,803,110630.74,7540.48,3009.02,1,1,0,0,0,1000.18,43,25,3,1,0,0,2.75,15,36.7,0
60,Male,Ontario,11,94098.45,627,41439.92,7222.32,4622.93,2,1,0,0,0,3170.17,4,23,8,2,0,0,17.4,32,10.65,0
71,Male,Ontario,1,70658.82,664,0.0,5130.82,244.97,1,1,0,0,1,2843.67,14,3,8,2,2,2,0.34,3,10.15,1
28,Male,Alberta,15,132633.93,807,0.0,11729.62,1317.91,1,1,0,0,0,2965.56,38,13,1,1,0,0,3.87,20,29.25,0
32,Male,Ontario,1,84960.67,830,60789.17,6380.53,1196.55,2,1,1,0,0,1688.66,27,30,3,5,1,0,15.9,32,28.05,0
58,Male,Alberta,15,83542.49,579,12950.13,6399.35,1749.64,1,1,0,0,0,2405.96,24,5,7,2,0,0,20.11,29,17.35,0
45,Male,Ontario,12,74906.77,684,34038.94,5860.5,3048.81,1,1,0,0,0,134.89,24,5,2,1,1,0,-11.24,26,17.35,0
71,Male,Alberta,3,72090.92,663,54808.67,6590.85,1134.52,2,1,0,0,0,1879.72,16,19,7,0,1,1,4.68,37,17.05,1
58,Female,Quebec,15,75471.85,622,16768.09,6909.0,50.0,1,0,1,0,0,0.0,18,34,8,3,0,0,-10.3,40,23.6,0
33,Female,Ontario,8,101313.06,631,33252.27,8114.26,2217.57,2,1,1,0,0,2612.39,34,23,2,2,0,0,-1.3,18,30.15,0
36,Female,Alberta,7,121782.81,696,63436.49,10513.62,1842.98,2,1,1,1,1,1304.29,25,28,0,3,0,0,9.99,27,26.05,0
27,Female,Ontario,0,84962.82,733,63167.05,7112.23,265.43,4,1,1,0,0,2578.88,18,9,2,3,0,0,-27.76,38,14.85,0
75,Female,Quebec,7,79766.5,783,93827.12,6132.08,2574.94,3,1,0,0,1,1575.9,20,24,7,1,0,0,0.17,66,21.4,0
40,Male,Ontario,10,64641.64,786,1276.37,4976.1,3307.17,2,1,0,1,1,3150.36,3,13,3,5,1,0,3.0,31,6.5,0
55,Female,Ontario,13,85019.61,681,36172.51,6580.98,2228.03,4,1,0,0,1,2801.88,0,18,4,4,1,0,-2.95,43,6.3,0
53,Female,British Columbia,5,77603.27,617,90431.85,6699.66,2459.47,2,0,1,0,0,0.0,5,8,5,1,0,0,0.03,17,6.05,0
39,Female,Alberta,2,81044.8,692,59941.78,7793.29,1272.88,1,1,0,0,0,2254.17,37,27,4,4,1,0,-15.77,34,33.5,0
61,Female,Ontario,15,83817.65,717,0.0,7261.87,2949.19,1,0,0,0,0,0.0,41,18,4,3,0,0,-9.23,35,32.95,0
69,Male,Quebec,7,56005.85,734,25251.22,4384.11,4551.53,1,1,1,0,1,4190.68,20,33,6,1,0,1,16.95,34,24.55,0
48,Male,Ontario,6,95457.56,624,75330.94,8340.37,1050.63,2,1,1,1,0,3184.68,26,9,0,0,0,0,-5.61,21,20.05,0
30,Female,British Columbia,9,120538.03,669,13038.92,10673.88,3149.04,3,1,0,0,0,1465.55,17,2,1,4,0,0,-14.28,26,11.75,0
57,Female,British Columbia,1,66037.15,763,0.0,5510.0,3573.78,2,1,0,0,0,1985.04,16,23,3,1,0,0,-4.41,26,18.45,0
65,Female,Ontario,7,25000.0,848,19944.55,1644.93,2221.84,1,1,0,1,0,1047.17,38,10,7,0,0,1,-1.53,23,28.2,1
42,Male,Alberta,9,166049.42,625,57022.56,14581.06,1424.6,3,1,0,0,0,4078.84,30,21,5,2,0,0,-7.2,37,26.85,0
27,Female,Ontario,12,30170.39,696,0.0,2280.35,2646.01,1,1,0,0,1,520.01,5,30,5,5,0,1,0.82,33,13.75,1
21,Male,Quebec,4,93102.7,668,76812.13,7518.73,2528.13,1,1,0,0,0,2175.97,21,25,7,1,0,1,7.0,15,22.4,0
34,Male,Ontario,4,56676.21,676,66168.24,5067.6,3325.83,1,1,0,0,0,3040.24,43,19,1,1,0,0,5.02,37,34.6,0
69,Male,Alberta,13,88350.45,503,46279.48,8411.5,3409.72,2,1,0,1,0,428.7,38,31,2,2,0,0,-9.22,23,35.55,0
67,Male,Ontario,7,122130.27,850,48799.79,9538.84,1384.12,1,1,0,0,0,197.04,24,31,1,2,0,1,17.27,16,26.45,0
34,Female,Quebec,7,61349.95,729,60233.98,4196.76,1603.77,3,1,0,0,1,2749.25,19,3,0,3,0,0,6.83,42,13.4,0
72,Male,British Columbia,14,104375.3,627,22878.29,9352.16,2260.35,1,0,0,0,1,0.0,17,16,2,2,0,1,-14.47,28,16.65,0
68,Male,Quebec,0,80275.24,616,42111.16,6865.0,1359.99,1,1,0,0,1,1706.53,17,6,6,1,1,1,-7.53,1,13.15,0
49,Male,Quebec,1,93534.05,658,27558.5,6942.02,2601.58,1,1,0,0,0,2492.3,30,24,6,2,0,0,3.44,22,27.9,0
22,Female,Ontario,9,41921.4,767,18774.02,3982.04,1064.26,1,1,0,0,0,1271.19,17,5,1,1,1,0,8.73,23,12.8,0
65,Male,British Columbia,14,108395.38,654,0.0,9544.23,1855.81,2,1,0,0,0,2394.78,22,26,6,3,0,0,3.56,10,23.4,0
27,Male,Ontario,10,67633.58,767,0.0,6034.87,2568.73,2,1,1,0,1,4133.37,42,7,1,4,0,0,1.52,15,29.75,0
25,Male,Ontario,6,104440.43,627,75411.91,8356.74,3415.72,2,1,0,1,1,2038.43,32,28,2,3,0,0,-4.09,10,30.6,0
31,Male,British Columbia,6,123199.18,568,0.0,10338.95,3196.04,2,1,0,0,1,1454.68,34,9,7,4,0,0,7.23,46,25.25,0
65,Male,Quebec,14,57075.33,669,58043.05,5868.18,3052.91,2,1,1,0,0,1269.81,6,10,7,2,0,0,4.51,1,7.4,0
57,Female,British Columbia,10,76844.0,793,69993.16,6361.77,2928.59,1,1,1,1,0,1599.95,8,18,3,2,1,0,-9.45,25,11.5,0
60,Male,British Columbia,14,97722.84,628,74764.01,7785.72,3824.98,1,0,1,0,0,0.0,33,5,3,2,2,3,7.64,51,23.2,0
57,Female,British Columbia,5,76416.54,763,21195.93,6515.3,1255.95,3,1,1,0,0,2126.37,41,3,0,2,1,2,29.48,30,27.7,0
33,Female,Ontario,1,126525.04,618,62.94,10784.2,2157.2,1,1,0,0,0,657.95,39,22,3,2,0,0,-15.35,22,33.05,1
22,Female,Ontario,14,57390.37,724,0.0,6378.8,2092.51,1,1,1,1,0,2631.72,6,33,1,1,1,0,-11.04,14,15.45,1
65,Female,Quebec,5,110599.26,546,75560.03,9223.89,2106.2,1,1,0,0,0,4427.36,24,12,7,3,0,0,-4.27,43,19.8,0
21,Male,Quebec,11,72634.29,704,79703.0,6344.61,4480.18,2,1,1,0,0,3214.58,27,0,3,1,0,0,9.95,32,17.55,0
37,Male,Ontario,9,64543.66,823,12309.07,6695.81,1919.78,1,1,0,0,1,1715.63,18,7,7,2,0,0,-10.08,23,14.15,0
36,Female,British Columbia,11,80313.04,806,6457.89,7861.15,3347.2,1,1,0,0,0,3061.34,22,28,4,2,1,0,-1.34,31,24.1,0
75,Female,Ontario,6,56904.77,850,27386.63,4421.05,2370.96,1,0,0,0,1,0.0,10,2,7,5,0,0,12.88,43,7.2,0
55,Male,Quebec,1,80954.51,764,62051.07,6206.5,2945.6,1,0,0,0,0,0.0,12,24,6,0,0,1,10.74,40,16.2,0
35,Male,Ontario,0,95492.19,627,11114.68,7224.39,2494.08,1,1,0,0,0,3178.25,25,20,4,2,1,0,0.49,24,23.25,1
39,Male,Alberta,12,119892.5,661,42189.94,9792.87,2087.35,2,1,0,0,1,1835.68,4,10,8,4,1,0,-0.39,41,6.1,0
66,Male,British Columbia,0,57549.55,665,22599.99,4342.6,2429.74,1,1,0,0,1,1943.19,34,4,8,1,1,1,13.57,49,23.5,1
75,Male,Alberta,15,68229.71,744,60479.91,5197.79,1986.12,2,1,0,1,0,807.98,13,24,7,3,1,0,-19.86,39,16.85,1
46,Female,Ontario,11,30001.19,631,61686.45,3010.1,3868.42,2,0,0,0,0,0.0,8,15,5,1,0,0,7.03,17,10.45,0
35,Male,Quebec,12,78455.65,618,53850.51,6191.0,4938.82,1,1,0,1,0,1301.85,29,19,5,5,0,1,-4.67,14,25.5,0
58,Female,British Columbia,8,167344.48,482,30310.58,13629.24,1401.06,1,1,1,0,0,2525.45,8,25,3,1,0,0,20.63,29,13.95,0
65,Male,Alberta,4,80080.38,700,38265.59,6347.99,1614.84,2,1,0,0,0,2893.6,43,21,6,2,0,0,-11.41,36,35.3,0
32,Male,Alberta,2,111780.58,686,27301.54,9558.44,1832.44,2,1,0,0,1,2375.17,33,31,3,1,0,1,11.94,50,32.3,0
52,Female,Ontario,9,101561.3,733,30244.93,8416.77,1065.79,1,1,0,0,0,1232.25,42,0,1,4,0,0,4.63,15,27.3,0
74,Female,British Columbia,15,77060.36,836,11779.8,7088.66,1354.31,3,0,0,0,1,0.0,4,20,0,2,2,0,-2.8,41,9.6,0
32,Male,Ontario,14,89467.51,850,95248.51,6126.38,1502.38,1,1,0,0,0,1073.87,35,31,7,2,1,0,9.72,42,33.6,0
39,Male,British Columbia,2,93112.86,696,44580.08,7389.22,3660.38,1,1,0,0,0,1066.77,18,1,4,4,0,0,-21.31,40,12.05,0
55,Female,Quebec,1,32721.9,601,52902.55,1767.44,4050.23,2,1,0,0,0,1011.35,10,15,6,0,0,0,-10.1,37,11.75,0
60,Female,Alberta,3,127117.15,810,86315.03,9842.54,3398.7,1,1,0,1,0,1852.97,16,6,7,1,0,1,-14.73,19,12.5,0
49,Female,Alberta,7,75555.07,706,16512.57,6568.95,5434.0,1,1,0,0,0,1091.12,27,4,3,0,1,0,12.95,9,18.95,0
26,Male,British Columbia,5,38103.33,741,50553.93,3055.1,1314.98,1,1,0,0,0,3306.53,1,1,0,1,1,0,-3.96,60,1.0,0
45,Female,Quebec,11,105819.08,652,69754.66,9446.43,1146.38,2,1,1,0,1,2450.23,4,34,0,1,0,1,10.13,30,14.5,0
53,Female,British Columbia,0,78903.29,629,25940.24,6996.88,4089.38,1,1,0,0,0,0.0,19,7,0,2,0,1,-2.77,28,14.8,0
64,Female,Ontario,3,91487.25,584,25230.84,7617.47,3434.52,2,1,1,0,0,1384.29,0,33,1,1,0,0,11.31,28,11.55,0
51,Female,Quebec,7,88354.04,780,35644.65,6908.35,2441.39,2,0,0,0,1,0.0,5,16,6,2,0,1,-0.88,25,8.85,0
64,Female,Ontario,9,151901.85,748,67351.12,12628.83,3245.85,1,1,1,0,1,0.0,28,28,1,3,0,1,6.55,28,28.0,0
35,Male,Ontario,11,108984.3,648,36284.71,9254.35,50.0,2,1,0,1,0,1629.86,28,10,5,1,0,0,7.86,24,21.7,0
22,Female,British Columbia,6,83269.01,648,0.0,7376.67,4040.65,2,1,1,0,0,2967.88,21,1,7,2,0,0,14.12,25,14.0,0
62,Female,Alberta,5,103423.2,475,41932.14,8976.68,2472.87,1,1,0,0,0,1173.15,4,5,2,0,0,0,-1.47,55,4.35,0
53,Female,Ontario,7,125860.92,771,7947.13,9873.16,2965.46,2,1,0,0,0,485.55,25,4,0,4,0,0,-3.31,13,17.65,0
53,Female,Alberta,2,117530.69,576,85811.76,9978.34,1627.02,3,1,0,0,1,1984.49,8,24,3,1,0,0,-15.55,45,13.6,0
36,Female,Quebec,6,91528.97,692,49350.09,7144.69,5283.2,2,0,1,1,0,0.0,8,8,3,1,0,0,-0.02,15,8.0,0
55,Male,Ontario,9,41040.42,653,0.0,3934.12,2518.69,2,1,0,0,0,2612.64,20,25,5,2,1,0,-9.75,41,21.75,0
41,Female,Ontario,1,92767.1,642,0.0,7845.38,3513.36,1,1,0,0,0,1659.41,0,10,6,3,0,0,6.81,22,3.5,1
54,Male,Alberta,5,65815.59,850,45448.47,6132.82,1219.72,1,1,0,1,0,3990.18,30,6,5,3,0,0,-4.38,36,21.6,0
66,Female,British Columbia,6,62553.42,710,113681.25,5530.47,1712.17,3,1,0,0,0,2762.22,43,4,1,0,2,0,13.97,14,29.35,0
51,Female,Alberta,6,88004.24,756,56735.05,6220.17,576.98,3,1,0,0,0,1624.84,4,3,0,4,1,0,8.12,38,3.65,0
37,Male,Ontario,1,132926.72,593,46880.2,10450.97,50.0,1,1,0,0,0,2880.94,7,9,8,2,0,0,-7.36,16,7.7,0
34,Female,Alberta,6,94259.93,793,59831.49,7330.29,2729.3,1,1,1,0,1,2638.05,5,24,7,2,1,0,-5.43,25,11.65,0
75,Male,Alberta,13,145269.71,534,41741.41,12167.13,2279.24,2,0,0,0,0,0.0,38,21,4,0,0,0,-5.63,19,32.05,0
37,Female,British Columbia,10,71873.22,763,45533.83,5779.11,1485.92,2,1,0,1,0,3225.88,43,26,7,3,0,0,4.6,24,37.05,1
21,Male,Alberta,5,121703.38,547,58150.6,10242.09,50.0,1,1,0,0,1,1657.2,23,15,3,1,1,0,7.52,25,20.2,1
25,Female,Alberta,11,77980.45,612,61455.84,6876.18,3406.34,2,1,1,0,0,4115.02,26,15,6,2,0,0,12.02,27,22.15,0
73,Female,Ontario,13,45702.87,715,74892.15,3638.03,1978.49,4,0,0,1,0,0.0,19,16,7,0,0,0,-12.97,18,17.95,0
31,Female,Alberta,14,98035.41,727,8637.26,8638.59,4545.27,1,1,1,0,0,0.0,3,17,5,4,0,0,-10.39,27,7.9,0
28,Female,Alberta,4,133939.72,692,89649.55,12196.64,2698.79,1,1,0,0,0,1626.34,31,18,3,0,0,0,-5.91,34,26.45,0
59,Female,Alberta,5,39687.43,648,85228.96,3505.53,325.63,1,0,0,0,0,0.0,34,14,8,3,1,1,7.0,29,27.0,0
22,Female,Ontario,4,86561.15,846,66981.77,7973.2,4169.67,1,1,1,0,0,915.05,42,23,3,0,0,0,20.6,18,35.35,0
59,Female,Ontario,15,117162.95,598,21534.39,9752.85,2558.9,3,1,1,0,0,1190.21,20,4,6,2,0,1,12.84,55,14.4,0
71,Male,Ontario,6,113148.05,730,39725.69,9462.58,2803.99,1,1,1,0,0,1492.28,17,17,2,2,0,0,-5.25,62,17.0,0
28,Female,Quebec,8,30178.98,715,49120.42,2775.62,274.9,1,1,0,0,0,1727.97,25,29,3,3,0,0,-2.06,25,26.4,0
27,Female,British Columbia,3,121700.97,844,11373.38,10408.83,863.83,2,1,1,0,0,447.38,27,28,4,1,0,1,-16.53,14,27.35,0
72,Female,Ontario,13,49928.97,746,0.0,3778.56,2210.83,1,1,1,1,0,1851.8,24,27,8,4,2,0,-5.43,22,25.05,0
60,Male,British Columbia,6,42707.6,708,59588.11,2819.73,2665.69,2,0,1,0,0,0.0,16,9,0,3,0,0,-20.97,15,13.55,0
67,Male,Ontario,14,65383.0,602,1531.71,5743.48,2768.65,2,1,0,0,0,1058.84,21,26,4,2,0,0,-19.73,15,22.75,0
72,Male,Alberta,9,71726.52,590,0.0,6473.04,2508.93,1,0,0,0,0,0.0,18,14,3,1,1,0,-18.48,46,16.6,1
38,Female,British Columbia,2,47293.64,692,11403.09,3726.43,2802.42,3,1,0,0,0,1535.11,18,32,3,2,0,1,10.59,20,22.9,0
40,Male,Ontario,3,97082.91,832,41501.3,8613.32,1137.98,2,1,0,0,0,1714.42,11,11,2,2,0,0,-4.79,22,11.0,0
28,Male,Ontario,8,135620.09,625,41218.1,11605.91,1937.77,1,1,1,0,0,2701.23,38,15,5,2,0,0,-12.7,6,29.95,0
60,Male,Ontario,15,91540.65,693,77593.4,7717.66,2288.7,3,1,1,0,0,2852.33,32,33,6,2,0,0,-4.31,37,32.35,0
43,Female,Ontario,9,66726.37,656,49195.81,4624.31,1722.12,4,0,0,0,0,0.0,42,2,8,3,0,1,5.72,24,28.0,0
28,Male,British Columbia,12,102051.87,723,429.46,8319.03,2419.76,2,1,0,0,0,1460.33,44,0,8,1,0,1,-1.23,25,28.6,0
29,Female,British Columbia,11,90397.71,688,44718.28,7920.17,1018.69,1,1,0,1,0,2245.6,13,15,2,3,0,0,-8.83,39,13.7,0
56,Female,British Columbia,14,34187.32,696,43382.15,2341.51,2184.64,2,1,0,0,0,1676.23,19,4,3,2,0,0,7.34,27,13.75,0
73,Female,Alberta,6,74509.39,530,46112.24,6635.28,2911.7,1,1,1,0,0,3581.15,15,0,5,2,0,0,-9.01,14,9.75,0
30,Female,Ontario,15,63984.65,562,0.0,6510.54,1061.64,1,1,0,0,0,1005.14,19,5,3,3,1,0,2.37,14,14.1,0
35,Female,Quebec,5,62010.46,669,73091.84,6195.46,3751.71,1,1,0,0,1,2169.64,7,5,8,3,1,0,-6.44,47,6.3,0
67,Female,Ontario,5,47131.69,662,38045.86,4473.03,1288.93,1,1,0,0,0,3538.91,6,0,0,1,0,1,-5.82,12,3.9,0
59,Female,Ontario,10,34781.68,639,63607.97,1923.42,2862.41,1,0,0,0,1,0.0,41,12,0,3,0,0,-14.0,28,30.85,0
21,Female,Quebec,8,49698.29,553,91140.99,3753.37,2444.42,2,1,0,0,0,2665.75,41,32,2,1,0,0,2.2,58,37.85,0
62,Male,Alberta,5,32374.02,721,61515.99,2333.61,3575.28,1,1,0,0,0,2163.61,36,31,6,1,1,0,-1.52,1,34.25,0
38,Female,Alberta,14,84141.57,688,50213.51,7416.45,944.17,2,1,1,0,0,543.14,5,29,0,2,0,0,-8.14,41,13.4,0
64,Male,Alberta,13,132477.5,755,25186.04,12138.1,3334.35,3,1,0,0,0,1004.45,32,3,2,0,1,0,33.28,25,21.85,0
66,Female,Ontario,14,58041.7,664,78283.68,5394.38,50.0,1,1,0,1,1,1802.33,35,16,4,1,1,2,7.1,34,28.35,0
62,Male,Ontario,5,55630.98,563,43263.3,3945.47,2771.93,3,0,0,0,0,0.0,37,23,4,2,0,0,16.54,6,32.1,0
65,Male,Ontario,7,25000.0,789,31194.51,1544.64,6411.86,1,0,0,0,1,0.0,38,18,6,2,0,0,-9.56,38,31.0,0
31,Female,British Columbia,3,95796.29,601,0.0,7660.75,2810.96,1,1,1,1,0,2970.3,17,17,1,1,0,0,-12.45,48,17.0,1
64,Female,Quebec,4,75958.2,603,60711.16,6268.46,50.0,2,0,0,0,0,0.0,14,6,4,2,0,0,-20.59,30,11.2,0
34,Male,Ontario,3,75828.4,747,33325.3,6599.02,996.66,2,1,1,0,0,958.5,11,2,6,2,0,0,9.34,49,7.85,0
48,Male,British Columbia,15,84966.01,668,58883.25,7724.51,438.0,2,1,0,0,1,2698.65,40,3,2,0,0,0,-5.11,11,27.05,0
26,Male,Alberta,9,83565.57,576,47664.31,6425.98,5108.78,2,1,1,0,1,1842.7,12,5,7,1,1,0,11.19,31,9.55,0
21,Male,Ontario,11,72957.3,749,9216.09,5405.29,4555.5,1,1,0,1,0,809.81,8,13,3,2,1,1,-0.19,28,9.75,0
24,Female,Alberta,1,58703.1,644,78196.94,5616.86,50.0,2,0,0,0,0,0.0,7,14,2,0,1,1,24.41,71,9.45,0
40,Male,Quebec,14,95042.06,739,34165.11,9340.28,1743.29,1,1,0,0,0,1976.96,18,33,0,1,1,1,-14.48,27,23.25,0
25,Male,Ontario,15,132931.48,595,35858.96,10857.11,1316.59,1,1,0,0,0,2840.1,4,34,8,0,0,1,-4.96,52,14.5,0
24,Male,Ontario,8,25000.0,809,63856.92,1808.91,1866.55,2,1,1,0,0,1920.04,8,20,7,2,0,0,-15.04,30,12.2,0
53,Male,Ontario,2,32027.35,666,5911.23,1981.4,1724.81,1,0,1,0,0,0.0,34,8,6,0,0,0,-1.65,36,24.9,0
41,Male,British Columbia,8,122897.24,750,24042.64,9388.28,717.01,4,1,0,0,0,538.26,28,4,4,3,0,0,21.84,31,19.6,0
70,Male,Ontario,3,72778.76,714,8227.3,5992.56,1214.22,3,1,0,0,0,1738.37,9,15,0,3,0,0,-12.16,60,11.1,0
47,Male,Ontario,13,53672.55,642,42205.95,4662.69,4785.77,1,1,1,0,1,1377.91,31,33,1,4,0,1,-0.7,10,31.7,0
44,Male,Alberta,7,139094.61,752,43111.63,11227.12,3247.38,2,0,1,0,0,0.0,16,19,0,3,1,1,-0.62,23,17.05,0
52,Male,Ontario,2,60608.47,721,34521.49,4044.28,1688.95,4,1,0,1,0,1898.04,20,18,4,2,1,0,-2.15,28,19.3,0
23,Male,Ontario,11,101250.31,659,84769.29,8559.01,2486.03,1,1,0,0,0,2928.31,12,1,1,3,2,0,10.03,42,8.15,0
36,Male,Quebec,1,101291.02,627,48590.24,9214.43,2657.37,1,0,0,0,0,0.0,20,11,5,1,0,0,4.27,24,16.85,0
67,Female,Alberta,8,122834.12,850,0.0,10802.15,3888.75,3,0,0,0,0,0.0,26,13,0,1,0,0,20.94,29,21.45,0
67,Male,Ontario,13,97181.62,471,22916.49,7906.59,2328.95,1,1,0,1,0,1324.03,7,28,2,0,1,0,-21.26,26,14.35,0
39,Male,Alberta,4,43251.65,672,35009.13,3127.94,4163.11,1,1,0,0,0,2260.72,1,19,1,2,0,0,6.75,3,7.3,0
37,Female,Ontario,10,120863.38,829,79783.47,11055.84,1728.14,1,1,0,0,0,275.58,22,3,0,1,0,0,-2.69,28,15.35,0
50,Male,Ontario,2,75961.14,624,15712.37,5722.56,807.15,1,0,0,0,0,0.0,14,11,2,3,0,0,-20.04,23,12.95,0
71,Female,Ontario,8,52222.78,700,11759.87,3745.76,1925.28,2,1,1,0,0,687.45,27,14,3,0,0,0,-5.91,32,22.45,0
35,Female,Alberta,7,97792.18,622,38886.15,7627.0,1601.42,2,1,1,0,0,2712.62,25,15,3,2,0,0,1.84,23,21.5,0
71,Female,Ontario,0,74543.5,669,0.0,6106.21,3346.58,1,0,0,0,0,0.0,10,28,8,5,0,1,10.7,24,16.3,1
61,Female,Ontario,4,106013.27,675,39738.47,9421.9,3235.27,2,1,0,0,0,1827.67,7,1,3,2,0,0,2.77,4,4.9,0
22,Male,Alberta,8,68079.18,571,30115.06,5064.54,1859.31,2,1,0,0,0,2988.98,29,17,6,1,2,2,9.75,41,24.8,0
39,Female,British Columbia,12,93690.57,776,27390.88,6465.77,3849.09,3,1,0,1,1,112.72,28,2,6,2,1,0,6.49,50,18.9,0
71,Male,Ontario,8,88233.08,724,95241.01,7028.9,1830.13,3,0,0,0,0,0.0,31,14,2,1,0,0,-9.89,19,25.05,0
46,Male,British Columbia,6,132111.43,553,61321.21,10338.98,2958.79,3,1,0,1,0,2709.46,5,22,4,0,1,0,-0.31,19,10.95,0
51,Male,Alberta,10,126601.3,630,81386.29,10390.81,1606.69,1,0,0,0,0,0.0,12,11,6,4,0,0,5.62,43,11.65,0
65,Female,Ontario,13,89192.12,724,28173.84,7134.52,2010.92,2,1,0,0,0,609.1,6,34,2,1,1,1,-5.51,14,15.8,1
46,Female,Alberta,15,121468.93,703,5217.46,10174.22,2681.99,2,1,0,0,1,3040.37,38,10,4,0,0,0,-9.18,19,28.2,0
30,Male,Ontario,14,94091.19,622,46611.72,7267.14,3893.83,2,1,1,0,1,1004.98,13,13,1,2,0,1,-3.88,23,13.0,0
21,Male,Ontario,14,81505.53,772,72207.4,6762.16,4780.78,1,0,1,1,0,0.0,40,10,7,1,0,0,-7.77,41,29.5,0
26,Female,Quebec,14,55253.62,597,76785.14,4853.68,1009.35,1,0,0,0,0,0.0,31,24,6,1,1,0,1.05,38,28.55,0
69,Female,Quebec,1,55437.7,666,71851.54,4249.19,2701.6,1,1,0,1,0,2222.21,2,27,1,2,0,2,11.02,38,10.75,0
29,Female,Ontario,3,80103.96,699,89853.52,7004.52,946.68,1,1,0,0,0,67.73,9,9,2,4,0,1,-9.13,17,9.0,1
73,Female,British Columbia,6,59247.16,706,17369.26,5523.66,4786.38,1,0,1,0,0,0.0,22,11,2,2,1,1,-11.46,43,18.15,1
72,Female,British Columbia,6,68286.78,608,38790.47,5968.87,2225.26,2,1,0,0,0,2306.6,38,31,1,2,0,0,-0.32,23,35.55,0
30,Female,Ontario,3,134081.49,648,43210.56,11461.23,2558.83,1,1,0,0,1,440.24,14,26,3,3,1,0,11.76,41,18.2,0
54,Male,Quebec,4,89070.05,642,77193.26,7828.89,5426.76,3,1,0,0,0,2690.95,35,14,1,1,0,0,-5.23,40,27.65,0
41,Female,British Columbia,0,75787.8,689,35252.99,5386.18,4003.09,4,0,0,1,0,0.0,44,0,3,3,0,1,6.71,23,28.6,0
50,Male,Ontario,7,131926.49,784,6509.22,10441.65,2908.99,1,1,0,0,0,2702.43,35,24,3,4,0,0,-9.98,6,31.15,0
56,Male,Ontario,10,68799.44,829,0.0,6414.47,3354.18,4,1,0,0,1,586.83,7,27,7,3,0,0,-0.46,8,14.0,0
65,Female,Ontario,15,83504.66,714,47490.62,6680.72,3337.73,1,0,0,0,0,0.0,6,28,2,0,1,0,-14.01,34,13.7,1
66,Male,British Columbia,9,91834.95,608,44945.49,7086.07,50.0,1,1,0,0,0,59.11,16,22,6,1,1,0,4.43,33,18.1,0
25,Female,British Columbia,3,47752.94,690,58985.66,3688.62,1264.43,1,1,0,0,0,745.25,20,0,4,2,1,0,8.83,14,13.0,0
68,Male,Quebec,15,76070.84,794,26152.2,5647.96,1965.86,1,1,1,0,1,537.76,6,34,5,1,0,0,-11.27,25,15.8,0
63,Female,Quebec,6,25000.0,850,28449.43,3067.04,946.32,2,1,1,0,0,4037.86,3,1,1,2,1,0,2.06,6,2.3,0
50,Male,Ontario,4,67882.42,747,40338.8,5111.41,4058.13,1,0,0,0,0,0.0,8,17,3,3,2,0,-16.85,34,11.15,1
66,Male,Ontario,8,52878.48,620,6609.76,4725.74,6073.22,1,1,1,1,0,3663.97,29,32,8,2,0,0,-0.96,19,30.05,0
34,Female,Ontario,10,65557.53,774,52217.73,5365.76,5108.28,1,1,0,1,0,424.45,16,1,7,1,0,3,1.53,23,10.75,0
32,Male,Ontario,7,90517.53,572,33399.08,8373.05,2196.89,3,1,0,1,0,311.31,15,20,4,2,0,0,3.86,46,16.75,0
33,Female,Ontario,14,25000.0,690,92752.85,2316.42,2097.64,2,1,1,0,0,2099.01,4,0,1,2,0,0,-8.67,33,2.6,0
26,Female,Ontario,13,91746.42,780,18244.47,7883.32,2309.42,1,1,0,1,1,1324.77,42,15,6,4,0,0,4.04,28,32.55,0
34,Female,Quebec,6,109007.35,738,398.36,9754.8,4127.38,4,1,0,1,0,1073.67,35,24,8,3,0,0,0.89,24,31.15,0
69,Female,Alberta,13,61562.38,687,53681.44,4292.5,50.0,1,1,0,0,0,1164.82,44,14,7,0,0,1,-0.54,21,33.5,0
30,Female,Ontario,1,123951.56,764,48321.47,10004.06,2898.18,1,1,0,0,0,2618.01,36,19,2,3,1,1,-6.82,24,30.05,0
53,Male,Ontario,15,89710.93,706,19126.01,7619.37,4868.43,1,1,1,0,0,2944.48,21,33,4,1,2,0,-10.38,9,25.2,0
72,Male,Ontario,8,71053.09,552,67207.87,5931.9,2855.32,2,0,0,0,1,0.0,36,10,0,2,1,0,-4.14,53,26.9,0
70,Male,Quebec,3,103493.26,688,69052.29,8691.24,496.24,3,1,0,0,0,1734.59,14,2,6,2,1,1,0.27,41,9.8,1
54,Male,British Columbia,5,56620.63,738,39424.69,4213.65,2800.69,3,1,0,0,1,2079.23,39,17,2,2,0,0,6.21,28,31.3,0
68,Male,Quebec,4,88292.04,592,29283.16,7154.09,2544.34,4,1,0,0,0,1189.32,3,11,7,2,0,0,8.7,17,5.8,0
61,Female,Alberta,11,174802.74,752,44118.82,14668.14,2892.21,1,1,0,0,0,1915.94,2,1,0,5,0,0,-13.37,30,1.65,0
68,Female,British Columbia,0,54223.58,646,43453.03,3431.9,1571.64,2,1,0,0,0,2005.45,6,18,4,2,1,1,-5.08,9,10.2,0
41,Female,British Columbia,11,85787.29,769,29635.47,6851.61,2311.9,3,1,0,0,0,2321.68,26,18,0,3,0,0,9.47,21,23.2,0
26,Male,Alberta,0,73324.94,643,0.0,6403.92,1688.98,1,1,0,0,0,2488.76,22,33,3,6,0,0,1.4,39,25.85,0
38,Female,Ontario,1,104962.44,747,73184.48,8467.2,3395.06,2,0,1,0,0,0.0,10,4,5,0,0,2,-6.06,30,7.9,0
50,Female,Ontario,8,98370.18,707,68175.89,8150.93,3318.66,2,0,0,0,0,0.0,37,13,3,0,0,0,-7.35,22,28.6,0
52,Male,British Columbia,13,76785.31,794,105600.15,7308.43,1020.21,4,1,0,0,1,1024.61,22,18,7,3,0,0,4.56,37,20.6,0
27,Male,Ontario,5,98462.63,637,40560.65,7483.34,1009.21,2,1,0,0,0,2609.4,40,10,4,2,0,0,-12.87,14,29.5,0
74,Female,Ontario,9,56189.64,697,49711.94,4694.46,4449.59,1,1,1,0,0,3373.83,20,29,4,2,1,1,16.06,31,23.15,0
56,Male,Alberta,2,81364.37,578,20080.35,7047.7,50.0,4,1,0,0,0,1418.8,0,11,3,4,0,1,14.03,44,3.85,1
38,Male,Alberta,6,128796.79,768,27929.04,11138.23,1429.94,1,1,0,0,0,703.97,2,19,7,0,0,0,22.61,39,7.95,0
22,Female,Quebec,6,94564.82,670,8621.95,6910.35,2038.27,1,0,0,0,0,0.0,6,33,4,3,1,0,1.95,41,15.45,0
68,Male,Alberta,12,112912.43,747,40574.25,9477.36,1864.57,2,1,0,0,0,292.96,40,11,6,3,0,0,2.29,45,29.85,0
51,Female,British Columbia,0,88484.89,782,56571.85,7482.95,4392.52,3,1,0,0,0,3666.68,12,9,6,1,1,0,6.01,37,10.95,0
42,Female,Ontario,10,55942.28,679,20769.33,4828.13,4450.94,1,1,0,0,0,3010.41,21,13,7,3,1,0,-22.84,21,18.2,0
66,Female,Alberta,5,109315.75,796,16435.9,9533.52,2812.89,1,1,0,0,0,0.0,5,3,2,0,1,0,15.82,49,4.3,0
34,Male,Ontario,9,67197.01,671,4907.58,6850.36,2614.32,2,1,0,0,0,1309.52,42,5,0,1,0,1,2.76,24,29.05,0
71,Male,British Columbia,1,94809.41,717,27739.31,7561.46,2836.41,3,1,0,0,1,1683.52,21,24,7,3,1,0,3.45,31,22.05,0
66,Female,British Columbia,13,25000.0,692,66777.78,1592.57,2488.56,2,1,0,1,0,869.92,6,34,2,2,1,1,16.36,36,15.8,1
74,Male,British Columbia,9,126350.06,590,48402.53,9902.02,4743.4,3,1,0,0,0,2465.15,38,23,4,3,0,0,-13.93,43,32.75,0
67,Female,Ontario,9,68816.74,750,47438.21,6525.15,2657.55,3,1,0,0,1,0.0,17,7,2,2,2,0,-11.23,9,13.5,0
52,Male,Ontario,2,37599.85,850,60482.9,3104.3,2939.13,2,1,1,1,0,212.65,20,32,3,0,0,1,8.15,46,24.2,0
23,Male,Quebec,9,65640.84,596,54976.98,5207.72,3089.43,2,1,0,0,1,838.82,14,30,7,0,0,0,16.46,55,19.6,0
70,Female,Ontario,11,83820.77,594,47761.71,6709.13,1526.07,2,1,0,1,0,3077.65,24,20,5,3,0,0,-2.16,53,22.6,1
46,Female,Quebec,13,70564.81,586,57248.64,6841.14,4011.03,1,1,0,1,0,511.43,25,5,0,3,0,0,-4.38,27,18.0,0
50,Male,Alberta,5,100963.11,661,0.0,8631.85,2567.06,2,1,0,0,0,1171.82,12,29,3,1,0,2,7.7,25,17.95,0
38,Female,Alberta,0,66535.43,573,0.0,5754.28,1197.1,1,1,0,0,1,2306.4,8,34,5,2,0,0,-20.26,28,17.1,0
22,Male,Alberta,12,61907.2,726,30245.11,4723.36,1998.76,2,1,0,0,0,278.38,36,10,7,1,0,0,1.94,14,26.9,0
59,Male,Ontario,11,76609.32,711,45768.12,6063.87,2996.51,3,1,0,1,0,2295.18,41,20,0,0,0,0,4.84,33,33.65,0
32,Male,Ontario,7,65695.7,658,73246.61,5277.85,2788.84,2,1,1,1,0,3766.37,26,23,6,2,1,0,-4.42,27,24.95,0
73,Male,Alberta,2,94096.71,647,64878.47,7806.76,2800.99,4,1,0,1,0,3742.05,33,8,2,3,1,0,23.89,55,24.25,0
35,Male,Ontario,11,111419.73,599,75279.65,8151.84,5037.85,3,0,1,0,1,0.0,43,31,5,3,1,0,-16.2,17,38.8,0
56,Male,Alberta,4,109532.97,576,50660.01,8932.13,296.47,3,1,0,0,0,1509.74,11,3,7,0,0,0,-12.66,16,8.2,0
39,Male,Alberta,4,77052.02,564,23275.32,6935.48,3674.44,1,1,0,0,1,1149.21,0,27,0,1,1,1,1.8,22,9.45,0
39,Male,Ontario,2,85225.68,784,40787.34,7183.83,104.61,2,0,0,0,0,0.0,8,12,3,3,0,0,17.99,29,9.4,0
73,Female,Ontario,3,81700.25,550,43857.84,7211.78,3353.65,1,1,1,0,0,1793.43,11,20,7,1,0,0,-5.01,47,14.15,0
28,Male,Quebec,3,90675.32,614,0.0,8381.33,5953.34,2,0,1,0,1,0.0,41,12,1,2,0,1,8.01,46,30.85,0
68,Male,British Columbia,3,103949.56,674,82932.4,8436.39,2645.11,1,1,0,0,0,3890.62,10,0,8,1,1,1,23.82,30,6.5,0
51,Male,British Columbia,5,119211.78,601,88761.28,9935.36,3693.02,1,1,0,0,0,1715.28,31,8,0,2,3,0,4.5,46,22.95,0
44,Male,Ontario,3,55021.58,706,14702.13,5732.49,1250.58,2,1,0,1,0,2000.67,26,21,6,3,0,0,7.98,50,24.25,0
23,Female,Quebec,1,50186.78,623,20452.48,4166.41,3998.94,1,1,1,0,0,1252.57,15,27,0,0,0,1,-0.91,26,19.2,1
28,Female,Ontario,4,127760.61,603,31469.18,11061.27,3384.29,1,1,1,0,0,3779.91,23,20,7,3,1,0,-14.17,1,21.95,0
24,Female,Ontario,15,86394.86,563,44289.53,8339.34,822.98,2,1,0,0,0,611.45,42,11,1,3,1,0,-15.49,33,31.15,0
47,Male,Ontario,2,92971.6,582,0.0,7990.53,1414.01,2,1,1,0,1,2534.34,7,33,6,1,1,0,0.07,60,16.1,0
40,Female,Ontario,6,100312.73,714,25032.71,9416.68,3414.03,3,1,1,1,0,2769.19,13,24,7,4,0,1,8.66,42,16.85,0
33,Female,Quebec,5,103745.09,631,41665.74,8035.85,518.57,2,1,0,1,0,2276.32,21,24,7,2,0,1,-8.98,28,22.05,0
43,Male,Alberta,11,123573.3,753,60236.45,10483.0,4129.57,4,1,0,0,0,3188.52,42,20,8,0,1,0,-19.17,15,34.3,0
54,Male,Quebec,5,102775.33,761,43636.94,8336.84,2925.02,1,1,1,0,0,1807.48,1,11,1,3,1,0,-5.55,23,4.5,0
51,Male,Ontario,1,106398.52,644,50803.34,8113.55,3236.31,2,1,1,0,1,2085.86,5,28,8,1,0,1,0.64,32,13.05,0
50,Female,Alberta,8,106932.34,661,28328.65,8042.4,2679.79,2,1,1,0,1,1928.66,11,15,3,4,0,1,12.13,40,12.4,0
73,Female,British Columbia,6,32629.09,699,10002.54,3303.32,3321.65,4,1,1,1,1,5191.43,11,10,4,0,0,0,7.65,47,10.65,0
32,Male,British Columbia,6,139531.0,682,44465.31,11609.77,3531.22,2,1,0,0,1,1351.56,9,6,0,0,0,0,-8.77,7,7.95,0
57,Female,British Columbia,9,38853.11,609,37840.01,2757.34,1744.46,1,1,0,0,0,370.65,24,18,6,3,1,0,5.66,6,21.9,0
41,Female,Ontario,11,117441.74,624,50475.11,9949.65,3992.72,2,1,1,0,0,0.0,33,24,1,2,0,1,5.96,28,29.85,0
74,Male,British Columbia,5,123260.53,732,31769.93,9757.49,139.72,1,1,0,0,1,2505.49,26,2,3,3,3,0,11.36,30,17.6,0
26,Male,British Columbia,10,111994.22,780,60060.27,9166.97,3450.25,1,1,1,0,0,2320.35,12,23,1,1,0,0,0.36,27,15.85,0
72,Female,Ontario,3,146810.64,666,28629.98,12229.19,1679.56,1,0,0,0,0,0.0,43,33,0,2,0,1,-0.42,23,39.5,0
68,Female,Quebec,13,121824.75,762,53886.37,9850.32,4088.65,2,1,0,0,0,1766.7,19,22,2,1,0,0,3.66,40,20.05,0
47,Female,Ontario,13,92249.28,780,46659.71,8477.96,591.48,1,1,0,0,0,0.0,38,26,7,2,0,0,-5.87,40,33.8,0
30,Female,Alberta,12,155021.58,409,0.0,11869.36,2824.95,2,1,1,0,0,1984.18,33,25,0,3,0,1,-4.75,54,30.2,0
41,Male,Ontario,4,78484.49,718,43078.66,6496.67,2319.16,1,1,0,0,1,781.62,7,7,8,0,1,1,-22.01,44,7.0,0
42,Male,Alberta,8,78228.53,779,104544.48,6489.78,1783.02,2,0,1,0,1,0.0,43,26,7,1,1,0,-4.12,27,37.05,0
36,Male,Quebec,5,119427.2,745,66388.33,9541.18,910.0,1,1,0,0,0,901.47,33,29,5,1,0,0,7.27,1,31.6,0
71,Male,Ontario,9,43008.71,772,62168.36,3323.71,4107.0,1,1,0,0,1,784.81,9,29,1,4,0,0,13.71,33,16.0,0
34,Male,British Columbia,1,98404.81,760,28130.03,8446.58,1934.39,2,0,1,0,0,0.0,18,24,1,1,0,2,-1.53,30,20.1,0
39,Female,Ontario,12,103564.23,643,44553.41,8581.67,3818.15,3,0,0,1,0,0.0,14,3,1,1,0,1,0.3,30,10.15,0
42,Male,Alberta,2,74269.78,706,69659.53,5581.72,409.32,2,1,0,0,0,646.92,8,18,8,4,0,0,-1.43,10,11.5,0
34,Female,British Columbia,5,99003.21,713,36226.78,7390.05,1856.18,1,1,0,0,0,1059.18,8,29,8,3,1,0,-14.78,23,15.35,0
39,Female,Ontario,3,105722.54,766,61582.07,8906.41,3366.93,1,1,1,0,0,337.54,34,7,4,3,1,0,-8.16,16,24.55,0
36,Male,Alberta,6,54855.35,784,35374.71,4221.53,4821.91,1,1,1,0,0,3871.75,17,4,3,5,0,0,8.12,44,12.45,0
67,Male,Ontario,3,38828.79,739,47430.53,3347.86,3541.57,1,1,0,0,0,2130.9,40,8,1,1,0,0,7.63,16,28.8,0
64,Female,Alberta,9,73090.65,695,69924.62,4741.46,3078.64,1,1,0,1,0,1182.06,5,4,8,2,0,1,17.44,25,4.65,0
37,Male,British Columbia,13,57397.92,655,0.0,4812.39,487.62,2,0,0,0,1,0.0,16,17,1,3,0,0,-4.39,56,16.35,0
48,Female,Ontario,11,111560.13,488,39296.94,9275.34,312.92,2,1,1,1,0,356.11,37,21,0,1,0,0,-18.04,1,31.4,1
75,Female,Quebec,5,118853.36,568,2260.4,9327.87,1663.63,1,0,1,0,0,0.0,26,17,6,1,0,0,20.48,14,22.85,0
55,Female,Alberta,9,76047.98,635,39044.97,7100.53,2007.76,3,1,0,0,1,2066.19,4,17,8,3,1,0,-11.06,19,8.55,0
51,Male,Ontario,15,85302.16,705,15480.77,7029.03,1066.88,3,1,0,0,0,1732.09,30,1,2,2,0,3,0.85,31,19.85,0
66,Male,Quebec,2,145632.13,629,60883.53,13015.97,1025.76,2,1,0,0,0,1191.08,6,30,8,3,0,0,-15.83,43,14.4,0
74,Male,British Columbia,13,123566.12,702,56907.85,10486.96,1413.89,2,1,0,1,0,1031.93,36,30,0,1,0,0,14.7,23,33.9,0
69,Female,Alberta,15,121468.87,713,92278.92,9913.39,2675.9,1,1,0,1,0,1191.67,34,9,6,2,0,0,22.93,39,25.25,0
48,Male,Ontario,4,80235.7,679,55365.85,6266.17,3832.31,1,1,1,0,0,286.28,20,20,3,1,0,0,33.13,34,20.0,0
39,Female,British Columbia,6,125150.46,753,45786.56,9735.78,4129.05,2,1,1,0,1,1609.44,4,19,7,1,0,0,-9.22,43,9.25,0
22,Male,Quebec,14,90623.68,743,66788.39,7610.49,1232.63,2,0,0,0,0,0.0,43,2,5,1,2,0,-11.71,31,28.65,0
55,Female,Ontario,9,140174.08,627,46846.28,11122.44,2777.64,2,1,0,1,0,3322.49,43,4,3,0,0,0,2.62,40,29.35,0
47,Female,Alberta,11,82308.6,776,26878.5,7192.48,4984.64,3,1,0,0,0,855.95,42,14,0,2,0,0,18.54,20,32.2,0
56,Male,Quebec,10,40987.0,739,5122.96,2891.31,754.89,1,0,0,0,1,0.0,31,14,1,3,0,1,-8.93,32,25.05,0
61,Female,Alberta,13,90639.44,685,53010.16,8284.87,1815.51,1,1,0,1,0,3000.65,32,1,3,3,1,1,4.96,28,21.15,0
69,Male,Quebec,12,30348.53,595,75880.47,2590.23,1814.76,3,1,0,0,1,2137.01,20,34,4,1,0,1,-10.18,20,24.9,0
67,Female,British Columbia,7,65651.82,545,32114.5,4549.23,3517.8,1,1,0,0,0,1641.47,20,7,1,0,0,1,3.9,27,15.45,1
23,Male,British Columbia,12,133198.16,800,47804.46,10738.03,3209.04,1,1,1,0,1,2737.75,29,7,7,1,1,0,4.81,45,21.3,0
69,Male,Ontario,10,163886.37,574,19093.02,13626.58,2162.81,3,1,0,0,0,1233.6,14,24,2,0,1,0,-4.55,11,17.5,0
23,Male,Ontario,10,101948.56,698,0.0,9237.36,1073.86,1,1,0,0,0,1582.7,22,21,5,2,0,1,5.0,23,21.65,0
31,Female,Quebec,3,41745.29,631,33062.78,2538.58,4473.52,3,1,0,0,1,637.3,18,34,4,3,0,0,-6.4,36,23.6,0
48,Male,Alberta,0,98278.8,552,55745.62,8195.44,3694.54,3,1,1,1,0,2723.22,19,15,6,3,2,0,22.14,29,17.6,0
57,Male,Alberta,4,113455.37,650,27855.99,11112.42,1906.03,2,0,0,0,0,0.0,42,0,6,3,2,1,0.43,41,27.3,1
46,Female,Ontario,3,46094.29,606,33373.01,4213.92,4246.74,4,1,0,0,0,1787.76,6,0,4,1,1,0,-14.34,30,3.9,1
74,Female,Ontario,13,61859.7,834,70631.02,5122.58,1773.33,3,1,0,0,0,1857.3,33,28,0,1,0,0,-31.43,15,31.25,0
70,Female,Ontario,1,112056.89,702,62948.81,10025.62,3625.76,3,1,0,0,1,1287.96,40,30,3,0,0,0,9.85,32,36.5,0
73,Female,British Columbia,3,58357.89,635,63546.56,4620.25,935.49,2,1,0,0,1,1684.58,8,21,0,1,1,0,1.32,29,12.55,0
31,Female,Ontario,3,80759.41,765,62479.49,5254.15,3824.88,2,1,0,0,0,2452.68,24,23,3,1,0,1,9.14,17,23.65,0
73,Female,Alberta,9,141217.39,684,15386.1,11516.7,3586.66,2,1,1,1,1,2131.89,1,33,5,0,2,0,-13.13,27,12.2,0
57,Female,Ontario,1,86878.83,746,49494.76,7280.73,2510.7,2,1,0,0,0,2161.22,24,2,5,2,0,0,-1.87,23,16.3,0
22,Male,Ontario,11,101494.97,756,95975.02,7970.03,1237.21,1,1,1,1,1,1220.03,10,32,8,2,0,0,3.53,13,17.7,0
52,Male,Quebec,7,59921.96,625,61065.54,5246.68,2453.9,1,1,0,0,0,1180.61,21,31,8,1,0,1,12.2,34,24.5,0
64,Male,Ontario,1,97326.28,850,94288.31,8895.79,1017.6,1,1,0,0,0,194.32,11,16,0,0,0,0,8.43,51,12.75,0
74,Male,Ontario,12,27786.73,743,80674.36,769.39,1967.31,4,0,1,0,0,0.0,43,32,4,0,2,0,5.07,29,39.15,0
45,Male,Quebec,9,137552.4,725,35340.95,11433.96,4230.53,2,1,0,0,0,2482.91,25,26,0,0,0,1,-13.59,34,25.35,0
49,Male,Ontario,7,118037.68,730,19907.89,9377.13,2318.52,1,1,0,0,0,1363.62,9,0,1,1,0,0,6.62,31,5.85,0
72,Female,Ontario,12,110239.09,637,15212.93,9747.97,2099.11,4,1,0,0,0,3515.07,38,22,8,3,3,0,12.64,35,32.4,0
56,Male,Alberta,7,47189.86,765,61242.87,3646.56,50.0,1,0,0,0,0,0.0,16,21,1,1,1,1,-12.56,24,17.75,0
56,Female,Quebec,5,31093.7,705,35277.95,1912.36,4130.31,1,1,0,0,0,3159.76,2,32,4,1,0,1,-24.38,43,12.5,0
38,Male,Alberta,11,35102.03,738,72479.6,2597.79,4007.38,1,0,1,0,0,0.0,37,19,0,2,3,0,7.72,31,30.7,0
75,Female,Alberta,8,71514.83,637,9648.01,5366.22,3068.83,2,1,0,1,0,1595.51,21,19,5,0,0,1,0.72,14,20.3,0
34,Male,Ontario,6,64872.36,780,4373.93,5897.98,1161.26,1,1,0,0,1,2791.19,19,23,8,0,0,1,-6.02,41,20.4,0
59,Male,Alberta,3,121334.49,812,26796.72,10114.19,1964.22,1,0,1,0,1,0.0,34,22,5,1,0,0,5.1,37,29.8,0
37,Male,Ontario,15,94462.25,526,52780.83,7569.35,3742.01,3,1,0,0,0,2681.49,31,4,6,3,0,1,7.37,24,21.55,0
47,Male,Ontario,4,74894.71,686,85460.75,6914.47,1724.73,1,1,0,0,1,2732.42,35,34,6,0,1,0,1.4,29,34.65,0
73,Female,Alberta,3,91101.82,570,86274.12,7053.96,50.0,2,1,0,0,1,0.0,37,8,2,5,0,0,10.41,35,26.85,0
62,Female,Alberta,13,45775.2,794,33897.0,3376.7,2214.49,2,1,0,0,1,2919.27,8,32,5,2,0,0,6.18,28,16.4,0
71,Female,Quebec,0,91947.35,764,58325.05,7264.98,1251.75,2,1,0,0,0,1168.71,13,9,0,0,0,0,10.03,7,11.6,0
55,Female,Alberta,6,94695.55,578,0.0,8201.14,3583.35,2,1,0,0,1,387.15,17,7,0,1,0,0,2.57,11,13.5,0
62,Male,Alberta,5,55398.42,685,97926.88,3594.85,2117.6,1,1,0,0,1,2661.51,42,19,1,2,1,0,4.33,49,33.95,0
52,Female,British Columbia,4,106360.11,750,14733.46,9037.06,4902.61,1,1,0,0,1,1552.42,37,20,0,2,0,0,11.76,34,31.05,0
23,Male,Ontario,15,105904.94,728,60561.25,8894.65,3052.75,1,1,0,0,0,921.6,2,32,6,3,1,1,-13.53,43,12.5,0
62,Female,British Columbia,1,69741.06,723,66146.12,5675.35,650.7,1,1,0,0,0,3853.47,22,18,6,2,0,0,-12.28,47,20.6,0
44,Female,Ontario,7,117914.84,688,63140.46,9848.83,1311.18,2,1,0,0,0,1922.02,15,26,8,0,0,0,1.36,49,18.85,0
31,Male,Alberta,14,53190.17,726,0.0,3658.76,3931.43,2,1,0,1,0,1756.77,40,9,6,0,0,0,2.93,40,29.15,0
32,Male,British Columbia,8,50462.12,521,0.0,4504.88,3584.15,3,1,0,0,1,1990.02,14,24,2,0,0,1,12.47,43,17.5,0
33,Female,British Columbia,15,73826.42,786,45795.62,7051.7,2643.83,2,1,1,0,1,2334.36,18,11,8,4,1,1,-3.83,23,15.55,0
51,Male,British Columbia,13,78411.45,715,46880.02,6716.99,4130.56,2,1,0,1,0,2497.02,19,18,0,0,1,2,-12.45,26,18.65,0
60,Female,Alberta,9,47011.93,833,78944.47,4004.85,1872.4,2,1,0,0,1,2164.03,1,5,8,0,1,1,15.78,21,2.4,0
56,Male,Ontario,9,124438.06,675,54789.22,9498.21,688.33,2,0,0,0,0,0.0,32,6,1,4,1,0,-9.64,39,22.9,0
57,Male,Ontario,2,103564.41,601,86422.25,7939.49,3405.39,1,0,0,1,0,0.0,15,27,8,0,0,0,12.33,16,19.2,0
22,Female,Quebec,0,114139.34,761,16881.27,8337.41,285.96,1,1,0,0,1,2365.71,33,0,7,2,0,0,16.29,30,21.45,0
49,Male,Quebec,12,81224.6,623,47623.57,6963.72,5817.69,1,1,0,0,0,1823.99,38,22,5,3,0,1,-15.03,17,32.4,0
35,Female,Ontario,8,117668.23,662,58895.7,9662.08,1683.56,3,1,1,0,0,978.45,14,15,1,2,0,0,-12.7,41,14.35,0
22,Female,Ontario,14,86626.86,684,53003.13,6745.68,1547.4,1,1,0,0,0,1486.33,5,12,0,1,0,0,13.53,18,7.45,0
22,Female,Ontario,14,77574.27,725,65303.38,6271.78,2714.69,1,1,1,0,0,1962.8,10,28,3,3,0,1,2.61,24,16.3,0
34,Female,British Columbia,13,94927.54,669,68224.89,7659.48,3079.33,2,1,0,0,1,1153.9,8,27,0,5,0,0,0.27,47,14.65,0
33,Male,Ontario,10,62306.28,564,43340.55,6069.4,2130.96,2,1,0,1,0,956.3,39,5,5,3,0,1,-11.39,30,27.1,0
64,Female,British Columbia,0,66712.47,838,78603.25,5106.24,2953.99,1,1,0,0,0,2418.56,22,26,2,2,0,1,5.88,30,23.4,0
33,Male,Ontario,1,58460.42,640,39188.47,4861.2,1343.96,1,1,1,0,0,1554.55,3,29,1,1,0,0,-2.76,22,12.1,0
63,Male,Quebec,6,82570.57,632,57342.89,6171.84,4142.66,1,0,0,1,0,0.0,29,5,3,0,2,0,-13.49,13,20.6,0
61,Male,Ontario,8,117400.95,724,37949.75,9984.4,3194.9,1,0,0,0,1,0.0,31,19,4,4,0,0,-4.74,61,26.8,0
43,Female,Alberta,15,72575.96,652,0.0,5796.14,2000.75,2,1,0,1,0,3265.44,18,2,3,0,2,0,-12.84,21,12.4,0
27,Female,Ontario,3,39826.97,630,21734.08,3111.52,5609.54,3,1,1,1,0,0.0,1,2,8,1,0,2,17.42,15,1.35,0
26,Female,Ontario,14,85444.97,606,4919.3,7939.82,3774.94,1,0,0,0,1,0.0,0,28,0,1,0,1,4.81,34,9.8,1
28,Male,Quebec,4,93655.47,772,0.0,8492.39,3972.34,2,1,0,0,0,3906.09,44,26,0,2,3,1,-3.73,32,37.7,1
42,Female,Ontario,0,109463.51,677,43685.18,8813.88,2759.45,4,1,0,0,0,1900.21,33,23,1,5,1,1,0.6,44,29.5,0
23,Female,Ontario,1,26223.52,658,32094.01,1371.42,2962.7,4,1,0,0,0,2456.84,18,19,7,2,0,1,-21.7,46,18.35,0
29,Female,Ontario,1,103249.15,660,40232.49,9417.77,6305.18,3,1,1,0,0,1194.69,4,0,8,2,0,0,-2.53,16,2.6,0
32,Male,Ontario,6,69100.62,659,35710.88,6446.89,2901.65,3,1,0,1,0,2011.48,24,15,2,4,0,1,8.42,46,20.85,0
45,Male,Ontario,15,140769.84,595,15914.98,11883.76,1065.06,1,0,0,0,0,0.0,11,27,8,0,1,1,-3.41,38,16.6,0
21,Female,Alberta,14,99792.03,669,0.0,8237.38,3107.31,3,1,1,0,0,1983.5,31,26,0,2,1,0,-17.99,19,29.25,0
38,Female,Ontario,5,37373.68,568,115716.78,2338.9,2631.21,1,1,0,0,0,3432.55,0,30,7,0,0,1,17.97,30,10.5,0
57,Male,Alberta,1,118626.97,824,13434.63,9678.76,4276.65,1,0,1,1,0,0.0,31,26,6,4,0,0,-2.19,27,29.25,0
65,Female,Quebec,3,109079.23,645,0.0,8925.42,4223.22,1,1,1,0,0,2408.99,42,9,6,2,0,0,0.42,25,30.45,0
25,Female,Ontario,11,51284.13,816,22680.12,2609.98,3936.51,2,1,0,0,1,3118.88,22,0,6,0,1,1,5.77,35,14.3,0
28,Male,Ontario,10,88640.68,648,0.0,7145.69,1768.42,2,1,0,0,0,2700.98,27,32,8,2,1,0,-5.03,47,28.75,0
28,Female,Quebec,6,99388.59,761,14780.06,8068.21,1593.09,4,0,1,0,0,0.0,33,20,8,4,0,0,-1.3,34,28.45,0
34,Male,Quebec,15,82175.03,695,15725.5,6473.92,4837.7,2,1,0,0,1,399.73,14,34,1,2,0,0,12.69,43,21.0,0
38,Female,British Columbia,11,93793.68,723,35092.19,8165.96,1676.84,1,1,0,1,0,551.89,1,32,4,1,0,0,0.65,40,11.85,0
22,Male,Alberta,2,81300.94,700,26707.77,5210.76,4625.13,2,0,0,0,0,0.0,29,11,7,1,0,1,-17.37,60,22.7,1
33,Male,Ontario,12,65794.66,666,80874.68,5751.86,3544.81,1,1,0,0,0,2851.44,23,0,0,5,0,0,3.4,21,14.95,0
56,Male,Ontario,10,90141.36,627,93611.14,8095.96,864.46,1,1,0,0,0,2030.23,3,9,6,0,0,1,-0.46,16,5.1,0
41,Female,Ontario,4,35489.21,667,53857.8,2151.32,745.77,1,1,0,0,1,2142.26,25,10,8,1,0,1,-9.01,4,19.75,0
28,Female,British Columbia,11,43783.23,718,48613.58,4314.87,1211.32,1,1,0,1,0,2245.59,25,11,1,1,0,0,2.54,31,20.1,0
25,Female,Ontario,1,36778.42,850,47647.43,3109.1,2723.29,2,0,0,0,0,0.0,37,0,5,3,0,0,13.03,30,24.05,0
65,Male,Ontario,1,82915.64,606,37182.16,7878.68,4301.23,2,1,0,0,1,1594.38,42,30,1,2,0,1,-4.93,26,37.8,0
72,Male,Ontario,5,142481.45,576,75152.91,11957.31,1651.62,2,0,1,0,1,0.0,25,23,7,1,0,0,10.3,40,24.3,0
41,Male,Quebec,13,80693.61,667,15267.83,5649.12,2759.23,2,0,1,0,0,0.0,6,3,8,5,0,1,15.22,44,4.95,0
29,Male,Ontario,0,94701.47,646,75879.74,8418.05,2803.96,1,1,0,1,0,1679.15,36,31,8,1,0,0,31.15,29,34.25,0
48,Female,Quebec,13,25253.24,680,36909.39,2308.92,2182.89,1,1,1,0,1,2669.21,42,25,3,2,1,0,2.65,40,36.05,0
69,Male,Quebec,7,37024.5,785,66481.31,1991.42,303.09,3,1,0,1,0,3666.43,16,20,7,2,2,1,-3.68,23,17.4,0
37,Female,British Columbia,2,87455.91,790,56750.22,7019.87,1420.14,1,1,0,1,0,1670.09,31,3,5,3,0,1,22.45,1,21.2,1
54,Male,Quebec,1,99663.33,600,36106.59,8648.2,1805.94,3,1,1,0,1,0.0,43,29,3,0,0,1,22.08,46,38.1,0
75,Male,Alberta,8,109351.28,638,62506.35,8264.69,551.92,2,1,0,0,1,2176.48,41,18,6,0,1,0,-13.88,24,32.95,0
66,Female,British Columbia,3,93172.13,733,31627.44,7428.74,1121.03,2,1,1,0,0,2421.17,29,32,8,4,0,0,-6.45,28,30.05,0
31,Female,Ontario,8,106124.64,560,11869.72,9265.33,1946.69,2,1,1,0,1,2510.2,16,11,4,2,1,0,-20.61,38,14.25,0
65,Male,Quebec,11,66812.59,590,50959.89,5720.18,2979.16,3,1,1,0,0,308.63,38,5,7,1,0,0,19.62,39,26.45,0
26,Female,Ontario,5,81329.22,564,93307.1,6837.54,2978.43,3,1,0,0,0,1036.75,9,25,4,1,0,0,20.17,29,14.6,0
28,Female,Alberta,2,96480.07,655,69891.6,7474.59,1431.21,1,1,1,0,0,1915.28,6,7,2,2,1,2,-19.79,35,6.35,1
51,Female,Ontario,10,70592.68,513,57637.71,6028.22,1768.09,4,1,1,0,0,1400.71,16,0,0,4,0,1,2.38,42,10.4,0
74,Male,Quebec,12,69940.45,695,39190.03,5669.29,1377.4,1,0,0,0,1,0.0,27,26,8,2,0,0,-11.13,13,26.65,0
30,Female,Ontario,10,92529.3,740,85049.17,6508.29,3360.73,1,0,1,1,0,0.0,5,14,0,1,0,0,9.37,30,8.15,0
65,Male,Alberta,10,87365.79,731,80806.33,7041.85,3261.82,3,1,0,0,0,4570.19,1,10,0,2,0,1,15.29,15,4.15,0
69,Male,Ontario,13,117740.59,685,51268.68,10468.37,2037.4,1,1,0,0,0,1058.04,21,29,6,3,1,0,10.87,29,23.8,0
69,Female,Ontario,11,121102.75,623,31452.76,8999.83,1715.34,1,1,0,1,0,1303.82,3,16,2,1,0,0,20.41,50,7.55,0
25,Female,Ontario,4,102547.97,722,27773.64,8335.61,3277.39,2,1,1,0,0,1823.68,30,14,3,1,0,2,2.32,18,24.4,1
50,Male,Ontario,13,138763.16,522,66169.03,11826.69,2223.61,2,0,0,0,0,0.0,35,28,3,2,0,0,-2.97,27,32.55,0
39,Female,British Columbia,10,51151.36,709,26103.15,4913.52,1151.88,2,1,0,0,0,2418.99,35,12,7,1,1,0,8.79,38,26.95,0
73,Male,Ontario,14,80641.44,708,13143.39,6873.93,50.0,2,1,0,0,0,649.44,38,14,8,1,0,0,15.68,31,29.6,0
73,Female,Ontario,1,140534.36,603,42962.2,11209.29,50.0,1,1,1,0,0,437.79,44,28,3,3,0,0,-33.76,25,38.4,1
42,Female,Quebec,13,55650.84,674,0.0,4752.55,2970.43,2,0,0,0,0,0.0,40,15,5,2,0,0,-10.72,28,31.25,0
69,Male,British Columbia,4,76457.96,647,32148.55,5827.77,3077.67,2,1,1,1,0,1750.02,38,13,1,2,1,1,-18.27,43,29.25,0
64,Male,British Columbia,1,67830.29,622,55029.11,6026.03,2515.89,1,1,0,0,0,2496.61,9,3,4,0,0,0,-3.27,27,6.9,0
67,Female,Ontario,15,83456.86,535,0.0,5450.09,654.73,1,1,1,0,1,2209.43,41,29,7,1,1,2,1.33,34,36.8,0
39,Female,Quebec,15,39824.21,760,0.0,2696.7,4711.61,2,1,1,0,1,1437.92,34,4,6,0,0,1,-11.68,20,23.5,0
35,Female,Ontario,10,93334.1,661,38121.44,8319.23,2760.16,2,1,0,0,1,3242.64,1,13,4,0,0,0,-18.47,29,5.2,1
58,Female,Quebec,3,141265.56,699,0.0,11068.92,1674.83,1,1,0,1,0,1854.34,5,22,0,3,1,0,-28.28,20,10.95,0
31,Male,British Columbia,8,87341.73,435,37647.13,7683.45,3002.78,2,1,0,1,1,656.47,29,13,0,2,0,2,-14.53,45,23.4,1
32,Male,Quebec,13,25000.0,593,43432.49,2571.32,2910.17,2,1,0,1,1,2306.25,2,19,6,1,0,1,-6.23,26,7.95,0
59,Female,Ontario,4,171623.71,700,44271.98,14689.67,901.17,1,1,0,0,0,2337.25,9,14,8,1,0,0,-2.05,33,10.75,0
44,Male,Alberta,12,117812.68,708,46749.87,10129.4,1443.59,1,0,1,0,0,0.0,44,29,2,1,0,1,-14.41,47,38.75,0
45,Male,Alberta,5,79934.07,528,53745.21,6420.23,3470.37,3,1,0,0,0,422.79,20,29,8,1,0,2,10.62,37,23.15,0
31,Male,Alberta,3,131058.51,850,75549.55,12080.42,2933.46,1,1,0,1,1,3539.57,21,34,2,2,0,1,3.02,23,25.55,0
55,Female,Alberta,3,103182.08,686,24787.61,8803.06,3160.4,3,1,0,0,0,1433.58,34,25,3,3,0,0,8.43,19,30.85,0
72,Male,Quebec,8,66192.95,802,48815.8,6295.73,4042.92,1,0,1,0,1,0.0,10,11,0,3,0,0,-14.5,40,10.35,0
53,Male,Quebec,10,86852.28,756,15182.08,6743.19,3041.7,1,1,0,0,1,1442.42,17,5,4,1,0,0,19.97,54,12.8,0
33,Female,Ontario,7,96206.5,710,58234.55,8269.15,1521.97,3,1,0,0,0,1798.76,14,7,4,0,1,0,10.45,24,11.55,0
24,Male,Ontario,0,96707.51,850,75097.48,8418.98,544.06,1,1,1,0,0,1462.67,21,31,0,2,0,0,5.99,48,24.5,0
59,Female,Quebec,6,30439.4,577,26574.33,2026.48,2503.4,1,1,0,0,0,1361.03,6,17,5,4,0,1,2.55,22,9.85,1
37,Female,British Columbia,5,90236.82,698,751.36,7549.41,5095.83,1,0,1,0,0,0.0,44,31,4,1,0,0,14.92,32,39.45,0
27,Female,British Columbia,12,68118.6,670,43089.8,4835.15,3401.58,2,1,0,0,1,2656.14,36,10,3,1,0,0,-10.6,29,26.9,0
27,Male,Ontario,6,108366.3,850,63201.98,8877.54,4173.69,2,1,0,0,0,1220.25,33,33,3,1,0,0,-17.59,45,33.0,0
39,Male,Alberta,1,97593.11,716,6687.7,8662.88,3927.69,2,1,0,0,0,1865.02,33,9,3,1,0,0,-1.68,22,24.6,0
38,Male,Ontario,1,74004.76,613,62543.23,6089.92,3859.66,3,1,0,0,0,1999.85,7,13,4,1,1,0,4.24,24,9.1,1
51,Female,British Columbia,6,57622.33,679,43422.97,4483.58,2015.99,1,1,0,0,0,1840.27,5,2,3,4,2,1,-33.25,23,3.95,0
45,Female,Quebec,8,45625.91,606,84748.47,3109.21,2944.45,4,0,0,0,0,0.0,42,31,3,2,0,1,6.56,35,38.15,0
29,Female,Alberta,0,103299.82,766,5667.82,8843.5,1710.03,2,1,0,0,0,21.78,42,20,1,2,1,0,1.7,31,34.3,1
39,Male,Alberta,0,75959.12,814,40594.04,6484.49,1614.97,1,1,0,0,1,2234.25,1,6,5,1,2,0,-19.43,58,2.75,1
44,Male,Alberta,5,65026.8,752,56852.89,5099.28,3689.06,1,0,1,1,0,0.0,35,13,5,1,0,2,14.72,20,27.3,0
54,Male,Alberta,5,88207.73,652,21631.26,6320.22,4065.12,2,1,0,0,1,2205.08,36,7,6,5,1,1,-13.3,18,25.85,0
26,Male,Quebec,4,118828.66,626,0.0,9502.99,3287.55,1,1,0,0,0,844.75,0,16,2,2,0,1,-8.73,16,5.6,1
58,Male,Ontario,5,107004.03,612,10334.48,8802.57,50.0,1,1,0,0,0,2102.8,36,30,7,1,1,0,13.12,28,33.9,0
45,Female,Ontario,8,81728.72,703,64719.06,7439.07,3130.42,2,1,0,0,0,1383.6,41,4,1,1,1,0,-7.99,5,28.05,0
50,Male,Alberta,8,70711.38,742,0.0,5491.64,2342.37,2,1,1,0,1,1928.43,0,27,8,6,0,0,10.1,27,9.45,1
65,Female,British Columbia,1,56559.2,670,37260.21,4921.64,3410.74,1,1,0,1,0,2375.32,31,22,7,1,0,1,-19.6,37,27.85,0
36,Male,Quebec,14,63136.28,850,21166.35,5843.76,3077.03,2,0,0,0,1,0.0,34,11,0,1,2,0,-9.58,28,25.95,1
68,Female,Alberta,14,87866.25,788,61533.71,7335.03,2870.8,3,1,0,1,1,2318.31,38,1,6,2,1,1,-16.2,25,25.05,0
37,Female,Ontario,11,57261.1,672,30589.04,4195.51,1392.74,3,1,0,1,0,1454.9,41,13,8,0,0,0,-18.65,29,31.2,0
48,Male,Ontario,13,80438.02,726,73164.43,6068.12,1216.83,2,1,1,0,0,176.41,43,26,7,1,0,0,1.73,21,37.05,0
69,Male,Alberta,12,80683.33,599,14977.11,8561.87,1225.88,2,1,0,0,0,3263.09,1,34,4,3,0,0,5.88,29,12.55,0
37,Male,Ontario,14,71718.54,615,95679.59,5513.76,2723.8,2,1,1,0,0,1287.42,8,4,4,2,0,0,11.45,9,6.6,0
22,Male,British Columbia,6,104714.17,662,8608.24,8101.11,3391.17,2,1,0,0,0,1757.2,2,14,0,2,0,0,-5.19,16,6.2,0
58,Female,Quebec,10,62617.61,639,74954.51,5170.57,3158.09,2,1,0,1,0,3300.76,35,17,2,3,2,0,4.97,10,28.7,0
61,Male,Ontario,0,124617.94,745,0.0,11585.9,2712.8,2,0,1,0,1,0.0,1,32,8,1,0,2,20.55,41,11.85,0
25,Female,British Columbia,10,102761.97,765,20150.16,8258.37,4377.21,1,1,1,1,0,2815.53,10,7,2,0,0,0,21.56,40,8.95,0
26,Male,Quebec,3,98426.17,748,35644.96,8629.93,756.79,1,1,1,0,1,773.21,44,7,1,1,0,0,-16.2,27,31.05,0
40,Male,Quebec,13,112141.01,679,40897.44,9984.58,3367.65,2,1,0,1,0,1826.11,6,34,7,1,0,1,23.77,22,15.8,0
65,Male,Ontario,9,126176.61,559,146804.34,10504.15,1715.3,1,1,0,0,0,2568.62,7,25,2,0,0,0,25.59,6,13.3,0
45,Female,Alberta,11,85126.07,657,35158.35,7932.28,3519.67,2,1,0,0,0,1706.35,43,18,3,4,1,1,-5.23,26,34.25,0
59,Male,Ontario,3,100671.28,830,13541.69,8914.12,1315.93,4,1,1,0,0,1968.42,16,19,3,2,0,2,-3.82,34,17.05,0
31,Female,British Columbia,15,73446.35,704,0.0,6054.23,3552.78,1,1,0,0,1,2482.85,14,16,1,2,2,0,20.85,24,14.7,0
51,Female,British Columbia,15,100580.22,731,32234.06,7520.51,2271.54,2,0,0,0,1,0.0,17,24,7,4,0,0,5.08,38,19.45,0
74,Female,Ontario,2,124305.08,733,38500.57,11269.14,2681.15,2,1,1,0,1,84.28,33,12,8,2,1,0,5.85,33,25.65,0
44,Male,Alberta,3,131410.64,626,73512.85,10986.36,4538.92,1,1,0,0,0,1013.67,3,9,6,3,0,0,13.03,22,5.1,0
56,Female,Ontario,7,114928.32,719,62302.53,9240.69,2478.53,2,1,0,0,1,1797.2,31,23,4,3,0,0,14.4,58,28.2,0
28,Female,British Columbia,14,98330.36,678,71044.75,8225.66,4295.01,2,1,0,0,0,3069.13,11,29,0,2,0,0,11.14,25,17.3,0
67,Female,Alberta,1,53221.96,724,68770.71,4711.04,3712.23,1,1,0,0,0,1718.96,35,25,1,2,2,0,-2.88,33,31.5,0
60,Female,Ontario,3,88902.61,708,0.0,7472.2,1325.12,2,0,1,1,1,0.0,0,34,7,1,1,0,-5.84,31,11.9,1
30,Female,Ontario,7,62336.72,758,39622.82,4578.78,3699.29,1,0,0,0,1,0.0,4,33,0,1,0,0,8.76,39,14.15,0
54,Female,Ontario,11,49529.8,599,19889.32,3597.99,2951.71,1,1,0,1,1,1693.27,26,7,2,1,0,1,3.3,21,19.35,0
36,Male,British Columbia,4,87262.3,677,64950.25,7428.31,3488.72,2,1,0,0,0,2057.45,17,21,6,0,0,0,11.66,46,18.4,0
53,Male,Ontario,15,60631.59,739,38232.12,5473.7,2365.97,4,0,1,0,0,0.0,37,12,8,1,0,0,-6.69,40,28.25,0
25,Female,Quebec,14,73931.19,715,0.0,6170.66,2559.44,1,1,1,0,1,3704.71,32,11,6,1,2,0,11.12,21,24.65,1
43,Female,Ontario,14,76770.68,850,34402.21,7410.16,3864.87,1,0,1,0,0,0.0,18,11,3,3,0,1,3.05,16,15.55,1
21,Male,British Columbia,2,87294.99,614,23783.1,7125.18,2520.41,1,0,0,0,0,0.0,33,27,4,3,1,2,11.8,15,30.9,0
72,Male,Quebec,1,90547.8,723,62101.18,7654.53,1628.95,2,1,0,0,0,2383.7,34,24,7,1,0,0,-19.17,51,30.5,0
61,Female,Quebec,14,93391.35,794,31072.37,8508.52,2136.45,3,1,0,0,0,1681.86,15,29,2,3,0,0,1.05,27,19.9,0
63,Male,British Columbia,15,83915.62,685,7220.76,5822.96,2597.39,3,1,0,0,1,231.01,14,0,8,2,0,1,8.34,38,9.1,0
25,Male,Ontario,6,127119.15,688,121808.91,10554.34,3403.51,1,1,0,1,0,732.54,0,1,6,0,2,0,0.87,30,0.35,1
43,Female,Quebec,4,148830.17,795,0.0,12881.44,2150.54,1,1,0,0,0,1287.99,34,13,8,1,0,0,7.52,52,26.65,0
22,Male,British Columbia,10,31939.82,719,36274.62,2679.16,104.98,3,1,0,0,1,960.41,39,9,5,2,1,2,0.71,27,28.5,0
34,Male,British Columbia,11,45308.31,741,7464.21,3236.57,3263.6,4,0,0,0,1,0.0,31,12,1,0,1,0,-11.76,40,24.35,0
24,Male,Alberta,4,81094.28,847,29110.77,5791.38,2378.93,2,1,0,0,0,3091.68,13,8,4,3,1,0,-1.73,22,11.25,0
74,Female,Alberta,7,99772.46,672,0.0,7754.35,1742.44,2,1,0,1,0,3161.01,23,26,0,1,1,0,28.32,39,24.05,0
21,Male,British Columbia,0,131721.26,692,41456.55,10879.39,5924.82,2,1,0,0,0,2957.63,17,1,1,2,1,0,7.7,27,11.4,0
56,Male,Ontario,13,63066.06,776,1267.54,5777.08,1574.88,2,0,0,0,0,0.0,22,7,6,4,1,0,10.53,47,16.75,0
39,Female,Ontario,13,73441.66,622,10307.23,6203.64,3385.83,4,1,1,0,0,0.0,3,4,8,0,1,1,28.77,35,3.35,0
39,Male,British Columbia,9,44723.44,585,83639.55,4638.8,1165.4,2,1,0,0,0,1243.6,26,9,7,2,1,1,-8.74,27,20.05,0
28,Male,British Columbia,6,25000.0,679,116545.57,1175.44,1539.74,2,1,0,0,0,2719.28,8,9,6,0,0,0,-6.96,26,8.35,0
43,Female,Ontario,0,43801.69,648,9805.03,3304.23,4984.92,3,1,0,0,1,0.0,42,31,6,2,0,0,2.33,35,38.15,0
47,Female,Alberta,14,92680.64,715,50469.83,8049.65,2972.11,1,1,1,0,1,1978.96,25,2,3,1,1,0,-4.55,30,16.95,0
59,Male,British Columbia,7,46211.53,758,57182.64,4385.38,4410.49,1,0,0,0,1,0.0,26,12,1,5,1,0,4.8,40,21.1,0
43,Female,Alberta,5,27785.92,651,9822.99,1312.42,2013.64,1,1,0,0,0,3973.71,18,24,5,1,0,0,16.88,28,20.1,0
60,Male,British Columbia,5,38390.74,694,31625.99,4302.15,3631.88,3,1,0,0,0,1469.8,17,5,8,3,0,1,9.05,45,12.8,0
47,Male,British Columbia,3,101758.65,697,31959.27,7634.02,1050.28,1,0,1,0,0,0.0,24,27,1,0,0,0,10.3,30,25.05,0
28,Female,Alberta,13,74506.95,765,65481.49,5502.14,799.93,1,1,0,0,0,876.7,32,32,4,3,0,1,11.14,30,32.0,0
67,Male,Ontario,7,89133.55,746,21498.09,6665.06,5572.94,1,1,1,0,0,1170.84,9,0,2,2,2,0,9.96,34,5.85,0
54,Female,Quebec,3,116066.76,804,57863.09,8700.37,2247.72,2,1,0,1,0,3006.43,0,28,4,2,0,1,0.97,24,9.8,0
40,Female,British Columbia,4,58934.96,601,67990.7,4157.09,4217.82,1,0,1,0,0,0.0,22,31,0,1,0,0,-29.17,32,25.15,0
72,Female,Quebec,6,90768.56,672,76105.1,6707.14,1956.52,2,1,0,1,1,2892.04,42,22,0,0,0,1,6.78,34,35.0,0
41,Female,Quebec,9,88001.17,673,57483.22,7181.94,5017.17,2,0,0,1,0,0.0,36,20,2,0,0,0,2.4,66,30.4,0
58,Male,Quebec,8,146349.45,732,28208.48,12090.75,3318.44,3,1,0,0,0,806.01,10,5,8,2,0,1,-8.73,25,8.25,0
22,Female,Alberta,14,158396.42,640,24149.27,12443.61,2519.64,1,0,0,1,0,0.0,13,27,1,4,2,1,-10.64,33,17.9,1
64,Female,Ontario,9,80560.52,765,23906.83,6271.62,2012.65,2,1,1,0,0,1420.84,12,13,2,0,0,1,-13.08,15,12.35,0
22,Male,British Columbia,3,93308.86,776,10760.47,6824.5,3812.92,1,1,0,1,1,3699.33,21,26,4,1,0,0,2.53,52,22.75,0
67,Female,Ontario,3,93613.93,609,35540.83,7385.69,3121.54,2,1,0,0,0,164.24,39,12,4,5,1,0,6.25,47,29.55,0
42,Male,Alberta,14,69076.34,618,39531.87,7555.96,2243.14,1,1,0,0,1,3052.58,0,1,7,4,1,0,-2.15,19,0.35,1
57,Female,Alberta,4,48487.88,818,51004.62,3524.58,1075.94,1,1,0,0,0,1572.07,6,29,4,0,2,0,-1.72,22,14.05,0
26,Male,British Columbia,0,68948.98,657,23648.42,5507.75,3306.95,1,0,0,0,0,0.0,40,3,4,3,1,0,-3.48,14,27.05,1
54,Female,Alberta,13,112571.74,646,43016.02,8585.36,4170.5,4,1,0,1,0,1375.97,29,17,4,2,1,1,12.7,35,24.8,0
47,Male,Ontario,15,103250.85,714,70614.49,10372.67,50.0,2,1,1,0,0,1402.16,35,21,7,0,0,0,1.48,31,30.1,0
41,Male,Ontario,15,90396.13,776,13044.38,7261.28,2927.05,3,1,0,1,1,3077.38,13,25,6,4,1,0,3.66,11,17.2,0
23,Female,Ontario,10,85008.28,644,51916.03,6738.26,4022.32,1,1,0,0,1,2180.78,20,12,7,0,0,0,-1.07,56,17.2,0
23,Female,British Columbia,10,48197.18,718,55084.65,3836.58,4659.36,4,1,0,0,1,804.17,3,21,7,1,0,0,-4.85,34,9.3,0
68,Male,Alberta,3,115552.22,607,49394.13,8619.61,2768.13,2,1,0,1,0,512.92,35,23,0,3,0,0,-15.17,42,30.8,0
47,Female,Ontario,13,38657.27,828,92203.04,4421.08,4698.34,1,1,0,1,0,722.05,21,5,7,3,0,0,4.22,30,15.4,0
32,Male,British Columbia,6,59125.31,820,0.0,5729.98,831.83,2,1,0,1,0,999.82,4,11,8,0,0,0,-1.25,21,6.45,1
62,Female,Alberta,0,105369.9,562,6700.5,10006.39,4418.89,2,0,0,0,0,0.0,15,22,8,2,0,1,17.9,25,17.45,1
44,Female,Ontario,12,87968.02,716,19562.46,7338.71,730.18,3,0,0,0,0,0.0,27,8,0,3,0,1,-13.29,48,20.35,1
40,Male,Ontario,3,125849.68,597,24900.89,10716.92,2558.4,2,1,0,0,1,331.57,22,15,1,0,1,0,-3.98,28,19.55,0
40,Male,Ontario,4,82995.0,594,19519.65,7281.1,2359.46,2,1,0,0,1,2575.92,32,19,6,3,0,0,1.22,43,27.45,0
34,Male,Ontario,4,69683.87,850,44776.26,6158.77,3010.53,2,1,0,0,0,3159.71,38,7,7,1,0,1,13.51,24,27.15,0
66,Male,Alberta,14,57114.36,636,7674.52,4378.09,241.43,2,1,0,0,1,3676.05,13,3,2,0,1,0,3.13,14,9.5,0
72,Female,Quebec,8,97018.75,717,29919.67,8587.25,3239.67,4,1,0,1,1,1780.67,2,13,1,0,1,2,-11.41,63,5.85,0
40,Female,British Columbia,11,102476.92,560,18840.54,7866.5,4088.69,3,1,1,0,0,4190.27,28,15,7,0,0,0,-2.51,28,23.45,0
24,Female,Ontario,10,94864.89,709,93517.76,8097.13,2104.03,3,1,0,1,1,1395.36,18,20,6,2,0,0,-2.47,32,18.7,0
73,Female,British Columbia,5,135953.88,750,17505.88,10385.72,2904.13,3,1,0,0,1,2467.37,44,3,4,1,0,0,2.49,9,29.65,0
55,Female,British Columbia,7,102499.79,679,61935.67,8106.41,5138.37,3,0,1,0,0,0.0,36,30,1,1,0,2,21.54,1,33.9,0
47,Male,British Columbia,12,86594.99,734,72149.34,6478.74,2891.13,3,0,0,0,1,0.0,23,3,1,5,0,0,1.36,51,16.0,0
52,Female,Ontario,1,63352.22,615,33646.6,6371.29,2829.13,1,1,1,0,0,2450.71,37,29,4,0,1,0,27.86,60,34.2,0
34,Female,Ontario,11,83696.38,850,0.0,6791.31,1233.52,1,1,0,1,0,1993.51,22,1,7,0,0,0,5.66,43,14.65,0
30,Male,Quebec,4,25000.0,697,66308.85,1941.23,443.64,3,1,0,0,0,2679.31,5,14,4,3,1,0,-7.15,33,8.15,0
45,Male,Ontario,5,100998.62,700,65062.89,7116.21,2518.6,3,1,0,0,1,1378.16,17,7,8,2,1,0,24.02,36,13.5,0
73,Male,Alberta,13,134412.32,771,52842.06,12756.26,663.93,1,1,0,0,0,1998.92,44,11,4,0,0,0,-12.5,50,32.45,0
49,Male,Quebec,7,98869.78,746,61284.52,8419.24,3175.86,3,1,1,0,0,1296.76,0,18,2,2,1,0,3.4,11,6.3,0
21,Male,Quebec,5,115247.11,755,34653.23,9581.65,1206.19,1,0,0,1,1,0.0,26,30,6,1,2,0,0.53,24,27.4,0
41,Female,Ontario,7,45939.42,743,0.0,5275.1,50.0,2,1,0,0,0,1450.63,27,27,1,1,0,0,-19.39,37,27.0,0
38,Male,Ontario,11,57723.08,745,73454.85,4951.69,1340.24,2,0,0,1,1,0.0,15,11,0,0,0,0,-3.91,30,13.6,0
65,Female,Ontario,3,146259.19,698,7788.57,11724.02,1308.51,2,1,0,0,0,1262.53,2,32,6,5,1,1,-7.41,3,12.5,1
54,Female,Ontario,4,102644.33,577,30296.78,8552.09,1035.12,1,1,0,0,0,4494.93,27,13,6,2,0,2,14.55,41,22.1,0
29,Male,Ontario,13,77055.53,750,16609.57,6808.14,2599.05,1,1,1,0,0,1579.23,27,31,1,0,0,1,8.12,48,28.4,0
60,Male,Alberta,1,104856.04,556,94424.61,8747.71,2512.75,1,1,0,0,0,1792.92,14,28,6,2,1,1,-7.6,40,18.9,1
71,Male,Ontario,0,114243.59,710,98139.41,8653.52,3033.5,2,1,0,1,0,2337.44,26,17,3,1,1,0,27.95,43,22.85,0
23,Female,Ontario,11,151192.67,598,11397.34,12465.5,3343.16,3,0,0,0,0,0.0,25,14,5,3,0,1,-3.07,27,21.15,0
53,Female,Alberta,2,114662.13,687,13711.62,9476.06,2604.36,1,1,0,0,0,1876.41,18,17,0,4,1,1,-5.32,24,17.65,1
60,Female,Quebec,15,55114.11,766,0.0,4494.21,2023.82,3,1,1,0,1,2445.48,21,21,4,0,0,0,21.25,35,21.0,0
63,Male,British Columbia,7,80050.59,724,48494.85,8047.03,1581.54,1,1,0,0,0,2476.72,17,3,8,1,0,2,-12.69,53,12.1,0
69,Female,Ontario,6,128436.05,547,27448.0,10607.19,1889.06,2,1,0,0,0,1158.88,24,18,2,3,2,0,-4.7,31,21.9,0
24,Male,Ontario,11,131153.67,714,37263.84,11742.59,2311.62,2,1,1,0,0,320.35,12,25,8,1,0,0,-23.91,39,16.55,0
42,Female,Ontario,4,132830.6,815,44360.12,10462.28,3980.84,2,1,1,0,0,2765.64,21,3,4,1,0,0,-3.67,37,14.7,0
27,Male,British Columbia,11,97912.19,730,72677.07,7867.72,1327.38,1,1,1,0,0,1223.44,34,4,5,2,0,0,-15.09,11,23.5,0
28,Female,British Columbia,9,99483.9,641,377.56,8125.26,5464.18,4,1,0,0,0,2299.63,13,24,0,2,0,0,-6.13,36,16.85,0
41,Female,British Columbia,2,75605.45,752,0.0,6215.68,2032.43,2,1,0,0,0,670.0,39,11,3,1,0,1,11.25,22,29.2,0
43,Male,Alberta,1,59480.25,850,21937.29,4985.84,3608.59,2,1,1,0,1,2075.96,27,21,5,1,1,0,5.54,28,24.9,0
73,Female,Ontario,0,86522.56,685,26142.91,7953.29,1418.57,2,0,1,0,0,0.0,35,7,7,0,1,0,-15.42,41,25.2,1
52,Female,Ontario,2,94186.79,769,18352.68,7729.73,3774.27,1,1,1,0,0,4886.4,20,25,5,2,0,0,8.49,13,21.75,0
72,Female,Quebec,11,108353.22,571,14207.32,8256.32,3048.27,1,0,0,0,0,0.0,8,3,5,1,2,1,8.86,23,6.25,1
24,Male,Quebec,9,100754.07,520,53181.5,9020.56,4746.76,1,1,0,0,1,2294.47,41,8,0,4,2,0,20.25,17,29.45,0
35,Female,Ontario,15,85238.45,779,16085.48,6944.09,3036.13,1,1,1,0,0,574.33,17,23,7,2,0,0,4.88,38,19.1,0
33,Male,Ontario,11,115315.08,703,43963.57,10499.71,3306.97,3,0,0,0,0,0.0,14,26,0,4,0,0,13.54,9,18.2,1
55,Female,Ontario,15,115178.06,818,75921.24,9685.61,4177.74,1,1,0,0,0,1271.35,24,34,2,2,0,0,-5.63,39,27.5,0
41,Female,Alberta,15,82960.42,850,52078.51,8034.63,50.0,2,1,0,0,0,1537.11,27,3,1,0,0,2,14.58,16,18.6,0
64,Male,Ontario,2,100169.8,671,30624.45,7853.5,1195.25,2,0,0,0,0,0.0,23,17,3,3,0,0,7.14,40,20.9,0
64,Male,Alberta,1,51009.39,741,99974.78,3932.56,4345.16,3,0,0,0,0,0.0,3,17,0,4,1,1,-15.64,38,7.9,1
57,Male,Alberta,9,58466.52,726,19676.33,4266.08,2984.29,2,0,0,0,0,0.0,44,4,2,3,0,1,-0.85,38,30.0,0
45,Male,Ontario,2,97046.6,785,19655.15,8471.01,3504.0,2,1,0,0,0,2531.44,26,17,8,0,1,1,5.3,36,22.85,0
22,Male,Ontario,15,50137.44,510,77763.46,3712.83,5347.1,2,1,0,0,0,1117.82,32,23,6,0,0,0,-22.57,29,28.85,0
44,Male,Alberta,13,64200.74,556,87216.5,4765.81,1727.06,2,1,0,0,1,1737.3,0,16,2,4,1,0,8.74,27,5.6,0
74,Male,British Columbia,6,83946.04,809,48992.49,8327.29,2852.8,1,1,0,0,1,2891.12,35,0,7,0,0,0,-9.34,22,22.75,0
62,Male,Ontario,12,57063.23,710,97285.89,4223.11,2389.57,1,1,0,1,0,2649.82,43,34,7,1,0,0,2.71,29,39.85,0
45,Male,Ontario,0,85955.04,672,47330.69,8054.27,4198.78,2,1,1,0,1,1259.45,8,17,2,0,1,0,-7.29,1,11.15,0
50,Male,Ontario,3,85785.26,671,31550.22,7125.84,1845.14,2,1,0,1,1,3521.02,28,31,1,1,0,1,-12.56,23,29.05,1
60,Female,British Columbia,8,93770.19,608,0.0,7378.08,50.0,2,0,0,0,0,0.0,13,0,7,2,4,1,2.96,21,8.45,1
41,Female,British Columbia,8,86453.22,668,24791.4,7640.73,1099.85,1,1,0,1,1,1593.79,43,10,5,4,3,0,-1.95,20,31.45,0
46,Female,Ontario,1,68164.04,767,0.0,5327.73,990.24,1,1,1,0,0,1477.66,33,19,6,3,1,0,-14.54,16,28.1,0
46,Female,Quebec,4,81766.94,726,81775.37,6731.09,2591.69,2,1,0,0,0,2807.56,17,17,8,0,1,0,2.58,13,17.0,0
35,Male,British Columbia,3,120168.78,771,29497.63,10611.56,4195.12,2,1,0,0,1,3489.02,16,13,3,3,0,1,-10.08,25,14.95,0
72,Female,British Columbia,3,86966.79,528,58287.57,7113.32,3306.35,2,1,1,0,0,1110.24,5,25,5,0,0,0,19.57,45,12.0,0
48,Female,British Columbia,5,106886.71,797,22412.0,8470.67,3043.1,1,1,0,0,0,457.45,31,28,5,3,0,0,6.68,4,29.95,0
36,Female,Ontario,13,79962.94,726,50290.41,5903.77,3684.39,1,1,0,0,1,2814.58,6,9,0,4,1,0,3.63,33,7.05,0
69,Male,Ontario,1,25000.0,756,40029.23,858.31,3571.69,2,1,0,0,0,1354.93,40,34,3,3,0,0,-0.01,30,37.9,0
25,Male,British Columbia,11,37189.43,838,32816.78,3147.24,2834.93,1,1,0,0,0,0.0,11,19,3,5,1,0,-13.07,24,13.8,0
71,Female,Alberta,1,77226.18,631,6378.16,6569.15,1495.44,2,1,1,0,0,3074.85,37,1,1,1,0,0,3.67,35,24.4,0
26,Female,Ontario,11,108075.31,521,0.0,9281.17,3578.43,1,1,0,0,1,1130.28,16,17,3,0,0,0,-8.96,38,16.35,0
30,Male,Quebec,7,120162.02,651,95525.42,9679.83,4285.68,2,1,0,0,0,2487.25,23,31,6,0,0,1,-18.69,24,25.8,0
49,Female,British Columbia,4,100240.03,707,67925.02,7919.99,50.0,3,1,1,0,0,3935.35,21,7,3,0,0,0,4.92,28,16.1,0
74,Female,Alberta,6,26160.12,584,68991.62,3379.57,1430.09,1,0,0,1,1,0.0,23,2,8,1,0,0,4.65,18,15.65,0
27,Male,Ontario,2,111707.22,652,556.71,9373.18,3279.44,1,1,1,0,0,78.5,34,13,7,1,2,1,-9.72,42,26.65,0
56,Male,Ontario,9,119067.65,695,12734.75,9721.75,2299.06,1,1,0,0,0,2267.26,28,32,3,4,0,0,6.62,21,29.4,0
71,Male,Ontario,14,143944.7,618,44020.08,11169.1,4257.77,1,1,0,0,0,2119.4,35,2,7,2,1,0,18.85,21,23.45,0
28,Female,Quebec,0,92828.07,679,55243.42,6831.38,3539.47,1,1,0,0,1,864.85,7,25,5,4,0,1,15.31,31,13.3,0
67,Female,British Columbia,14,52727.3,489,13634.31,4099.32,2634.16,2,1,0,0,0,3017.14,29,9,2,1,2,2,-3.89,51,22.0,1
75,Female,Quebec,3,126383.33,542,82971.86,10966.69,4099.79,1,1,0,0,1,1203.92,2,3,5,2,0,0,2.23,40,2.35,0
37,Male,British Columbia,6,95442.04,682,89007.98,7021.11,1521.64,1,1,0,0,1,2259.71,25,1,3,1,1,1,13.59,32,16.6,0
25,Female,Alberta,6,83166.66,850,0.0,7016.16,2180.5,2,1,0,0,0,1515.46,17,32,7,4,0,0,-17.77,13,22.25,1
52,Female,Alberta,11,25000.0,663,24827.53,1968.2,2941.94,1,1,0,0,1,3648.14,31,0,2,1,0,0,-17.79,29,20.15,0
46,Female,British Columbia,1,128041.5,716,33416.12,11899.35,2778.33,4,1,0,0,0,2100.77,18,29,6,2,0,0,-9.2,51,21.85,0
65,Female,Quebec,11,71717.5,687,23207.15,5561.55,3111.86,2,1,0,0,1,2087.88,4,32,2,1,0,0,-16.73,26,13.8,0
46,Male,Quebec,15,102998.08,514,109369.12,8919.29,4341.3,2,1,1,0,0,532.49,24,16,7,1,0,0,26.98,45,21.2,0
60,Male,Alberta,7,56278.68,667,12754.67,5414.6,2155.77,1,1,0,0,0,2864.52,38,8,7,3,0,2,22.99,14,27.5,1
26,Male,Quebec,3,135566.12,850,45531.55,9677.18,2915.28,4,1,0,0,0,0.0,44,7,3,4,0,1,-1.51,38,31.05,0
71,Female,Ontario,11,102188.81,717,56162.08,7550.54,2965.01,1,1,0,1,0,2409.36,14,15,2,2,0,0,-11.12,46,14.35,0
25,Female,Alberta,11,52747.38,718,73099.88,4100.22,4891.2,3,1,0,0,0,2296.71,42,30,8,3,0,0,-11.73,43,37.8,0
69,Male,Alberta,12,31252.88,560,22643.93,2758.57,3249.84,1,1,0,0,0,2283.88,14,10,2,4,0,1,12.42,47,12.6,0
63,Male,Alberta,10,116321.3,704,90171.35,9692.64,2730.88,2,1,0,0,1,1640.05,41,31,1,1,2,0,1.36,36,37.5,0
63,Male,Alberta,15,87594.9,564,3005.12,6913.17,2872.66,2,0,0,0,0,0.0,3,27,4,1,0,0,12.45,29,11.4,0
21,Male,British Columbia,14,83313.18,654,77965.05,6205.94,1403.57,4,1,0,0,1,1262.78,11,18,6,0,1,0,-14.55,19,13.45,0
66,Male,Quebec,8,134968.02,693,27823.67,11598.53,2069.69,3,1,1,0,0,1031.35,13,11,5,3,0,0,-11.63,49,12.3,0
59,Female,Quebec,0,77851.9,821,53284.25,6092.18,394.61,1,1,1,0,0,176.12,42,28,5,3,1,0,13.99,20,37.1,0
53,Male,Ontario,0,131715.52,665,5694.37,10594.23,852.14,1,1,0,0,0,3325.36,15,3,5,0,0,0,12.77,33,10.8,0
26,Female,Ontario,4,75792.56,748,4930.11,6973.95,2772.63,4,1,1,0,1,2625.93,39,22,7,2,0,0,-14.93,31,33.05,0
69,Male,Alberta,14,56347.76,657,29259.24,4272.54,50.0,2,0,0,0,0,0.0,16,14,0,1,0,0,17.52,35,15.3,0
49,Male,British Columbia,13,53415.18,622,52878.07,3375.97,2443.09,3,1,0,0,0,2561.19,2,19,8,2,0,0,8.29,37,7.95,0
31,Male,Alberta,2,45175.49,428,98819.56,4380.86,2972.95,2,1,0,0,0,2172.27,21,9,1,1,0,0,13.94,32,16.8,0
60,Male,Quebec,14,77493.76,701,27336.55,7385.81,1867.11,2,1,0,1,0,311.63,27,16,2,0,1,0,-27.84,41,23.15,0
47,Female,British Columbia,15,114513.54,614,10986.63,10061.27,2611.85,1,1,0,1,0,2648.72,12,5,4,1,0,0,-12.31,33,9.55,0
47,Male,Ontario,2,137883.21,620,31187.91,11834.06,2878.02,1,1,0,0,0,2370.39,11,28,1,1,1,0,19.95,28,16.95,1
30,Male,Quebec,4,90413.56,701,73063.11,8068.98,2531.44,1,1,0,0,0,2008.39,12,17,7,3,0,0,-8.97,44,13.75,0
51,Female,Ontario,14,78538.03,620,10038.84,6039.28,388.58,4,1,0,0,0,2131.84,12,16,1,0,2,1,-4.12,26,13.4,0
59,Female,Ontario,5,121279.39,710,0.0,11068.67,4396.85,2,0,1,0,0,0.0,31,1,2,2,0,0,11.51,29,20.5,0
63,Female,Ontario,12,120811.43,737,28230.9,10300.11,1943.26,1,1,0,1,1,1305.3,15,2,3,1,0,1,-7.74,35,10.45,0
71,Female,Ontario,5,105819.88,703,69262.17,9332.11,1271.68,1,1,0,0,0,1540.87,15,9,3,4,1,0,-3.24,7,12.9,0
48,Female,Ontario,12,46682.68,658,81959.54,3387.23,3470.01,2,1,1,0,0,1434.79,22,22,5,1,0,0,-20.33,43,22.0,0
62,Female,British Columbia,7,102538.69,718,54893.73,9008.14,592.92,3,1,0,0,0,2904.65,22,22,0,5,0,1,14.69,13,22.0,0
48,Male,Ontario,4,25000.0,744,45468.44,2983.57,3832.25,2,1,1,0,1,2348.58,15,24,8,2,0,0,-11.52,11,18.15,0
73,Female,Ontario,12,103426.36,849,23504.04,8923.52,1675.73,4,1,0,1,0,3865.06,35,7,3,2,0,0,-16.77,46,25.2,0
70,Male,Alberta,9,103097.22,653,23026.72,8681.32,3457.11,4,1,0,0,0,1928.38,39,10,8,0,1,0,-2.72,6,28.85,0
34,Male,British Columbia,14,32844.85,685,17980.47,3562.93,2418.01,3,0,0,0,0,0.0,35,21,7,0,0,0,-4.69,32,30.1,0
49,Male,British Columbia,5,85339.61,627,47437.52,6620.23,2314.63,1,1,1,0,0,2489.12,35,19,3,1,1,0,-14.72,19,29.4,0
33,Female,Ontario,8,54261.84,641,82273.91,4545.76,3090.28,1,0,1,0,1,0.0,3,29,3,1,0,0,6.64,25,12.1,0
36,Male,Ontario,6,85941.81,835,34647.86,6476.9,3781.45,2,0,0,0,0,0.0,31,12,3,3,1,1,8.48,45,24.35,0
41,Female,Ontario,0,113693.46,721,91060.37,8785.22,3246.97,3,0,0,0,1,0.0,38,16,5,1,1,1,13.67,21,30.3,0
28,Male,Quebec,11,111044.34,850,30284.03,10243.6,2499.38,4,1,0,0,1,1819.03,39,11,4,3,2,0,-0.86,36,29.2,1
31,Female,British Columbia,7,52193.82,774,20777.06,4038.54,1538.72,1,1,1,0,0,1951.8,43,17,0,2,1,0,2.66,21,33.9,0
25,Male,Quebec,12,56640.61,725,88751.88,4680.0,5032.96,1,1,1,0,0,1537.82,28,2,8,0,0,1,8.61,40,18.9,0
64,Male,Quebec,3,81575.83,761,38113.6,6115.57,50.0,1,0,0,0,0,0.0,15,15,7,2,2,0,-9.14,51,15.0,0
64,Female,Alberta,12,103783.12,782,19643.77,8862.29,50.0,1,1,0,1,1,1474.46,12,1,8,3,0,0,21.76,62,8.15,0
29,Male,Ontario,1,58064.15,850,35820.45,4630.01,1282.63,1,1,1,0,1,2586.96,13,3,2,2,1,0,-16.07,40,9.5,1
69,Female,British Columbia,2,83717.54,765,0.0,7512.71,2239.26,2,1,0,1,0,1882.15,22,6,1,1,0,0,7.98,21,16.4,0
51,Female,British Columbia,1,80285.56,634,84210.69,6247.45,4500.61,2,1,0,1,0,3408.86,11,7,5,1,0,1,-9.11,24,9.6,0
55,Male,Ontario,1,78643.09,715,42540.39,5248.98,5806.55,2,1,0,1,0,2249.51,20,25,6,5,0,0,9.62,17,21.75,0
42,Male,British Columbia,11,68023.02,836,5060.41,4483.87,2766.01,1,1,1,0,0,2179.38,18,8,5,1,1,0,14.45,37,14.5,0
55,Female,British Columbia,13,91898.77,710,23515.66,6431.83,797.87,2,1,0,0,1,1475.31,20,20,3,1,0,0,-11.89,18,20.0,0
43,Female,Ontario,13,106370.45,705,4822.2,9216.81,3272.19,2,1,0,0,0,2987.66,13,27,5,1,0,0,-23.03,41,17.9,0
62,Male,Quebec,15,60753.52,742,39362.13,5594.18,4065.39,2,1,0,0,0,1550.26,32,19,4,2,0,0,-13.26,37,27.45,0
67,Male,Ontario,4,102164.6,614,16380.39,8197.94,728.63,1,0,0,0,0,0.0,14,22,7,3,0,0,-14.72,23,16.8,1
25,Female,British Columbia,4,97416.54,737,41243.67,8092.17,2447.54,1,1,1,1,1,1475.32,29,33,4,1,0,1,14.13,44,30.4,0
51,Male,Quebec,15,58508.9,850,48566.42,5156.79,1273.29,2,1,1,0,0,1886.44,15,14,7,2,0,0,3.41,16,14.65,0
63,Female,Ontario,11,56210.62,798,51756.41,4958.2,1105.61,2,1,1,0,1,1830.9,15,8,7,1,0,0,1.87,15,12.55,0
50,Female,Ontario,10,114127.22,751,60302.92,9716.49,1814.1,2,1,1,0,0,2029.4,13,8,4,0,0,1,5.72,10,11.25,0
36,Female,Alberta,2,73620.17,636,25653.92,6642.15,3742.58,1,1,0,1,1,2611.69,14,15,4,2,0,0,4.38,15,14.35,1
25,Male,Ontario,9,63879.72,722,28786.59,5473.41,2992.94,4,1,1,0,0,3430.88,13,1,0,1,0,0,-2.79,10,8.8,0
21,Male,Ontario,12,95705.55,632,39719.44,8117.66,5830.2,1,1,0,0,0,3239.49,19,5,0,1,0,2,-4.48,39,14.1,0
60,Male,British Columbia,1,54173.22,764,46819.8,4752.72,2438.35,2,1,1,0,0,2127.35,25,23,0,1,0,0,6.23,41,24.3,0
34,Male,Quebec,12,122922.06,713,35888.29,10156.2,1665.42,1,1,0,0,0,3985.61,4,23,4,2,0,0,19.61,41,10.65,0
62,Female,British Columbia,14,39454.24,709,33875.47,3440.66,1245.78,1,1,0,0,0,2969.55,9,0,7,0,0,1,3.36,21,5.85,0
25,Female,British Columbia,15,76640.58,727,0.0,6377.85,2517.22,2,1,0,0,0,2624.08,1,31,4,1,0,0,27.3,34,11.5,0
75,Male,Ontario,13,25000.0,650,0.0,2012.6,1427.73,1,1,1,0,0,1530.15,33,28,7,2,0,0,16.36,38,31.25,0
53,Female,Quebec,4,62498.67,628,67146.17,5429.15,2710.54,2,0,0,0,1,0.0,34,15,3,2,0,0,4.61,5,27.35,0
31,Male,Ontario,13,73886.05,703,43149.47,6401.2,3365.68,1,0,0,1,0,0.0,41,19,6,4,1,0,-1.08,43,33.3,0
70,Female,Ontario,7,124557.04,632,106037.38,11251.34,1612.91,1,1,0,1,0,2812.84,30,6,0,1,0,1,-1.91,16,21.6,0
38,Female,Alberta,9,129578.57,765,8672.07,12242.0,50.0,1,1,0,0,0,2952.66,11,23,5,2,0,0,0.59,48,15.2,0
30,Male,Quebec,1,61799.04,677,108000.7,5453.63,540.34,2,1,0,0,0,455.91,6,3,3,2,0,1,-5.69,36,4.95,1
25,Male,Alberta,3,59071.63,708,45385.64,4791.42,2131.26,1,0,1,0,0,0.0,27,8,8,6,0,0,12.75,27,20.35,0
27,Female,Alberta,11,112409.19,745,64857.7,9823.4,2468.36,1,1,1,1,0,2441.3,22,23,5,1,1,0,7.22,33,22.35,0
34,Male,Quebec,12,90462.31,742,90050.86,7321.91,2361.67,1,1,1,0,0,742.2,0,12,4,1,1,1,-8.49,28,4.2,0
74,Female,Alberta,2,51070.13,702,60209.1,4827.19,1652.63,4,1,1,0,0,1927.29,6,20,1,3,0,0,17.19,47,10.9,0
47,Female,British Columbia,5,40126.46,640,41209.0,3523.17,1144.01,3,1,0,0,0,725.63,27,32,0,2,0,0,31.22,56,28.75,0
22,Female,Ontario,12,145361.81,586,6616.46,11967.58,1741.64,2,1,0,0,1,4752.3,1,11,5,0,1,0,-6.1,23,4.5,0
72,Female,Quebec,4,116916.01,642,127842.51,9735.25,1939.75,2,1,1,1,1,2518.63,2,31,5,2,0,0,2.08,48,12.15,0
71,Male,Ontario,9,72062.58,850,56898.44,6318.28,364.88,2,1,0,0,1,2763.36,20,3,7,2,0,0,-2.62,23,14.05,0
55,Female,Alberta,12,64118.51,614,14973.03,4480.28,3499.1,2,1,1,0,0,2989.3,40,30,5,3,0,1,5.65,39,36.5,0
25,Female,Ontario,6,101033.76,640,72954.47,9554.35,2285.99,3,1,1,0,0,3102.26,5,28,4,3,0,1,2.02,13,13.05,0
73,Female,Alberta,5,53530.58,646,0.0,4111.85,50.0,1,1,0,0,0,2377.87,21,14,7,3,0,0,8.37,36,18.55,0
51,Male,Alberta,0,71906.48,699,37438.04,6505.76,4138.78,2,0,0,1,0,0.0,4,19,2,1,0,0,14.4,40,9.25,0
24,Male,Quebec,10,76871.38,619,27416.67,5867.94,3052.58,3,0,0,0,0,0.0,24,19,7,3,0,0,-16.55,51,22.25,0
64,Male,Alberta,1,66885.34,612,48585.52,5629.13,2805.35,2,1,0,0,0,1821.64,30,26,7,2,0,0,0.32,34,28.6,0
21,Male,Quebec,3,118729.5,676,32577.31,11067.78,241.49,2,1,0,0,0,3083.26,13,27,0,1,0,0,-21.4,41,17.9,0
36,Female,Quebec,8,76178.58,634,37018.87,5900.39,4229.69,2,1,0,0,1,1334.59,33,11,6,1,0,0,-7.58,31,25.3,0
73,Male,Ontario,11,92305.51,830,7690.02,6849.84,3424.22,4,1,0,0,0,3067.2,34,20,6,1,0,0,-3.7,40,29.1,0
45,Female,Ontario,1,32076.65,708,88485.6,1964.87,4023.93,2,1,1,0,0,3241.45,32,19,4,1,0,0,7.45,21,27.45,0
44,Male,Ontario,8,126368.1,725,0.0,9863.56,105.67,1,1,1,0,0,1106.56,8,2,1,2,0,0,-2.03,41,5.9,0
30,Male,Ontario,10,122229.69,720,40538.72,10893.89,2721.43,2,0,0,0,0,0.0,23,24,1,2,1,0,8.49,41,23.35,0
67,Male,British Columbia,5,130473.56,679,0.0,10680.17,3831.96,1,1,1,0,0,907.71,29,20,8,1,0,1,-8.79,24,25.85,0
75,Male,Quebec,2,70064.62,678,79456.02,5403.75,4112.46,1,1,0,0,1,2707.21,28,32,0,2,0,0,-17.42,18,29.4,0
57,Male,Ontario,0,107500.69,701,37801.06,8480.33,3324.33,1,1,0,0,0,379.96,5,20,1,1,0,0,15.23,24,10.25,0
29,Male,Ontario,10,127610.06,622,56749.77,10318.11,4824.75,2,1,0,0,1,2922.9,42,10,0,1,0,0,-5.77,24,30.8,0
54,Female,Ontario,3,87801.64,594,0.0,7293.82,2609.79,1,1,0,1,0,2928.19,4,27,4,1,0,0,6.6,18,12.05,0
59,Female,Ontario,7,70102.54,583,43766.9,5640.44,2061.68,3,1,1,0,0,3011.08,14,34,5,1,0,2,-4.69,13,21.0,1
24,Male,British Columbia,5,78776.7,724,77934.66,6049.17,2430.72,1,1,1,1,0,1668.71,5,2,1,3,0,1,-17.62,24,3.95,0
37,Female,Ontario,14,112087.39,677,23575.88,8542.64,580.26,2,1,1,0,1,2720.38,2,9,1,2,1,1,-3.97,25,4.45,0
26,Male,British Columbia,3,106187.4,607,45924.82,9308.05,1224.78,1,0,0,0,0,0.0,22,8,7,1,1,1,10.87,21,17.1,0
31,Male,Alberta,15,137370.78,656,59202.17,11541.44,3159.98,1,1,0,0,0,1008.22,2,26,4,2,0,0,0.47,19,10.4,0
25,Male,Quebec,15,93913.12,803,55578.84,7854.2,1351.49,1,1,1,1,1,891.46,1,13,2,0,1,0,1.15,21,5.2,0
24,Male,Alberta,14,82746.56,682,4649.46,6195.59,2931.11,3,1,0,0,0,2047.76,36,27,0,2,1,0,13.6,31,32.85,0
30,Female,Quebec,6,138072.64,646,48679.51,11208.12,3478.87,3,1,0,0,0,2960.24,1,21,3,0,2,0,8.86,1,8.0,0
21,Male,Quebec,11,52827.22,649,6602.12,5442.23,2551.65,1,0,1,1,0,0.0,7,2,1,4,0,0,-10.39,37,5.25,1
52,Male,Ontario,11,69259.54,467,78231.59,6783.69,1624.76,1,1,1,0,0,323.28,8,9,6,4,0,0,-10.72,25,8.35,0
65,Female,Quebec,14,105082.87,633,75402.17,9225.47,2502.63,1,1,1,0,0,1312.74,29,12,1,1,1,0,-5.05,53,23.05,0
43,Female,Alberta,14,73259.63,660,49914.68,5522.08,1591.63,1,1,1,0,1,2786.1,18,14,7,1,1,1,2.68,43,16.6,0
32,Male,Ontario,3,106992.34,662,6958.46,9915.89,3514.38,2,0,1,0,1,0.0,18,15,6,3,0,0,-1.26,5,16.95,0
40,Male,Alberta,6,87429.63,580,52869.36,6552.67,1172.35,3,1,0,0,0,1425.57,18,3,5,3,1,0,-13.5,69,12.75,0
51,Female,Ontario,2,99110.7,747,71354.14,7815.07,2641.73,4,1,1,0,1,1128.72,30,34,8,0,0,1,-5.13,39,31.4,0
65,Female,Ontario,9,59045.12,827,38795.45,4743.33,4216.3,2,1,0,0,0,4220.64,14,7,8,1,2,0,-8.53,26,11.55,0
66,Female,Ontario,3,89444.29,751,4244.43,6491.41,3187.41,3,1,1,0,0,3158.17,23,34,3,2,1,0,14.8,25,26.85,0
36,Male,Ontario,15,46948.26,672,41829.31,4697.7,2048.1,3,1,0,0,1,593.09,29,6,4,0,0,0,-14.14,36,20.95,0
21,Female,Quebec,13,89767.08,654,82029.37,7365.42,1203.31,3,1,1,0,1,208.89,35,18,2,3,2,1,-3.06,28,29.05,0
43,Male,Quebec,13,75763.65,538,99504.45,6609.3,6156.99,1,1,0,0,0,4049.06,18,8,5,1,1,0,13.78,39,14.5,0
28,Male,British Columbia,2,52519.75,724,0.0,4700.83,3711.24,1,1,1,0,0,1319.4,8,19,8,0,2,0,3.83,26,11.85,0
40,Female,Alberta,6,73444.0,616,18686.68,5604.24,4590.63,1,1,0,0,0,1928.72,11,3,4,4,0,0,2.14,27,8.2,0
44,Female,British Columbia,13,65218.11,668,45656.01,4785.42,2399.35,1,0,0,0,0,0.0,30,27,4,2,0,0,0.58,44,28.95,0
55,Male,Ontario,2,122811.85,795,19276.88,10462.05,2155.61,1,1,0,0,0,3299.5,24,25,3,1,0,0,29.59,27,24.35,0
64,Female,Ontario,5,43487.57,651,54670.14,4272.65,3320.54,2,1,1,1,0,1240.93,43,17,6,3,1,0,-5.38,17,33.9,0
54,Male,British Columbia,3,111285.81,713,65399.23,8613.59,5208.48,3,1,0,0,1,1642.89,25,6,5,2,0,0,-16.94,26,18.35,0
67,Male,Quebec,5,99105.16,727,34172.2,8782.28,3580.16,2,1,0,0,0,1296.33,23,14,8,2,1,0,-12.84,55,19.85,0
69,Female,British Columbia,12,116298.6,778,19375.48,9986.45,1040.09,2,1,0,0,0,610.37,18,30,1,3,1,2,-23.36,20,22.2,0
75,Male,British Columbia,9,66974.17,695,45419.2,6065.86,390.3,1,1,0,1,1,840.05,10,30,6,1,0,0,6.54,36,17.0,0
33,Female,Alberta,6,104456.42,667,26107.91,7787.75,2630.21,1,0,0,0,0,0.0,15,32,6,0,0,0,4.98,38,20.95,0
69,Male,British Columbia,6,65154.02,830,96264.19,5458.52,4173.82,1,1,0,0,0,2567.16,6,4,2,3,0,0,7.99,30,5.3,0
64,Male,British Columbia,2,115518.63,571,42068.72,10190.91,1166.6,1,0,0,0,0,0.0,17,4,4,0,0,0,6.73,11,12.45,1
42,Female,Ontario,0,69668.29,597,42883.16,6642.18,2985.09,1,1,0,1,0,1688.17,3,6,7,2,0,1,1.2,23,4.05,1
52,Male,British Columbia,14,103318.1,783,55567.16,8023.7,2004.22,1,1,0,0,0,2273.23,16,18,6,3,0,0,-14.64,29,16.7,0
46,Female,Quebec,12,62291.01,688,83877.77,4931.81,2992.89,3,1,0,0,0,0.0,36,4,3,2,0,0,-21.48,23,24.8,0
34,Male,Alberta,3,141290.19,568,3379.78,12696.59,50.0,3,1,1,1,0,3562.55,25,19,1,2,2,0,-16.88,18,22.9,1
43,Male,British Columbia,0,100227.52,776,51616.29,9054.52,2067.91,3,1,1,0,0,332.25,26,28,5,4,0,1,2.25,28,26.7,0
29,Male,Ontario,9,56524.19,688,39945.28,4792.91,4402.83,2,1,1,0,0,1531.0,1,21,8,2,0,0,-0.4,24,8.0,0
36,Female,Quebec,3,91213.75,754,0.0,7989.13,4109.82,3,1,0,0,0,2563.26,26,15,3,3,0,0,-10.63,41,22.15,0
54,Female,Ontario,3,83454.62,685,60654.08,7268.13,2094.44,1,1,0,0,0,2332.29,43,33,7,1,1,0,-10.79,25,39.5,0
45,Female,British Columbia,12,110121.99,615,77784.95,10068.4,1402.87,1,1,0,0,1,946.03,27,3,5,0,0,0,4.9,40,18.6,0
23,Male,Quebec,0,127813.42,653,73521.76,10389.29,2133.18,2,0,0,0,0,0.0,13,1,1,6,0,0,-13.73,33,8.8,0
55,Male,Ontario,10,110954.3,850,26273.67,9913.62,3755.93,1,1,1,0,0,1753.68,43,34,1,1,0,2,16.02,21,39.85,0
67,Female,Quebec,4,38059.98,644,28534.64,3533.61,3601.73,3,0,1,1,0,0.0,5,24,2,0,0,1,-10.78,45,11.65,1
23,Male,Ontario,8,43086.31,748,22844.27,3362.73,3439.99,4,1,0,0,0,2443.19,21,17,0,0,1,1,-13.97,33,19.6,0
34,Male,Ontario,2,105488.85,835,12894.69,9882.05,3812.62,1,1,0,0,0,1417.26,17,34,7,2,0,0,11.62,39,22.95,0
64,Male,Quebec,10,86800.37,850,37625.71,9218.62,525.63,3,0,0,0,1,0.0,24,8,7,3,1,0,-4.11,30,18.4,0
56,Male,Ontario,15,81108.21,599,0.0,6924.23,2924.66,1,0,0,1,0,0.0,38,21,7,2,0,0,16.11,27,32.05,0
26,Female,Ontario,1,116619.14,666,31274.73,10439.42,2452.69,1,1,1,1,0,3490.35,22,2,1,7,1,0,-4.12,40,15.0,0
27,Male,Ontario,8,105988.45,850,90104.8,8969.13,4440.08,1,1,0,0,0,4.11,9,17,8,2,0,3,0.02,27,11.8,0
33,Male,Quebec,7,112927.56,616,66941.4,8725.05,5442.31,2,1,0,0,1,2008.73,44,10,8,1,0,0,-0.86,27,32.1,0
61,Female,Quebec,5,162232.37,506,12427.43,13320.71,2371.7,1,1,0,0,0,4956.4,28,14,2,1,0,0,5.32,29,23.1,0
31,Male,Ontario,11,59177.24,618,53005.72,4781.11,5207.18,1,0,1,0,0,0.0,7,31,4,2,0,0,13.82,23,15.4,0
27,Male,British Columbia,15,138783.08,692,40507.21,11621.78,4982.8,1,1,0,0,0,1520.39,22,21,5,3,0,1,-2.44,30,21.65,0
51,Male,Ontario,2,82443.94,550,0.0,6697.45,5423.58,3,1,0,0,0,944.83,18,19,4,0,1,1,6.04,35,18.35,0
63,Female,Ontario,9,177224.58,628,7805.6,15419.96,2818.05,2,1,0,0,0,781.25,13,17,7,3,0,1,-8.69,28,14.4,0
37,Male,Alberta,7,94465.56,696,10265.54,7358.37,4199.52,3,1,0,0,1,2895.67,35,17,2,0,1,0,15.61,33,28.7,0
51,Female,Ontario,15,111874.74,716,60457.87,9773.39,2739.9,2,1,0,0,0,1719.21,26,21,8,2,0,0,17.68,15,24.25,0
35,Female,British Columbia,2,139469.66,693,73975.02,11428.94,4838.65,1,1,0,0,0,2936.02,0,16,4,2,0,0,0.49,25,5.6,0
40,Female,Ontario,0,124925.2,755,108728.22,9802.57,5002.06,1,0,0,0,0,0.0,6,24,6,1,0,0,-32.64,41,12.3,0
72,Female,Ontario,10,47086.41,688,32975.32,3637.57,919.91,1,0,0,0,0,0.0,40,19,3,0,0,0,8.49,6,32.65,0
48,Male,Ontario,14,46426.55,723,39325.09,3799.51,1995.39,2,1,0,0,0,176.87,12,4,6,0,0,0,12.38,41,9.2,0
66,Female,Ontario,12,80515.67,775,39590.99,5685.36,4946.34,1,1,0,0,0,484.52,10,5,8,0,0,0,-18.47,31,8.25,0
75,Female,Quebec,6,104453.54,816,29232.31,8926.48,4639.22,2,1,0,0,0,1289.44,5,19,3,2,0,0,24.66,35,9.9,0
24,Female,Alberta,9,79957.53,638,465.64,6681.21,3041.23,3,1,1,0,1,1542.06,3,33,3,0,0,1,14.15,38,13.5,0
33,Female,Quebec,11,72626.05,721,41149.67,4664.67,4439.23,2,1,0,0,0,802.74,6,4,6,1,0,0,-4.32,28,5.3,0
29,Male,British Columbia,11,62920.84,700,30259.18,4767.78,3945.65,1,1,1,0,0,2470.67,43,1,5,3,0,0,3.36,29,28.3,0
59,Female,Quebec,4,92760.04,718,0.0,7925.64,2518.79,4,0,0,0,0,0.0,28,30,0,2,0,0,-1.09,40,28.7,0
24,Male,Ontario,9,35438.67,618,48774.46,2451.37,2532.16,2,1,0,1,0,2736.02,4,11,5,0,0,1,26.24,29,6.45,1
69,Male,Alberta,4,114097.91,753,29050.55,9137.11,86.2,2,0,0,0,0,0.0,17,6,3,3,0,0,1.3,32,13.15,0
59,Male,Quebec,2,104963.49,666,68680.18,9128.26,4214.04,1,1,0,1,0,714.79,12,19,8,2,0,0,-2.15,23,14.45,0
43,Male,Alberta,4,106202.09,547,66655.03,7775.35,2801.98,1,1,1,0,0,2511.91,29,3,5,1,1,0,-10.98,32,19.9,0
73,Male,Quebec,0,43508.41,530,52191.68,3172.33,1360.28,2,1,0,1,0,2481.99,33,14,7,3,0,0,-1.91,29,26.35,0
45,Male,Ontario,6,79847.79,707,64128.58,5431.43,3845.95,2,1,0,1,0,1476.08,2,32,6,3,1,0,-2.73,29,12.5,0
21,Male,Quebec,15,95621.34,638,2499.63,7779.09,1624.64,1,0,0,0,0,0.0,32,7,7,4,1,0,14.32,43,23.25,0
21,Male,Ontario,4,109593.8,570,16681.46,8509.51,3255.38,2,1,1,0,1,2725.05,20,26,8,1,0,0,3.57,36,22.1,0
71,Female,Alberta,14,49409.86,739,20743.45,2973.19,2051.37,3,0,1,0,0,0.0,15,33,4,1,0,1,5.85,29,21.3,0
65,Female,Alberta,14,95388.13,758,5120.15,7222.5,2527.27,2,1,0,0,1,647.35,8,27,4,3,0,1,15.39,18,14.65,0
62,Male,Quebec,11,28147.33,638,91730.69,2347.75,2325.07,1,1,1,0,0,2172.17,6,8,1,1,1,0,13.12,44,6.7,0
39,Male,British Columbia,2,50551.39,497,86713.86,5244.58,1273.19,3,1,0,0,1,2092.68,31,4,5,0,0,1,-18.02,37,21.55,0
33,Female,Alberta,11,36876.62,850,56487.0,3373.37,1558.42,2,1,0,1,0,0.0,41,3,8,3,1,1,-6.69,1,27.7,0
42,Male,Ontario,6,114733.74,659,39806.94,10580.83,3441.9,1,1,0,0,0,1435.68,3,0,8,1,1,0,6.38,14,1.95,0
29,Female,Ontario,14,87186.94,850,45141.02,8089.78,1647.96,3,1,0,0,0,2959.64,10,11,4,2,0,0,-19.06,34,10.35,0
56,Male,Ontario,4,59902.12,595,0.0,4207.03,3241.86,4,1,1,0,1,3333.38,19,0,0,3,1,0,-10.08,18,12.35,1
33,Male,British Columbia,2,25000.0,603,98862.38,1496.14,1364.42,1,1,1,0,0,386.58,14,21,0,3,0,0,7.38,1,16.45,0
66,Male,Ontario,12,107184.52,575,58104.16,8723.9,4060.67,1,1,0,0,0,1066.91,24,28,1,1,0,0,6.91,21,25.4,0
61,Female,British Columbia,4,122768.76,776,17616.15,10762.5,1241.77,2,1,0,1,1,449.87,1,8,4,0,0,1,7.47,4,3.45,0
39,Female,Alberta,10,104300.43,581,75233.78,8402.55,1103.87,2,1,0,0,0,1343.5,1,23,2,1,0,0,7.95,37,8.7,0
54,Female,British Columbia,3,76517.63,548,92790.88,7135.13,1577.83,1,1,1,0,0,3399.45,39,30,0,3,0,0,25.13,29,35.85,0
42,Female,Ontario,10,53005.51,743,104668.95,4367.77,3069.78,1,1,0,0,0,3448.77,6,24,4,1,0,0,-9.81,30,12.3,0
62,Male,Ontario,5,63088.9,748,57646.85,5772.07,2219.03,1,1,0,0,1,245.39,13,3,0,2,0,2,22.38,10,9.5,1
69,Female,Ontario,6,91103.28,791,9212.91,7367.46,3409.95,3,1,0,1,0,1372.87,7,16,2,2,1,0,-3.02,26,10.15,1
48,Female,Ontario,12,108549.98,811,7208.71,7951.5,50.0,3,0,0,0,1,0.0,15,32,3,1,0,0,6.86,53,20.95,0
44,Female,Ontario,11,110234.33,750,57018.29,9973.82,66.19,3,1,0,0,0,0.0,43,20,6,3,2,1,-15.25,32,34.95,0
56,Female,Ontario,10,130692.88,585,81305.97,11380.32,1699.73,2,1,1,1,1,2346.72,15,26,3,1,1,1,-15.1,1,18.85,0
52,Male,Quebec,13,77748.98,617,33117.63,6182.25,1030.51,1,1,1,0,1,2586.15,25,3,4,1,0,0,-12.03,27,17.3,0
38,Male,British Columbia,15,101013.87,823,51961.4,9038.31,903.21,1,0,0,0,1,0.0,28,27,7,2,3,0,4.29,45,27.65,0
68,Female,Alberta,8,130751.65,717,0.0,10434.95,2416.73,4,1,0,0,0,3742.29,28,1,5,0,1,1,13.75,17,18.55,0
68,Male,Ontario,8,77018.12,753,64798.34,6162.63,1786.53,2,1,0,0,1,2071.26,8,12,3,2,0,0,15.89,22,9.4,0
60,Male,Ontario,0,140770.55,674,76437.49,11535.31,3230.81,2,1,0,1,0,820.89,30,22,1,0,0,0,5.91,20,27.2,0
58,Male,British Columbia,7,116899.78,808,25011.07,9313.44,2385.43,1,1,1,1,0,2022.4,29,30,3,2,0,0,11.55,26,29.35,0
32,Female,Alberta,7,89195.8,672,72920.72,6738.81,1371.2,4,1,1,0,0,2935.24,10,0,5,1,0,0,-21.65,39,6.5,0
48,Female,Ontario,12,108427.71,633,6368.65,9196.77,3303.65,1,1,0,0,0,1734.74,33,13,4,1,1,0,-9.03,36,26.0,0
69,Female,Alberta,2,130317.8,592,62025.28,10025.28,700.13,1,1,0,0,0,4041.33,7,28,5,0,1,0,-13.66,42,14.35,0
44,Female,Ontario,13,96507.29,691,41620.94,7818.66,3786.16,1,1,0,0,0,3679.92,43,6,7,2,0,0,9.66,25,30.05,0
37,Female,British Columbia,15,47907.26,655,25451.02,3821.61,2271.62,1,0,1,0,1,0.0,8,25,5,0,1,0,-9.34,36,13.95,0
73,Male,Ontario,9,124353.93,648,0.0,10446.73,5189.73,1,1,1,0,0,3931.84,41,2,7,2,1,0,7.14,6,27.35,0
49,Male,Quebec,13,109387.24,650,31107.87,8613.04,3418.41,1,1,0,0,1,1899.02,26,16,6,1,0,0,-11.7,50,22.5,0
61,Male,British Columbia,11,66212.15,636,72088.94,5077.09,2827.41,2,1,0,1,0,816.77,21,2,5,2,0,0,-5.26,21,14.35,0
72,Female,Ontario,4,121387.92,754,33874.91,10879.29,1581.44,1,0,1,0,0,0.0,9,26,3,3,1,0,-6.74,34,14.95,1
44,Male,Alberta,6,37378.32,686,35082.43,3496.32,568.83,1,1,0,0,0,552.4,9,3,2,2,0,0,5.61,26,6.9,0
40,Male,Ontario,1,106011.59,655,90621.3,8192.72,2661.34,1,1,1,0,0,2954.47,22,32,4,2,0,0,-11.39,37,25.5,0
60,Female,Alberta,5,97358.83,823,50577.4,8192.45,2901.6,2,1,1,0,0,3365.1,18,12,0,1,0,2,14.64,43,15.9,0
74,Male,British Columbia,1,102877.3,656,83778.44,8226.42,5117.41,2,0,1,0,1,0.0,30,33,3,2,0,0,-0.26,30,31.05,0
44,Female,British Columbia,9,65226.76,730,0.0,5231.98,50.0,4,1,0,0,1,1743.83,37,21,3,1,0,0,-14.72,18,31.4,0
26,Male,Ontario,7,97195.57,653,0.0,7356.06,2078.65,1,1,0,0,0,1761.01,1,8,3,2,0,0,-19.54,23,3.45,0
66,Male,Ontario,1,68869.91,736,61834.2,6192.42,2319.62,1,1,1,0,1,2099.78,42,10,1,5,0,0,17.99,23,30.8,0
65,Male,Quebec,10,75078.37,730,13134.7,6030.67,150.27,2,1,0,0,0,2997.9,43,4,4,0,1,0,-13.11,35,29.35,0
35,Female,British Columbia,7,80000.31,703,0.0,6650.78,1020.53,2,1,0,0,0,2112.4,32,24,7,2,0,0,7.16,20,29.2,0
42,Male,Quebec,2,74874.12,677,67757.26,7114.82,50.0,1,0,1,0,0,0.0,20,10,3,1,2,1,-16.14,24,16.5,0
34,Female,Ontario,7,124517.09,630,107902.44,10267.69,1354.89,2,1,1,0,1,2541.19,38,11,3,2,0,0,-12.2,34,28.55,0
69,Female,British Columbia,1,90636.94,682,60028.87,8057.77,50.0,1,0,0,0,1,0.0,25,6,5,2,1,0,16.06,29,18.35,0
32,Male,Ontario,2,122910.54,843,12283.05,11236.77,2850.55,2,1,1,0,0,142.24,5,12,0,1,1,0,27.73,25,7.45,0
24,Female,British Columbia,1,112489.81,760,60498.95,10798.33,2360.09,3,1,1,0,0,1958.41,43,22,6,0,1,0,15.68,35,35.65,0
61,Female,Ontario,2,105677.57,763,53143.17,8941.64,2919.57,2,1,0,0,0,2417.93,44,7,8,2,1,1,-11.19,40,31.05,0
68,Male,Quebec,0,51774.64,717,71695.74,3462.33,2685.36,1,1,1,0,0,1624.34,26,10,2,1,0,0,0.2,19,20.4,0
59,Female,Alberta,7,98531.18,656,35526.56,7967.59,3314.36,3,1,0,0,0,851.87,44,23,6,1,1,0,-17.23,43,36.65,0
59,Male,Ontario,13,75339.2,664,0.0,6484.74,4248.85,1,1,1,0,0,1675.63,10,8,6,2,1,0,20.36,16,9.3,0
73,Male,Quebec,10,65786.99,727,77331.62,5849.42,3995.78,4,1,0,0,1,3104.62,28,34,8,2,1,0,-12.18,50,30.1,0
67,Male,Alberta,8,72881.86,701,53233.93,6133.03,2574.38,1,1,0,1,1,3323.06,38,7,1,1,0,1,-6.63,24,27.15,1
58,Male,Ontario,14,67393.85,675,62146.78,6046.5,5273.2,1,1,0,0,0,2509.47,16,4,6,3,0,0,-16.24,34,11.8,0
45,Female,Quebec,5,46669.7,705,14900.8,4140.53,2479.63,1,0,0,1,0,0.0,35,3,6,2,0,1,8.33,56,23.8,0
60,Female,Ontario,6,95014.55,766,55581.59,7352.48,3942.27,2,1,0,0,0,2871.74,23,24,5,2,0,0,9.53,5,23.35,0
52,Male,Quebec,7,32452.44,710,31902.33,1653.53,2779.41,1,1,1,0,0,2569.0,4,23,2,1,0,1,10.0,29,10.65,0
52,Female,British Columbia,1,117695.59,555,63057.73,9901.78,5192.81,1,1,0,0,0,1546.93,39,7,4,2,1,0,-12.04,36,27.8,1
37,Female,Alberta,1,53183.01,713,30426.26,4809.89,3000.37,4,0,0,0,0,0.0,10,14,8,2,1,1,-4.76,34,11.4,0
25,Male,Ontario,5,90899.45,707,0.0,8337.37,1893.55,3,0,0,0,0,0.0,36,18,7,2,0,0,4.32,17,29.7,0
63,Male,Ontario,10,33914.75,640,38342.62,2405.99,2203.0,3,0,0,0,1,0.0,3,11,5,3,1,0,6.73,44,5.8,0
23,Female,British Columbia,2,80214.0,635,53569.44,6075.88,2023.41,1,0,1,1,0,0.0,12,10,6,3,2,0,17.08,17,11.3,0
74,Male,Ontario,3,95616.78,675,0.0,7560.21,865.49,2,1,0,1,0,2466.12,9,18,0,2,1,1,3.61,45,12.15,0
25,Female,Ontario,0,81470.5,715,28334.32,7101.07,2757.34,3,0,0,1,0,0.0,23,23,7,4,2,0,-3.58,46,23.0,1
24,Male,British Columbia,7,103036.74,748,14706.65,8185.56,487.37,3,1,0,0,0,2662.57,13,17,2,0,0,2,-11.57,45,14.4,0
55,Male,Alberta,7,129475.21,632,46176.58,11720.58,2154.36,2,1,1,0,1,823.34,1,11,0,2,2,1,6.52,21,4.5,1
71,Female,Ontario,11,25000.0,594,83504.07,2430.87,4009.53,3,1,0,0,0,2734.09,13,11,0,5,0,0,9.61,36,12.3,0
47,Female,British Columbia,6,73415.0,672,25629.32,5816.59,4252.59,1,1,1,0,0,3638.39,38,33,6,4,0,0,15.74,35,36.25,0
56,Male,Ontario,9,65454.05,681,53662.31,5578.91,4043.23,1,1,1,0,1,2257.75,5,28,7,1,0,0,6.64,53,13.05,0
68,Male,British Columbia,4,89199.12,693,8454.96,6986.56,3014.85,1,1,1,0,0,2335.61,4,13,6,2,0,0,15.56,20,7.15,0
56,Female,Ontario,6,71201.3,553,68267.51,5642.52,4661.89,1,1,1,1,0,2976.38,4,32,7,0,2,0,-5.19,21,13.8,0
54,Male,Ontario,1,82790.1,753,81793.12,7872.13,2545.98,2,0,0,0,1,0.0,26,22,8,1,0,0,5.18,53,24.6,0
26,Male,British Columbia,6,74962.98,650,93255.56,5661.85,926.62,2,1,1,0,0,2097.84,44,19,3,1,0,0,-1.35,15,35.25,0
74,Male,Ontario,13,112057.5,734,55240.8,9357.96,50.0,2,1,0,1,0,3404.84,8,15,0,1,0,0,-19.14,45,10.45,0
50,Female,Ontario,8,91915.28,770,29166.45,7611.77,1833.17,2,1,1,0,0,914.65,44,18,1,3,0,1,-5.53,34,34.9,0
22,Female,Ontario,13,41830.21,717,0.0,3369.96,1340.3,1,1,1,1,0,798.59,31,25,6,1,0,1,-23.13,33,28.9,0
41,Male,Ontario,8,56638.47,850,46391.18,5080.17,3005.71,3,1,0,0,0,569.53,12,14,3,1,0,0,-2.63,23,12.7,0
57,Male,Quebec,1,132178.36,711,107625.43,11591.03,2103.34,3,1,0,0,0,1706.96,11,21,7,4,0,0,11.54,11,14.5,0
70,Female,Alberta,5,84028.63,667,34219.85,6777.06,2762.56,2,1,0,0,0,1007.28,25,11,1,0,0,0,-6.91,22,20.1,0
59,Male,British Columbia,14,105319.5,742,38647.08,8908.0,887.67,3,1,0,0,1,1203.85,26,17,1,1,0,0,10.44,35,22.85,0
54,Male,Quebec,4,48782.12,629,31903.6,3569.75,2162.89,3,1,1,0,1,3008.55,37,13,8,2,0,0,-3.57,45,28.6,0
64,Male,British Columbia,14,99035.72,651,73256.1,8937.03,4160.44,1,1,0,0,0,3624.44,38,0,6,2,0,0,-22.21,24,24.7,0
49,Female,Alberta,11,54136.8,730,91047.07,5229.5,4090.53,3,1,0,1,0,3685.26,15,7,1,3,0,1,2.26,15,12.2,0
59,Female,Ontario,2,109424.34,692,20218.44,8641.51,3080.26,1,0,0,0,0,0.0,15,23,2,2,1,0,4.79,20,17.8,0
53,Male,British Columbia,4,139196.42,700,31994.18,11512.53,3090.22,2,1,1,0,0,1245.24,10,26,2,3,2,0,-1.54,20,15.6,1
44,Male,Alberta,3,85796.82,710,9280.52,7372.13,2383.95,1,1,0,0,1,1626.38,20,10,0,2,0,0,-11.37,39,16.5,0
52,Male,Alberta,7,66791.81,712,2953.06,6986.4,1251.6,3,1,0,0,0,1505.98,44,31,7,2,1,2,-8.16,31,39.45,0
60,Female,Ontario,14,88606.9,434,18972.74,7554.01,4690.97,1,1,0,0,0,1310.27,40,34,4,2,0,0,3.79,6,37.9,0
45,Female,Alberta,0,118344.94,606,42310.35,9650.03,1914.49,2,1,1,0,1,2513.31,22,33,2,1,0,0,18.44,38,25.85,0
50,Male,Quebec,1,155039.95,622,37341.1,12919.23,3141.55,3,1,1,0,0,564.55,41,13,1,2,0,0,7.08,19,31.2,0
31,Female,British Columbia,12,91979.64,645,60044.58,8076.0,2154.46,2,1,0,0,0,2018.37,32,24,4,2,0,1,0.66,29,29.2,0
53,Female,Ontario,14,70972.0,767,10695.04,5364.15,3498.39,2,0,1,1,0,0.0,1,20,1,4,0,1,-20.94,16,7.65,0
54,Male,British Columbia,15,61864.09,753,76207.42,5647.41,4212.62,1,1,0,0,1,2706.97,2,10,5,2,1,0,-10.91,20,4.8,0
38,Female,Quebec,5,94620.43,773,9250.3,7467.97,2632.13,1,1,0,0,1,2120.97,5,23,5,2,2,0,-7.26,25,11.3,0
55,Male,Alberta,2,65571.05,772,34285.58,5960.41,1164.41,3,1,1,0,1,3221.02,0,7,4,2,1,1,-7.19,15,2.45,0
52,Female,British Columbia,5,107836.05,749,36735.46,8821.62,2760.43,3,1,1,1,1,4190.95,7,30,6,1,1,0,-10.22,11,15.05,0
50,Female,British Columbia,7,128637.57,612,39651.88,10535.77,4783.83,1,1,1,0,0,1255.86,37,22,1,1,0,0,-20.39,38,31.75,0
59,Female,Alberta,13,66517.54,518,41472.1,5743.92,4763.86,2,1,1,0,0,0.0,34,24,5,0,2,0,14.36,41,30.5,0
75,Female,Ontario,11,96438.07,743,19959.74,7825.89,614.92,1,1,0,0,1,687.84,33,29,0,4,0,0,-3.52,24,31.6,0
36,Female,British Columbia,7,75869.14,568,62483.84,6942.54,3627.29,2,1,0,0,0,694.88,42,25,5,4,1,0,-5.77,1,36.05,0
70,Male,Ontario,12,131400.38,725,24550.77,10755.98,3395.76,3,1,0,0,1,2642.18,2,33,0,0,2,1,7.59,9,12.85,0
59,Female,Ontario,9,84617.98,670,26134.44,7994.01,2446.16,3,1,0,0,0,1225.84,34,17,0,3,0,1,-2.66,50,28.05,0
68,Male,Alberta,14,72519.66,643,15104.21,6218.06,2519.96,3,1,1,0,0,857.45,19,6,1,0,0,0,10.1,35,14.45,0
69,Female,Alberta,12,143429.21,730,60495.94,12960.85,4198.17,2,1,1,1,1,3248.48,26,9,1,2,0,1,14.85,30,20.05,0
22,Female,Quebec,7,60787.89,757,61749.17,4456.73,1633.56,2,1,1,0,0,3479.75,35,2,5,5,0,0,-20.29,27,23.45,0
21,Female,Ontario,12,137082.95,737,67744.25,10973.05,3915.13,2,1,0,0,0,2678.21,29,13,1,1,2,0,-14.92,16,23.4,0
60,Female,Alberta,13,68903.47,799,28372.93,5567.3,2208.19,1,1,1,1,0,800.88,11,17,1,6,0,0,-9.64,46,13.1,0
58,Male,Quebec,15,25000.0,655,15234.83,1108.98,3966.03,3,1,0,0,0,1111.16,5,27,8,0,1,0,-14.34,44,12.7,0
54,Male,Ontario,0,85086.36,725,24526.9,6395.95,1395.79,1,1,1,1,0,1072.05,12,31,2,2,0,1,17.75,12,18.65,0
67,Female,British Columbia,15,118866.41,716,54691.71,10038.02,3447.65,1,1,0,0,0,542.75,9,16,5,1,1,0,7.63,23,11.45,0
58,Female,Alberta,15,76717.26,729,62878.38,6826.55,4471.64,1,1,0,1,1,476.2,8,10,3,1,0,0,5.0,46,8.7,0
60,Male,Quebec,2,103461.63,511,48538.31,7509.47,2055.15,2,1,0,0,0,524.13,25,3,1,2,0,0,-7.62,32,17.3,0
43,Female,British Columbia,11,81261.39,850,17557.67,6323.93,2428.84,2,1,1,0,0,2097.02,8,10,3,1,0,0,12.41,34,8.7,0
68,Male,Ontario,8,78812.93,647,0.0,6397.26,2434.05,3,1,0,0,1,766.19,4,6,5,4,0,0,8.38,12,4.7,0
70,Male,Ontario,1,74376.73,850,37004.91,7498.64,3627.09,1,0,0,0,0,0.0,30,2,8,3,1,0,-6.16,15,20.2,0
62,Male,British Columbia,12,86831.43,674,9818.61,8831.38,1049.33,2,1,1,0,1,79.52,21,6,5,0,1,1,-18.96,26,15.75,0
21,Male,British Columbia,11,113396.41,583,28442.38,9882.46,2031.48,3,1,0,0,0,2027.44,42,7,1,3,0,1,-15.6,27,29.75,0
31,Female,British Columbia,15,66109.63,728,0.0,5491.24,650.77,2,1,0,0,0,1908.03,21,19,6,3,1,1,7.63,36,20.3,0
58,Female,British Columbia,4,111810.37,811,22758.27,9985.94,627.49,1,1,1,1,1,2234.8,24,10,0,2,3,0,17.07,56,19.1,1
60,Male,Alberta,15,37347.21,783,39963.18,2931.9,1772.71,2,1,0,1,0,2153.97,29,2,8,0,0,0,10.83,15,19.55,0
55,Female,Ontario,13,86097.71,738,83087.11,7171.15,2567.34,3,1,1,0,0,2110.56,8,18,2,2,0,0,19.28,36,11.5,0
26,Male,Ontario,15,89529.72,738,50884.56,7609.54,2349.38,2,1,1,0,0,2047.03,36,7,7,0,0,1,-16.17,33,25.85,0
39,Female,Ontario,15,104862.32,723,59420.36,8865.38,3029.43,3,0,0,1,1,0.0,30,8,5,5,0,0,11.64,41,22.3,0
25,Male,Ontario,15,74793.72,717,70406.58,6234.36,2908.38,2,0,0,0,1,0.0,21,6,6,2,2,0,-13.52,40,15.75,0
42,Female,Alberta,7,48916.51,634,9913.86,4643.9,2598.21,1,1,0,0,0,2868.82,38,0,0,3,1,2,4.54,39,24.7,0
66,Male,Alberta,13,80176.12,723,68938.71,6373.75,1813.87,3,1,0,0,1,892.36,11,2,0,3,0,0,-9.53,38,7.85,0
51,Female,Ontario,14,83709.31,604,62005.18,6254.6,4010.04,1,1,0,0,0,1134.77,39,33,8,3,2,0,-6.17,36,36.9,0
42,Male,Quebec,11,80758.38,601,106643.34,7770.73,2987.91,1,0,0,0,0,0.0,32,21,4,0,0,1,-25.58,22,28.15,0
47,Female,Quebec,9,51260.01,535,32207.09,4605.99,2231.71,1,1,0,0,0,1587.41,16,21,8,4,0,0,20.4,30,17.75,0
75,Female,Ontario,12,61354.61,790,62566.64,5356.51,1376.92,1,1,0,0,0,1376.58,13,33,2,0,1,0,7.25,48,20.0,0
32,Female,Alberta,0,52015.68,569,34111.52,5148.46,3600.81,3,1,0,1,0,228.17,31,11,8,3,0,1,21.42,37,24.0,0
40,Male,Alberta,14,81135.19,740,0.0,7152.75,3898.84,3,1,1,0,0,326.01,5,22,8,4,2,0,-9.67,31,10.95,0
46,Male,Ontario,13,53038.92,655,0.0,4199.86,3324.01,3,1,1,1,0,1676.39,43,17,5,3,0,0,-11.61,32,33.9,0
51,Male,Ontario,7,97411.35,737,8511.15,7065.07,3005.04,1,1,0,0,1,3078.13,11,13,2,3,0,1,5.75,31,11.7,0
24,Male,British Columbia,15,89133.73,819,0.0,8353.22,1328.96,2,0,0,1,1,0.0,9,28,4,0,0,0,12.37,42,15.65,0
25,Female,Alberta,13,52046.06,747,37821.69,4409.45,3695.44,1,1,0,0,0,650.66,11,5,1,0,0,0,1.21,39,8.9,0
44,Female,Quebec,5,101808.18,666,32095.35,8720.98,1680.56,1,1,0,0,0,4313.65,31,11,5,2,0,1,-5.0,27,24.0,0
46,Male,Ontario,4,172030.22,717,100776.53,14089.74,3084.49,3,1,0,0,0,2602.85,44,14,2,1,1,0,-3.3,46,33.5,0
72,Male,Ontario,3,108880.94,525,44659.81,8058.44,5652.84,1,1,0,0,0,1898.75,16,14,3,1,1,1,0.63,31,15.3,0
32,Male,Ontario,8,118018.68,586,48031.94,10800.65,2653.01,1,0,1,0,0,0.0,35,27,3,0,2,1,-13.16,43,32.2,0
65,Female,Ontario,4,95322.39,600,41849.51,7851.49,5606.71,2,1,0,0,0,753.2,4,26,3,0,0,0,12.05,38,11.7,0
37,Female,Ontario,0,107785.97,668,60637.81,9998.73,3405.81,1,0,1,0,1,0.0,22,29,7,3,1,1,21.04,21,24.45,1
31,Male,Ontario,10,31374.11,730,86964.09,1330.79,4194.45,1,1,0,0,0,2444.95,42,11,7,0,0,0,-9.35,2,31.15,0
49,Female,British Columbia,1,50823.64,718,2914.63,4031.07,5477.33,2,0,0,0,0,0.0,2,30,0,1,0,0,-0.1,19,11.8,0
35,Female,Alberta,6,136517.98,670,31653.77,11857.96,665.92,1,0,1,0,0,0.0,5,7,0,1,0,0,-1.18,24,5.7,0
22,Female,Alberta,8,115098.83,734,101943.01,9549.79,3562.45,1,1,0,0,0,1820.28,27,12,7,3,0,0,-9.16,32,21.75,0
38,Female,Alberta,10,82208.74,590,27515.78,6327.05,2466.94,1,0,0,0,0,0.0,29,21,5,3,0,0,6.58,27,26.2,0
57,Male,Alberta,13,69862.6,586,78354.75,6724.57,3890.05,2,1,0,0,1,632.58,44,23,0,3,1,0,-13.01,16,36.65,0
57,Male,Quebec,0,114509.97,808,20470.82,10004.63,2157.26,2,1,0,0,1,2288.59,34,22,0,1,1,0,7.77,62,29.8,1
68,Male,Ontario,0,85769.12,527,55622.01,7269.8,3976.65,1,1,0,0,1,1224.24,29,12,8,2,0,0,15.85,26,23.05,0
72,Male,Alberta,11,53260.39,707,56374.41,5470.61,7063.05,3,1,0,0,0,538.0,22,20,0,4,0,0,-15.65,2,21.3,0
44,Female,Ontario,0,98795.08,725,36429.99,8184.41,2223.56,2,0,1,0,1,0.0,5,23,5,4,0,0,14.0,25,11.3,0
47,Female,Quebec,13,84517.92,637,67923.2,7527.16,2323.08,4,1,0,0,0,2457.47,36,14,5,2,2,1,-27.43,28,28.3,0
23,Male,Ontario,13,99289.11,765,14806.05,8358.44,788.94,3,1,0,0,0,3152.19,44,4,1,0,1,0,-11.6,30,30.0,0
35,Female,British Columbia,6,86689.02,679,75512.47,7581.64,1927.07,3,1,0,0,0,2401.38,12,24,8,1,0,1,-9.92,16,16.2,0
44,Male,British Columbia,3,50172.54,627,6843.67,5171.6,363.93,1,1,0,0,1,793.19,4,28,0,3,0,1,3.6,57,12.4,1
72,Male,Quebec,4,29010.04,601,19972.3,2825.72,1747.57,4,1,0,0,0,2633.73,43,15,0,1,0,0,15.95,28,33.2,0
34,Male,Alberta,15,102231.47,655,69076.32,8015.46,3354.42,3,1,1,0,0,3415.95,4,14,7,2,0,0,21.83,15,7.5,0
21,Male,Quebec,7,117384.28,706,43305.04,10979.6,2136.52,2,0,0,0,0,0.0,37,14,6,0,1,0,11.46,21,28.95,0
34,Female,British Columbia,5,52118.41,674,47031.92,3853.38,1500.91,1,0,0,0,0,0.0,31,8,4,2,0,1,11.12,31,22.95,1
47,Female,Quebec,1,57275.43,801,0.0,4396.8,75.2,3,1,0,0,1,4117.74,2,28,3,3,0,2,11.4,60,11.1,0
70,Female,Ontario,2,73773.24,709,16445.0,6695.41,3533.15,1,0,0,0,0,0.0,6,26,7,1,0,0,-6.81,14,13.0,0
28,Male,Ontario,12,97519.79,738,9937.89,7751.31,3843.36,3,1,0,0,0,3074.72,5,13,2,2,0,1,-17.47,14,7.8,0
61,Male,Ontario,9,107233.71,763,59812.17,8988.81,3261.47,3,1,0,1,0,2664.89,39,22,7,0,0,0,8.03,20,33.05,0
54,Male,Ontario,8,83742.47,659,85176.55,7287.13,4294.84,1,1,0,0,0,2211.01,17,34,4,1,2,1,3.95,22,22.95,0
54,Male,Ontario,1,88215.8,549,0.0,7040.16,2408.77,1,1,1,0,1,2661.59,5,25,0,1,0,0,16.5,37,12.0,0
44,Female,Ontario,15,106218.41,728,53491.9,9253.25,3348.61,2,0,0,0,1,0.0,13,25,5,1,1,0,-5.53,20,17.2,1
73,Female,Ontario,5,110384.5,585,53897.43,8764.23,825.92,1,1,0,0,0,2772.13,30,11,8,1,0,1,1.52,35,23.35,0
59,Male,Ontario,13,68320.13,717,66440.31,6216.3,4486.16,4,1,1,0,0,2836.89,1,31,3,4,0,0,5.92,19,11.5,0
24,Male,British Columbia,0,87330.2,547,38533.03,7173.33,5290.11,2,1,0,0,0,4785.48,4,7,7,2,0,0,-4.64,24,5.05,0
62,Female,Ontario,9,43623.07,629,31493.7,3443.79,2196.08,1,1,1,0,0,1195.47,15,13,0,1,0,0,-7.13,17,14.3,0
71,Male,Ontario,2,108204.71,725,21930.65,9470.34,2162.77,3,1,0,0,0,1421.39,9,33,5,3,1,1,15.77,34,17.4,0
50,Male,Ontario,13,126700.17,603,49443.59,10787.1,2245.75,1,1,0,0,1,1712.5,12,3,3,2,0,0,-16.87,11,8.85,0
28,Female,Ontario,6,83143.47,697,71054.56,6335.67,4025.55,1,1,0,1,1,1939.78,26,18,8,2,1,0,-13.41,38,23.2,0
42,Male,Ontario,5,94346.52,665,1299.61,7869.08,3498.59,2,1,0,0,0,602.45,16,7,5,1,0,1,6.18,42,12.85,0
39,Male,Ontario,15,34915.13,666,55999.85,2475.2,3660.87,2,1,0,0,0,1993.15,44,3,3,3,1,1,1.1,17,29.65,0
23,Female,Ontario,1,82011.51,733,57648.68,6844.01,2321.44,2,1,0,0,0,4837.41,0,13,5,3,1,0,-5.6,35,4.55,0
41,Male,Ontario,1,111323.09,750,61659.3,8896.62,4671.03,2,1,0,0,0,1661.11,1,26,8,1,1,0,-1.12,43,9.75,0
45,Female,Ontario,9,76639.99,673,94722.75,6333.27,324.96,2,1,0,1,0,3685.19,27,14,5,1,0,1,-3.64,24,22.45,0
34,Female,Alberta,8,87875.59,694,0.0,8263.33,1498.07,1,0,1,0,0,0.0,25,8,5,2,0,1,2.46,13,19.05,0
56,Female,British Columbia,2,76232.58,689,39965.65,6581.18,2034.14,2,0,0,0,0,0.0,8,5,2,1,0,0,-9.03,6,6.95,0
24,Female,Quebec,11,113525.77,580,52250.88,8413.16,2330.39,1,1,0,0,0,1392.9,11,11,1,1,0,1,2.03,34,11.0,1
67,Male,Ontario,11,80168.95,729,0.0,6356.36,4681.47,1,1,0,0,0,2637.01,20,10,4,1,0,0,-4.65,34,16.5,0
44,Male,British Columbia,13,49653.08,646,34725.25,4890.5,70.93,2,1,1,0,1,1508.54,35,9,0,3,0,0,9.29,11,25.9,0
64,Male,Ontario,9,120963.13,545,2482.23,9278.56,5356.47,2,1,0,1,0,2037.75,3,24,8,0,0,1,-0.83,19,10.35,0
36,Female,Quebec,7,132726.67,850,65433.17,11167.36,1452.84,3,1,1,0,0,669.86,3,27,4,2,0,0,-7.87,26,11.4,0
44,Female,Quebec,4,108582.33,751,70236.78,8140.11,2186.4,1,1,0,0,0,0.0,15,17,5,1,1,0,-19.67,1,15.7,0
44,Male,British Columbia,8,94065.21,621,72926.19,6795.04,2236.83,1,1,1,1,0,2028.18,3,11,3,2,0,0,-2.73,23,5.8,0
72,Male,Alberta,0,89763.85,638,23956.86,6739.14,3995.35,2,1,0,0,0,2084.96,16,15,8,1,0,0,13.26,25,15.65,0
59,Female,Alberta,13,81811.47,755,48954.86,6402.3,3214.69,2,1,1,0,0,1077.55,26,2,3,4,1,2,15.96,23,17.6,0
46,Female,Quebec,4,103771.75,640,48818.34,8932.94,2317.65,3,1,0,0,0,1322.31,9,24,8,0,1,0,-6.96,48,14.25,0
72,Male,Ontario,9,137399.03,701,100587.13,11466.65,2058.26,2,1,0,0,0,3667.7,18,28,1,1,0,0,1.67,13,21.5,0
63,Male,Ontario,6,80486.26,693,78287.28,5872.86,1813.85,1,1,0,0,0,1500.18,38,15,1,2,2,1,-2.52,23,29.95,0
21,Male,Quebec,9,46665.27,809,95903.85,3487.69,3929.23,2,1,1,0,1,0.0,13,22,7,3,0,0,6.36,22,16.15,0
60,Female,Quebec,2,109477.07,614,36671.66,8577.75,1108.09,2,1,1,1,0,2943.66,26,2,3,2,0,1,21.26,40,17.6,0
52,Male,Ontario,4,37124.18,799,64375.66,3485.83,5035.15,3,1,1,1,0,1706.84,31,7,0,2,0,0,-9.28,20,22.6,0
37,Female,Ontario,0,99044.09,709,57830.03,7811.9,2708.86,1,1,0,0,0,2112.65,0,1,5,2,0,0,-20.74,47,0.35,1
48,Female,Ontario,11,67170.91,705,46255.0,5452.28,3813.69,2,1,0,0,1,3548.82,17,25,8,1,0,0,3.82,45,19.8,0
28,Male,Alberta,13,110452.2,651,21095.84,9903.86,4041.59,1,1,0,0,0,0.0,12,34,3,0,0,1,-12.74,16,19.7,1
71,Female,Ontario,15,98547.89,674,80477.62,8123.84,3805.11,1,1,0,0,0,2048.84,10,3,3,3,1,0,-6.08,36,7.55,0
36,Male,Ontario,4,82474.23,642,38997.82,7324.82,2798.6,2,1,1,1,1,1462.34,32,9,0,2,0,0,28.07,58,23.95,0
54,Female,Alberta,14,119394.65,670,13848.84,9461.44,912.06,1,1,0,0,1,2330.44,36,17,6,2,1,1,0.36,36,29.35,0
25,Female,Quebec,11,103984.63,815,13614.71,9133.32,4003.0,1,1,0,0,0,893.35,29,11,8,2,0,0,-9.18,56,22.7,0
48,Female,Ontario,2,69556.38,711,39375.64,5265.14,1166.42,3,0,0,0,0,0.0,44,13,5,3,1,1,7.7,43,33.15,0
46,Female,Alberta,10,41351.63,676,0.0,3649.04,2528.78,2,1,0,0,1,3030.05,27,31,5,0,0,0,17.61,31,28.4,0
56,Male,Ontario,8,103817.81,621,0.0,9389.98,3320.75,1,1,1,0,0,3237.59,34,19,5,1,1,2,-11.25,43,28.75,0
31,Female,Alberta,2,62800.58,728,58434.05,4885.85,4004.76,2,1,0,1,0,2766.85,28,24,5,0,0,0,-10.6,59,26.6,0
47,Male,British Columbia,2,25000.0,594,0.0,1809.77,3257.22,2,1,0,0,1,2602.09,42,34,8,0,0,0,23.3,34,39.2,0
60,Female,Ontario,2,25000.0,816,80678.96,1974.65,1026.52,2,1,0,0,1,916.33,28,34,2,2,0,1,-8.39,8,30.1,0
53,Male,British Columbia,0,122276.93,695,18507.01,10452.88,3386.79,2,1,1,0,1,1836.92,34,26,1,4,1,0,-0.1,20,31.2,0
35,Male,Ontario,4,106197.54,613,56078.59,8881.1,3152.78,2,1,0,0,0,2605.37,38,0,3,2,0,1,-7.14,26,24.7,0
66,Female,Quebec,9,72469.48,754,5716.82,6630.96,1797.72,1,0,0,0,0,0.0,11,2,8,0,1,1,6.01,28,7.85,1
58,Female,Ontario,2,68620.46,705,35167.41,4734.44,1828.48,2,1,1,0,0,3433.86,34,12,8,0,0,1,18.38,13,26.3,0
73,Male,British Columbia,0,95087.05,773,62774.06,7521.59,2227.46,1,1,1,0,0,615.37,0,8,2,3,0,0,16.56,25,2.8,0
21,Male,Alberta,3,63540.4,850,96482.31,5511.83,1696.57,1,1,0,0,0,1391.23,16,15,6,0,0,0,-14.39,32,15.65,0
48,Male,British Columbia,3,105151.02,713,34251.32,8920.58,3501.2,1,1,0,0,0,3613.53,1,34,3,1,0,0,14.6,46,12.55,1
29,Male,Alberta,1,96789.48,703,11815.11,7845.11,2894.1,1,0,0,0,0,0.0,22,28,7,0,1,2,-18.69,11,24.1,0
71,Male,Alberta,1,65569.89,696,66075.8,5540.84,2207.2,3,1,0,1,0,2034.18,33,6,8,0,1,0,15.52,23,23.55,0
71,Female,British Columbia,1,94840.09,704,57663.54,7316.53,4184.75,2,1,0,0,0,141.03,28,5,2,0,0,1,-6.45,17,19.95,0
62,Male,Ontario,12,25000.0,750,38289.66,1779.93,3381.63,2,1,0,0,0,2633.84,18,18,2,0,0,0,8.04,51,18.0,0
36,Female,Alberta,9,52915.28,835,37075.8,4168.16,4242.15,4,0,0,0,0,0.0,30,23,8,2,0,0,3.42,6,27.55,0
46,Female,Ontario,11,59198.69,753,37780.1,4927.95,1636.26,3,0,0,1,1,0.0,26,19,0,4,0,0,7.55,25,23.55,0
26,Female,British Columbia,6,137529.87,594,40464.82,11615.15,1615.57,1,1,0,0,1,2375.9,23,21,2,1,0,0,-8.21,29,22.3,0
71,Female,Ontario,9,62967.26,751,80084.73,4958.83,1998.54,3,1,0,1,0,3322.46,15,4,5,2,0,1,4.52,54,11.15,0
59,Female,Ontario,5,85796.81,525,27430.97,7532.78,1947.15,1,1,1,0,1,1343.89,14,33,5,1,0,0,4.03,15,20.65,0
32,Male,Ontario,15,92780.16,749,34224.85,8098.59,1464.95,1,0,0,0,1,0.0,5,22,7,1,0,0,-5.74,38,10.95,0
31,Female,British Columbia,2,67159.12,759,0.0,4997.39,3058.84,2,0,0,0,0,0.0,11,34,1,0,0,0,-4.39,27,19.05,0
68,Female,Alberta,3,27787.12,825,102533.67,1793.71,4643.59,2,1,0,0,1,837.12,23,32,8,3,0,0,-2.7,20,26.15,1
31,Male,British Columbia,1,93836.46,721,41654.58,7628.04,4574.34,2,1,0,0,0,1066.81,38,23,6,0,0,0,16.8,12,32.75,0
21,Male,Ontario,10,85857.07,716,25742.89,7289.74,355.99,4,1,0,0,0,1816.67,23,17,1,4,0,1,12.23,26,20.9,0
22,Female,Alberta,8,54274.94,695,37908.78,5699.88,2439.58,2,1,0,1,0,215.24,35,9,1,2,1,1,-10.73,15,25.9,0
69,Female,Ontario,2,94785.74,702,90665.97,8889.6,2472.79,1,1,0,0,0,1393.45,43,16,0,0,2,0,8.44,14,33.55,0
51,Female,Alberta,5,132536.3,691,43616.08,10213.3,5176.51,1,1,1,0,0,3573.05,11,19,6,2,0,0,3.38,35,13.8,0
60,Male,Alberta,13,125209.63,618,94842.49,10850.68,1605.2,2,1,1,0,0,1893.09,15,12,8,5,1,0,-2.44,15,13.95,1
35,Female,Ontario,5,83264.03,729,71796.4,7518.19,2722.97,3,1,1,0,0,2347.85,3,26,2,3,1,0,12.63,74,11.05,0
68,Male,Ontario,14,109835.39,755,79419.53,8227.98,1415.26,2,1,0,0,1,1632.23,7,33,6,3,0,0,9.14,4,16.1,0
25,Female,Ontario,0,81394.78,730,44553.77,6647.87,52.31,3,1,0,0,0,2164.85,36,3,4,2,0,0,-6.6,33,24.45,0
30,Male,Ontario,12,94355.86,692,51705.46,7817.47,1620.87,1,1,0,1,0,1021.5,30,5,4,2,0,1,9.95,40,21.25,0
21,Female,Ontario,11,86248.55,538,46910.25,7951.8,1330.18,2,1,0,1,0,2914.73,19,12,8,1,0,1,1.39,51,16.55,1
74,Male,Alberta,5,95685.15,533,19877.61,7707.07,466.97,1,1,1,0,1,315.86,35,31,8,1,0,1,-3.54,19,33.6,1
33,Female,Ontario,5,86682.31,621,9278.99,6931.45,836.47,1,1,0,0,1,2172.64,2,13,6,1,0,0,-18.42,26,5.85,0
52,Male,Ontario,6,112589.97,843,60686.56,8826.2,50.0,1,1,0,0,0,2865.32,16,16,5,1,0,0,13.54,25,16.0,0
52,Female,Alberta,14,113270.85,580,91813.3,9547.16,3521.25,2,1,0,0,1,1008.06,14,17,8,1,0,0,-12.52,22,15.05,0
36,Female,Ontario,4,83110.39,631,41370.17,6185.54,386.14,2,1,0,0,0,901.71,29,21,8,3,0,1,1.96,10,26.2,0
26,Female,Ontario,6,128453.04,711,22535.86,10231.93,1578.82,1,1,0,0,0,1584.87,40,5,2,0,3,0,-5.86,31,27.75,0
41,Female,Ontario,12,66209.15,651,5974.3,6034.78,1703.23,3,1,0,0,0,3052.95,12,32,1,4,0,2,-13.11,43,19.0,0
37,Male,Ontario,1,101042.08,703,114221.4,8714.18,748.73,2,1,0,0,0,1578.21,23,4,7,2,0,1,-16.59,39,16.35,0
36,Male,British Columbia,5,86110.99,553,63118.46,7024.3,3084.76,2,1,1,0,0,981.48,28,30,7,3,0,0,-5.87,44,28.7,0
59,Male,Alberta,3,64603.69,502,26545.03,5244.31,894.38,3,1,1,0,0,2856.11,4,4,5,2,0,2,8.33,36,4.0,0
21,Female,Ontario,15,105994.8,687,33011.28,8617.96,2900.52,2,1,0,0,1,3734.78,27,8,3,1,0,0,12.13,28,20.35,0
31,Female,Ontario,7,51587.94,603,16200.94,4376.43,3906.35,1,1,0,0,0,1419.54,12,2,6,2,1,2,4.1,24,8.5,1
50,Male,Ontario,9,130248.72,585,52589.41,11115.73,2579.94,2,0,0,0,0,0.0,20,22,0,1,0,0,7.04,34,20.7,0
29,Male,British Columbia,9,95032.05,600,60437.45,8804.8,2663.39,3,1,1,0,0,1188.63,28,23,6,0,1,1,16.16,23,26.25,0
49,Female,Ontario,15,72033.0,844,74564.81,6030.93,3056.05,2,0,0,1,0,0.0,33,13,1,3,0,0,-3.11,37,26.0,0
70,Female,Quebec,14,80673.75,731,42242.22,6405.76,3327.18,1,1,0,0,0,2366.35,11,24,1,2,2,0,14.22,28,15.55,0
33,Female,Ontario,14,67972.6,759,55163.71,5734.29,1052.3,1,1,0,0,0,509.37,44,9,8,4,0,0,-3.57,15,31.75,0
30,Female,British Columbia,8,134053.31,689,2703.26,11486.09,1762.5,3,0,0,0,0,0.0,12,2,4,1,0,0,3.37,39,8.5,0
30,Female,Ontario,7,120605.88,700,14966.39,9222.91,3970.79,2,1,1,0,0,3508.46,6,3,5,0,1,1,-14.87,40,4.95,0
71,Male,Ontario,0,89452.96,623,25262.41,7473.94,4726.17,2,1,0,0,0,1465.34,27,2,1,0,1,0,19.37,24,18.25,0
61,Male,Alberta,10,45758.22,642,64286.31,3314.67,2915.19,3,1,0,0,1,4323.55,24,9,6,1,1,0,-16.67,45,18.75,0
67,Male,Alberta,4,52623.51,616,82594.49,5500.51,2647.86,3,1,0,0,1,1883.76,39,16,5,0,0,1,27.33,21,30.95,0
50,Male,Quebec,14,98314.3,640,26876.78,8706.55,2615.89,1,1,0,0,1,1822.85,43,15,3,1,2,0,2.83,29,33.2,1
47,Male,Alberta,3,123267.78,676,75932.05,10390.39,2545.73,2,1,1,0,0,2597.4,11,0,2,2,0,0,16.8,1,7.15,0
64,Male,British Columbia,3,81048.89,721,100319.75,7555.46,3837.47,1,1,0,1,0,4273.02,30,29,7,3,0,1,-1.41,37,29.65,0
61,Female,Quebec,5,179434.97,759,34536.05,14522.88,3568.28,1,1,0,0,0,632.37,10,16,0,1,0,0,-7.04,31,12.1,0
32,Female,British Columbia,0,72794.31,850,21226.53,5898.98,4647.8,4,1,1,0,0,3191.71,42,5,6,5,1,0,11.01,19,29.05,0
22,Female,British Columbia,11,25000.0,722,36924.3,1641.51,3397.82,4,1,0,0,0,2034.05,42,32,1,1,0,0,-9.3,45,38.5,0
71,Female,Ontario,11,91423.12,706,125710.52,7951.92,1868.49,1,1,1,0,1,2907.74,1,32,5,0,0,0,-13.7,8,11.85,0
39,Male,Ontario,3,91695.08,662,11431.78,8184.67,743.75,2,1,0,0,1,210.8,42,34,4,3,0,0,-11.54,44,39.2,0
74,Female,Quebec,6,133939.3,704,1744.19,10071.01,2347.99,2,1,1,0,0,2139.29,8,21,3,2,0,1,18.62,48,12.55,0
22,Male,Alberta,2,96558.2,641,60296.04,8351.47,2374.56,3,1,0,0,1,1438.29,4,2,3,3,0,1,-1.33,38,3.3,0
75,Male,Ontario,2,85726.04,717,108134.86,5847.09,3359.13,1,0,0,0,0,0.0,41,15,6,1,0,0,17.27,48,31.9,0
71,Male,Alberta,1,95300.48,608,55356.19,7538.94,4267.87,1,0,0,1,0,0.0,30,28,5,1,0,0,-10.99,43,29.3,0
70,Male,Alberta,14,140051.22,610,87370.77,11792.61,1245.22,2,0,1,0,0,0.0,15,2,5,3,0,1,17.14,21,10.45,0
26,Male,British Columbia,3,40231.83,562,26077.14,3410.63,3856.58,3,1,0,1,0,1240.35,16,10,1,1,1,0,4.34,21,13.9,0
47,Male,British Columbia,2,52600.51,580,0.0,5139.99,831.6,1,0,0,0,0,0.0,27,4,4,1,1,1,8.05,27,18.95,0
28,Female,Ontario,6,95250.03,496,53227.22,7064.08,560.33,2,1,0,0,0,3630.94,16,23,0,0,1,0,-11.21,19,18.45,0
37,Male,Alberta,8,62699.32,793,30148.8,5118.49,148.13,1,1,1,0,1,1362.58,11,6,6,1,1,1,-2.05,20,9.25,0
64,Male,Ontario,11,89883.55,841,67639.1,7243.26,3571.83,1,1,0,0,0,181.79,6,27,6,4,0,1,-3.46,22,13.35,0
60,Male,Ontario,4,144599.87,746,78985.74,12152.81,2561.16,1,1,1,0,0,989.0,27,33,5,1,1,0,10.86,36,29.1,0
33,Male,Quebec,5,65271.99,567,95517.22,6481.78,2447.48,2,1,1,0,0,1243.75,24,12,2,2,1,0,14.72,28,19.8,0
71,Female,Ontario,11,98806.55,749,22902.56,8885.09,1381.79,3,1,1,0,1,236.56,43,34,6,3,0,1,8.84,33,39.85,0
62,Female,Ontario,2,76754.96,632,11189.69,7141.18,1603.97,1,1,1,0,1,2686.44,44,0,4,3,0,0,-8.49,30,28.6,0
26,Female,Alberta,3,71554.97,628,50373.62,5555.58,2766.91,1,1,1,0,0,2183.87,16,1,0,1,0,0,19.1,44,10.75,0
64,Male,Ontario,14,92334.77,712,10471.72,6867.25,1751.38,1,1,1,0,0,2894.95,18,17,4,2,1,0,8.76,22,17.65,0
47,Female,Alberta,6,89437.96,668,67919.21,5961.45,3592.67,2,0,0,0,1,0.0,10,8,1,2,0,0,-4.94,39,9.3,0
70,Female,British Columbia,1,33096.08,552,44685.82,2853.06,758.93,3,0,0,0,0,0.0,25,30,7,2,0,1,-2.34,46,26.75,0
46,Male,Ontario,8,75927.07,688,13066.59,5876.64,1149.92,1,1,0,0,0,1839.48,31,8,4,3,1,1,7.49,31,22.95,1
56,Female,British Columbia,6,85339.82,788,42299.53,7575.11,3438.64,2,1,0,0,0,2231.43,16,10,1,2,1,0,-17.7,15,13.9,0
23,Male,Quebec,1,95853.3,625,94917.18,7275.87,2878.7,1,1,0,1,0,1553.08,26,17,0,0,0,0,16.12,14,22.85,0
42,Male,Ontario,3,119524.38,656,59504.4,10469.53,2695.48,1,1,0,0,0,2325.65,30,14,0,1,0,0,7.09,23,24.4,0
42,Female,Ontario,1,99928.82,603,46114.78,7986.8,5871.08,3,1,0,0,1,1557.87,42,26,2,2,0,0,-5.88,27,36.4,0
26,Female,Quebec,8,98984.01,608,80263.48,8688.0,5390.96,2,1,0,0,0,1122.97,37,1,8,1,0,0,11.45,43,24.4,0
31,Male,Alberta,8,54295.65,664,56369.51,4305.57,1756.58,1,1,0,0,1,2727.37,38,23,6,0,0,0,18.38,28,32.75,0
55,Male,British Columbia,10,42511.81,848,0.0,2960.02,993.58,1,1,0,0,0,1161.4,38,13,5,3,0,0,7.66,56,29.25,0
32,Female,Alberta,0,85123.01,817,64702.61,7212.82,3561.08,3,1,0,0,1,0.0,37,13,2,3,0,1,16.16,27,28.6,0
33,Male,Quebec,9,144947.84,703,68422.46,11970.32,510.71,2,1,0,0,0,1700.94,31,20,4,1,0,0,-5.74,15,27.15,0
34,Female,Quebec,3,60787.11,717,27611.41,4873.06,325.92,3,0,1,0,0,0.0,38,5,1,2,1,1,4.57,11,26.45,1
27,Male,Alberta,2,89364.64,625,0.0,7613.53,648.58,1,1,0,0,0,0.0,39,13,6,3,1,1,-11.12,21,29.9,0
67,Female,Quebec,14,108826.22,673,42390.46,9973.5,3898.5,1,1,0,0,0,911.92,23,23,0,4,0,0,12.81,6,23.0,0
65,Male,Quebec,13,89854.45,579,39910.4,7873.19,4700.32,1,1,0,0,0,3468.23,37,21,4,2,0,1,-19.72,36,31.4,1
67,Female,Quebec,8,114195.69,769,44530.37,10251.63,1626.15,1,1,1,1,0,2594.85,8,18,1,3,0,0,1.1,33,11.5,1
45,Male,Ontario,1,25000.0,732,49207.85,2620.71,3857.69,2,1,1,0,1,0.0,31,28,7,3,0,0,12.65,24,29.95,0
52,Male,Ontario,1,72996.29,807,125755.0,6386.84,4371.99,1,0,0,0,0,0.0,29,9,8,0,0,0,-8.85,44,22.0,0
34,Female,Quebec,14,72217.44,670,0.0,6011.39,5356.14,1,1,1,0,0,1205.75,8,20,6,5,1,1,-9.86,36,12.2,0
74,Male,Ontario,10,113597.71,587,87879.8,8919.74,5078.7,1,1,0,0,1,2896.86,15,20,3,3,0,0,-2.41,55,16.75,0
70,Male,Ontario,13,133211.22,607,21524.68,10852.57,1800.1,3,1,0,1,0,3216.64,13,27,3,2,0,0,-11.58,35,17.9,0
39,Male,Quebec,9,136018.71,679,33481.96,10747.94,2876.58,1,1,0,0,1,4317.85,10,8,7,2,0,0,-29.65,37,9.3,0
26,Male,British Columbia,6,61617.84,703,22187.39,5269.86,3845.21,1,1,0,0,0,2487.56,23,13,3,1,0,1,-2.4,32,19.5,0
24,Female,British Columbia,0,48762.57,720,53322.96,4222.97,2520.81,2,1,0,0,0,419.85,2,3,1,5,0,0,-25.79,49,2.35,0
67,Male,Ontario,11,120464.9,850,17633.93,9950.91,704.27,2,1,0,1,0,2095.93,2,30,5,2,0,1,15.39,16,11.8,0
68,Male,Ontario,9,94864.5,788,48868.38,8301.94,1462.67,3,0,0,1,0,0.0,9,3,4,0,0,0,-4.69,28,6.9,0
59,Male,Alberta,10,148212.92,541,94235.67,13173.34,543.52,1,1,0,0,1,2580.03,6,9,6,4,0,0,3.61,48,7.05,0
45,Male,Quebec,9,49947.28,723,0.0,3613.13,2176.25,1,1,1,0,0,3596.42,40,3,8,1,0,0,12.53,32,27.05,0
43,Male,Ontario,5,62486.37,734,8849.86,5476.14,3095.48,3,1,1,0,0,2064.92,10,21,8,0,1,0,-3.27,30,13.85,0
42,Male,Ontario,8,80531.12,775,27981.63,6891.94,3822.39,2,1,0,0,1,0.0,10,29,8,3,1,0,10.7,27,16.65,0
46,Male,Ontario,7,85108.24,817,0.0,6809.57,4522.0,3,1,1,0,0,3097.31,7,15,2,1,0,0,3.0,25,9.8,0
23,Male,Ontario,13,67583.98,549,38729.95,5689.58,4813.21,2,1,0,0,0,3472.39,21,28,3,2,0,0,-2.47,30,23.45,0
73,Male,Quebec,11,25000.0,690,32667.4,2023.31,2376.67,2,1,0,0,0,4045.46,8,0,1,3,1,0,4.58,29,5.2,0
21,Male,British Columbia,0,63121.07,777,34289.38,5686.64,3731.58,2,0,0,0,1,0.0,5,31,0,1,1,0,-1.65,12,14.1,0
50,Female,Ontario,10,89045.69,683,24500.26,7584.62,3163.34,1,1,0,0,0,1129.84,36,14,7,1,1,0,9.11,14,28.3,0
45,Female,Ontario,10,52637.51,656,14068.34,4885.72,3466.64,2,1,0,0,1,2899.72,17,22,6,2,0,2,10.14,15,18.75,0
48,Male,Ontario,3,69194.76,567,54665.63,7788.35,3399.12,2,1,1,0,0,2536.62,12,24,5,1,0,0,0.11,19,16.2,0
23,Female,British Columbia,13,47800.63,789,7698.05,3595.54,3768.74,1,1,1,1,1,2433.32,7,0,1,1,0,0,2.26,32,4.55,0
66,Male,Ontario,7,46337.92,611,16820.6,2514.57,3409.27,1,1,1,0,1,1379.55,35,11,1,2,0,0,-23.21,19,26.6,0
28,Female,Ontario,1,34290.42,710,0.0,1517.66,4120.08,4,1,1,0,0,1777.6,22,19,7,1,2,0,-3.54,16,20.95,0
21,Male,Ontario,10,32753.74,741,25898.47,2395.77,1867.12,1,0,1,0,0,0.0,33,12,5,5,0,0,9.8,38,25.65,0
21,Female,Ontario,9,103583.4,733,97532.58,9066.07,1232.99,4,1,0,0,0,4093.59,17,29,4,0,0,0,0.35,41,21.2,0
69,Male,Ontario,1,77294.23,779,23463.46,6865.35,2383.38,2,1,0,1,0,947.69,19,0,4,1,0,0,-2.5,26,12.35,0
57,Male,British Columbia,0,25000.0,740,58296.04,2779.77,3145.69,1,1,1,0,1,1981.19,27,16,2,2,0,0,8.47,28,23.15,0
66,Female,Ontario,1,76440.51,633,0.0,5776.52,3914.25,2,1,1,0,0,1382.78,20,7,6,1,1,1,7.35,45,15.45,1
70,Male,Alberta,5,25000.0,772,17670.49,3218.0,1234.23,2,1,1,0,0,1681.02,33,7,5,0,1,0,-3.85,38,23.9,0
30,Male,Quebec,13,78313.2,710,51121.51,6512.34,1809.4,3,1,1,0,1,2751.53,38,16,3,1,0,0,12.58,27,30.3,0
65,Female,Alberta,1,78883.52,702,825.08,7262.02,3351.42,1,1,0,0,0,2406.48,6,31,4,1,0,0,8.23,30,14.75,0
39,Male,Quebec,3,71687.14,660,62976.9,6595.34,1293.77,3,1,0,1,1,2297.5,8,0,7,1,0,0,7.19,38,5.2,0
74,Female,British Columbia,0,25000.0,667,63226.36,579.67,1603.61,1,1,0,0,0,2160.52,20,26,3,4,0,0,23.61,30,22.1,0
40,Male,Ontario,8,99050.39,838,0.0,8713.3,3299.05,1,0,1,0,1,0.0,36,2,8,2,1,0,16.45,12,24.1,0
47,Female,Alberta,5,108260.62,751,42804.17,7814.76,2124.18,3,1,0,0,0,1513.04,20,1,5,0,0,1,1.3,18,13.35,0
41,Female,Ontario,12,77580.03,737,42960.44,7085.56,3853.11,1,0,0,0,0,0.0,15,5,8,1,1,0,-17.98,33,11.5,0
52,Female,Quebec,11,50863.25,677,64844.98,4232.73,2231.34,1,1,0,0,0,0.0,5,17,2,1,0,1,2.64,1,9.2,0
21,Male,Alberta,0,82972.58,585,5379.34,6630.91,3238.3,2,1,1,0,1,393.61,19,2,3,4,0,1,-11.32,52,13.05,0
67,Male,British Columbia,2,99779.88,630,60024.02,7898.47,191.78,2,1,0,0,0,0.0,39,9,3,0,0,0,4.19,41,28.5,0
30,Female,Alberta,2,109088.56,769,54238.79,8669.24,3862.92,2,1,1,0,0,925.03,35,31,1,1,0,0,-8.12,29,33.6,0
65,Female,Alberta,2,81786.85,547,41448.58,6735.52,3466.25,1,0,1,0,0,0.0,22,33,0,2,1,1,-3.25,35,25.85,0
71,Male,Alberta,3,118857.2,689,79260.1,9729.16,4479.42,3,1,1,0,0,2535.6,26,8,6,2,0,0,-12.52,18,19.7,0
47,Male,British Columbia,9,106589.95,850,57986.24,8444.23,1840.0,2,1,0,0,0,407.72,2,23,2,4,1,0,-1.76,38,9.35,0
61,Female,Ontario,12,73224.3,656,66934.84,7073.22,3073.27,2,1,0,0,0,2975.72,10,15,8,1,1,0,20.48,61,11.75,0
68,Male,Alberta,2,82351.41,673,32173.27,7290.47,2540.36,1,1,0,0,0,2566.24,8,30,3,1,1,0,-1.4,32,15.7,0
43,Female,Alberta,0,105044.79,728,7379.52,8740.52,3055.85,1,1,0,0,0,135.59,33,25,5,1,0,0,27.7,19,30.2,1
74,Female,British Columbia,13,56747.69,659,49378.99,4678.51,4238.82,2,1,1,0,0,1062.12,2,22,6,4,0,0,-9.61,26,9.0,0
45,Female,Ontario,13,71307.94,679,37763.37,6020.39,5136.23,3,1,0,0,0,680.54,10,6,4,0,0,0,10.08,20,8.6,0
40,Female,Alberta,10,97460.92,708,0.0,7467.79,1424.93,2,1,1,0,0,958.41,27,4,6,4,0,0,-10.57,23,18.95,0
23,Male,Alberta,14,71198.76,675,21397.79,5661.48,1990.08,3,1,0,0,0,2557.08,29,30,8,1,0,0,-6.71,35,29.35,0
74,Male,Ontario,6,98052.96,665,43876.23,8408.36,3133.32,2,1,0,0,0,619.84,35,6,1,1,0,0,7.78,30,24.85,0
42,Female,Ontario,12,74194.06,637,13088.68,5572.74,2038.0,1,1,0,0,0,1682.37,42,7,5,0,0,0,-2.36,46,29.75,0
50,Female,British Columbia,7,32846.2,650,77024.4,2458.93,3535.3,2,1,0,0,0,2144.96,21,11,6,1,0,0,31.25,26,17.5,0
26,Male,Ontario,8,56462.53,690,36462.46,4390.33,2188.47,1,1,0,0,1,1016.53,32,5,2,1,0,0,-32.63,26,22.55,0
72,Female,Ontario,1,64182.58,597,5079.41,5859.05,3067.84,1,0,0,0,0,0.0,9,8,0,3,0,0,-5.24,26,8.65,0
27,Male,British Columbia,4,78609.25,841,25093.1,5873.81,3841.57,3,1,1,0,0,2817.94,11,3,4,3,0,0,-9.39,36,8.2,0
73,Female,Alberta,5,92123.85,814,27001.14,7594.34,3489.83,1,1,0,0,0,2018.53,6,31,5,2,0,0,-4.64,11,14.75,1
31,Male,Ontario,1,93928.06,797,0.0,8026.01,3581.23,3,0,0,0,0,0.0,7,33,3,3,0,0,16.74,30,16.1,0
28,Female,Alberta,5,69654.02,482,59147.44,5981.58,2323.32,1,1,1,1,0,343.41,7,29,3,1,0,0,-5.54,2,14.7,0
23,Male,British Columbia,11,65266.07,643,16449.79,6040.56,2239.89,4,1,0,0,1,3062.27,1,6,3,4,2,1,-11.42,3,2.75,0
69,Male,Ontario,14,125707.14,737,35915.1,9456.03,876.96,1,0,1,0,0,0.0,14,0,0,1,0,1,1.42,31,9.1,0
50,Male,British Columbia,5,61299.84,850,26685.75,5003.78,3146.76,1,1,0,0,0,3759.73,16,8,5,3,0,0,8.4,36,13.2,0
49,Male,Alberta,10,73921.46,650,10360.46,7229.71,1654.42,3,1,0,0,0,151.54,42,18,2,6,0,1,-16.34,53,33.6,0
56,Male,British Columbia,0,79912.7,701,6479.52,7320.34,1801.76,1,0,0,0,0,0.0,7,30,5,1,0,0,-18.28,43,15.05,1
68,Female,Ontario,3,39692.09,732,82085.2,3996.99,50.0,1,1,1,0,1,1187.58,39,14,5,4,0,0,11.33,42,30.25,0
43,Male,Quebec,1,81922.11,762,47283.37,7317.26,3487.02,1,1,0,0,0,2465.33,0,24,0,3,1,0,2.93,11,8.4,0
69,Male,Ontario,13,55948.14,653,0.0,4944.98,4634.09,3,1,0,1,1,2333.29,4,18,1,3,1,0,6.11,38,8.9,1
64,Female,British Columbia,7,60627.06,759,20676.52,5229.12,3613.34,1,0,1,0,0,0.0,5,8,1,1,0,0,-1.13,32,6.05,0
64,Male,Alberta,2,138883.11,723,0.0,11650.92,3356.65,2,0,0,0,1,0.0,23,20,7,7,1,1,-9.95,36,21.95,0
37,Female,Ontario,1,114037.61,745,37231.55,9306.28,2892.0,2,1,1,0,0,2509.97,6,21,3,2,1,0,5.75,30,11.25,1
49,Female,British Columbia,4,79989.92,633,24032.84,6578.91,5366.7,2,0,1,0,0,0.0,27,26,7,4,1,1,22.32,25,26.65,1
67,Female,British Columbia,0,90797.31,691,37599.37,9170.31,3464.23,3,1,0,0,0,1633.4,41,4,6,3,1,0,-6.66,35,28.05,0
48,Male,Quebec,0,70784.31,596,51871.4,6148.03,3817.65,1,0,0,0,1,0.0,44,10,8,2,0,0,24.65,41,32.1,0
47,Male,Quebec,9,98115.55,697,50287.66,9301.08,2763.6,1,1,0,1,0,3008.83,24,12,0,3,0,0,-6.22,12,19.8,0
34,Female,British Columbia,10,78958.91,546,66127.52,6020.24,2008.95,4,1,0,1,0,812.85,17,19,3,1,1,0,1.93,41,17.7,0
46,Male,Ontario,3,36486.14,751,60623.64,2923.14,1637.02,1,1,0,0,0,2044.43,4,15,1,1,0,1,-11.73,42,7.85,0
23,Male,Alberta,5,93946.39,644,20768.48,7226.95,2422.98,1,1,0,0,1,2175.67,28,17,6,1,0,0,3.56,19,24.15,0
67,Female,Alberta,9,49136.11,644,43601.17,4559.33,3283.36,1,1,0,0,1,0.0,1,30,3,1,0,0,13.95,15,11.15,0
38,Female,Alberta,13,150119.84,679,0.0,12389.81,1574.42,1,1,1,0,0,2278.68,6,0,7,1,0,0,15.34,16,3.9,0
43,Male,Ontario,3,58069.19,633,74216.94,5162.59,861.53,2,0,0,0,0,0.0,20,31,6,1,0,0,-5.14,20,23.85,0
59,Female,Ontario,11,112817.01,706,0.0,9017.02,1854.65,1,1,0,0,0,3295.39,6,17,8,3,0,0,18.87,50,9.85,0
55,Female,Ontario,5,167687.29,642,40164.2,15494.19,2264.44,1,1,1,1,0,2692.95,11,2,3,1,0,1,-3.88,17,7.85,0
22,Female,Alberta,12,182764.56,697,20503.75,14085.58,1184.99,2,1,1,0,0,2252.47,15,23,2,0,0,1,12.86,31,17.8,0
25,Male,Quebec,11,82854.55,834,59852.58,7348.83,5301.3,2,1,0,0,0,764.75,21,22,3,2,0,1,21.03,29,21.35,0
61,Male,Ontario,3,85603.47,624,61587.83,7529.99,1643.11,3,0,0,0,1,0.0,32,5,5,3,0,0,-18.49,39,22.55,0
45,Female,British Columbia,5,107940.34,838,96397.02,8944.75,3370.1,2,1,0,0,1,1647.54,19,16,8,3,0,0,-6.57,23,17.95,0
41,Male,Ontario,13,93931.24,714,78863.41,8606.85,4360.12,3,1,0,0,0,521.32,13,5,6,2,0,1,4.64,36,10.2,0
65,Female,Ontario,6,56690.94,648,42812.81,4217.36,4010.83,1,1,0,0,0,2984.82,9,25,6,3,1,0,-19.97,31,14.6,1
61,Male,Alberta,0,110654.22,677,33698.97,9365.27,3390.04,1,1,1,0,0,1525.27,30,22,5,2,0,0,11.86,3,27.2,0
24,Female,Ontario,6,104562.55,784,82106.76,8117.25,2038.83,1,1,1,0,0,2963.63,1,9,3,2,1,0,3.14,21,3.8,0
40,Male,Alberta,14,128437.05,709,99493.04,10726.37,6290.72,2,1,0,0,0,2285.27,20,20,0,2,0,0,-8.69,37,20.0,0
60,Female,British Columbia,5,111172.63,567,45177.42,9853.13,50.0,2,1,0,0,0,2733.21,0,17,1,0,1,0,-12.46,12,5.95,0
67,Male,Ontario,9,68293.34,592,0.0,5822.3,1988.92,2,1,1,0,0,1240.33,20,17,1,1,1,1,1.64,42,18.95,0
53,Female,Ontario,14,123340.6,722,31390.74,9620.76,5123.41,3,0,0,0,0,0.0,4,26,8,3,0,0,-6.47,42,11.7,0
40,Female,Ontario,4,108590.55,593,79482.61,9684.58,1626.33,1,1,1,0,0,0.0,38,5,7,3,1,0,-5.58,12,26.45,0
49,Female,Quebec,1,151993.26,581,71907.38,11694.13,2270.19,1,1,0,0,0,800.63,39,19,7,1,1,1,-7.42,38,32.0,0
25,Female,Ontario,1,92695.39,657,105904.14,8502.66,816.33,2,1,1,0,0,3938.09,36,10,4,3,0,0,11.62,25,26.9,0
47,Female,Alberta,7,102673.76,630,34346.75,8799.84,3926.74,2,1,1,0,0,2878.28,40,3,0,2,2,0,-5.79,40,27.05,0
28,Male,Ontario,8,167116.58,665,93411.27,12101.53,2108.47,1,1,1,0,1,1822.94,37,30,6,1,0,0,6.1,39,34.55,0
52,Female,Ontario,11,51685.42,699,1507.53,4105.32,1958.02,2,1,1,0,0,247.76,39,10,8,2,0,0,-15.29,23,28.85,0
41,Male,Ontario,6,110805.65,795,57734.06,10529.23,4161.35,2,1,0,0,1,2089.27,41,29,8,1,0,0,13.65,28,36.8,0
49,Female,Ontario,5,84218.18,677,24773.71,6939.97,2626.86,3,1,1,0,0,1088.98,13,22,3,1,0,0,-15.9,33,16.15,0
67,Female,British Columbia,2,79189.28,670,39551.73,6870.66,1829.69,2,1,0,0,0,721.94,32,25,0,2,1,0,19.53,42,29.55,0
39,Male,Quebec,9,116527.63,759,48337.47,9798.42,3707.26,2,1,0,1,1,1604.87,10,27,0,3,0,0,-1.14,50,15.95,0
59,Male,Ontario,9,94934.47,620,68123.57,7947.51,2498.79,1,1,0,0,1,2685.54,28,29,5,2,0,1,-7.83,24,28.35,0
73,Male,Alberta,5,60734.86,779,83515.27,5046.01,4680.53,2,1,0,0,0,655.5,2,32,7,1,0,0,-2.74,21,12.5,0
32,Female,Ontario,11,93538.04,706,39392.45,8533.96,3587.63,1,1,0,0,1,192.21,0,0,5,0,1,0,25.3,23,0.0,1
21,Male,Ontario,13,65625.77,739,11620.84,5632.06,1272.33,3,1,1,0,0,561.06,20,4,8,3,0,1,3.61,27,14.4,0
70,Female,Ontario,2,93739.7,601,48236.65,7623.1,2367.2,1,1,1,0,0,1492.59,9,15,6,2,0,0,13.65,39,11.1,0
66,Male,Quebec,3,92174.87,675,68562.34,8511.63,2156.16,1,1,0,0,1,2625.42,31,34,5,1,0,0,18.31,1,32.05,0
65,Female,British Columbia,6,133043.22,695,60868.58,11138.98,1226.71,1,1,0,0,0,2922.38,44,16,3,1,0,0,-12.53,47,34.2,0
37,Female,Ontario,13,92877.11,755,35613.33,7865.08,2974.85,1,1,0,0,0,1628.3,24,22,2,2,0,0,10.26,21,23.3,0
75,Male,Ontario,7,86306.09,756,0.0,7837.77,5911.53,1,1,0,0,1,2839.1,4,32,7,1,1,0,-0.76,22,13.8,0
48,Female,Quebec,11,109724.76,656,70746.42,9197.27,50.0,1,1,0,0,0,1092.64,14,13,8,0,1,1,7.7,33,13.65,0
57,Female,Ontario,9,90415.08,644,77743.1,7579.12,3266.08,1,1,0,0,0,1434.72,17,5,3,1,0,0,3.43,34,12.8,0
29,Female,Quebec,3,82684.46,684,54550.08,6350.82,4152.16,3,1,0,0,0,1311.77,35,6,3,4,2,1,-9.83,44,24.85,0
41,Male,British Columbia,14,130572.73,643,41542.48,10686.7,3306.16,2,1,1,0,0,0.0,8,14,0,4,0,0,1.3,30,10.1,0
40,Male,British Columbia,3,124611.67,610,48598.17,10445.73,3779.81,1,1,1,0,0,1921.4,24,6,5,2,1,0,1.57,34,17.7,0
27,Female,British Columbia,13,134998.64,737,70145.87,11258.88,655.83,2,1,1,1,0,1022.07,12,7,8,4,0,0,-16.02,40,10.25,0
71,Male,British Columbia,6,69131.75,605,42738.58,5828.46,3352.28,4,1,0,0,0,3862.7,44,32,7,2,0,1,27.39,22,39.8,0
64,Male,Ontario,5,59640.53,580,23592.88,4999.89,1011.12,2,1,0,0,0,3888.33,14,22,5,5,1,0,18.72,25,16.8,0
58,Female,Ontario,6,72701.48,816,92063.45,6383.95,4852.1,1,1,0,0,1,2533.61,17,4,4,1,2,0,5.03,52,12.45,0
23,Female,Alberta,14,37058.37,850,69791.92,2847.35,344.09,3,1,0,1,0,2185.8,16,16,5,2,1,0,6.11,38,16.0,0
75,Female,Ontario,14,90708.04,600,53356.1,8419.57,5251.93,1,1,1,0,0,1837.35,29,6,3,2,0,1,2.35,41,20.95,0
75,Male,Quebec,8,99877.51,835,24914.62,7824.04,2084.24,2,1,0,1,0,1856.18,3,14,7,0,1,0,8.62,29,6.85,0
34,Male,Ontario,1,52295.97,592,27319.2,4837.36,2701.91,3,0,0,1,0,0.0,41,18,6,2,1,1,4.85,35,32.95,0
55,Male,Quebec,6,108301.29,675,40468.69,8724.42,2807.29,2,1,0,0,0,1563.05,28,20,5,0,1,0,-13.89,46,25.2,0
67,Male,Ontario,10,118788.64,799,45284.75,10282.68,778.15,2,1,0,0,1,2001.04,41,5,7,1,1,2,-6.06,32,28.4,0
38,Female,Quebec,14,57038.79,661,43151.17,4561.12,3266.57,4,1,0,0,0,3018.02,12,29,6,0,0,1,16.73,12,17.95,0
46,Male,Alberta,14,124426.26,807,45475.24,10318.22,4536.4,1,1,0,0,0,1196.27,6,0,4,2,0,0,-12.18,34,3.9,0
74,Male,Quebec,9,71018.46,659,4438.32,6411.37,1073.31,2,1,0,0,1,2056.79,14,25,4,5,0,1,3.07,11,17.85,0
49,Female,Ontario,6,25000.0,702,54752.15,2305.34,1252.43,1,1,1,0,0,3752.47,35,18,8,1,0,0,-12.65,41,29.05,0
65,Male,Ontario,1,103111.5,632,46205.07,7111.51,5387.87,2,1,0,0,0,1586.51,33,27,8,3,0,0,-8.88,19,30.9,0
37,Male,British Columbia,10,75979.26,622,64997.31,6904.55,3701.47,3,0,1,0,1,0.0,26,0,0,0,1,0,12.68,21,16.9,0
45,Male,British Columbia,3,115847.37,716,3801.63,9087.26,1535.07,2,1,0,1,0,1841.53,12,9,3,2,1,0,-1.2,29,10.95,0
59,Male,Ontario,11,38111.86,780,3675.67,3782.85,3435.38,3,1,0,1,0,2350.83,41,11,3,3,0,1,11.38,41,30.5,0
55,Male,Quebec,7,111225.63,676,64891.09,9559.26,3556.66,2,0,0,0,1,0.0,38,13,4,2,0,0,-6.14,1,29.25,0
70,Male,Alberta,15,76483.75,704,38067.16,6696.35,3828.73,2,1,0,0,0,2246.19,1,25,7,2,1,0,3.85,39,9.4,0
35,Male,Ontario,15,48313.95,734,24177.0,3912.27,3603.32,3,1,0,0,0,2052.79,24,30,4,4,0,0,0.82,27,26.1,0
64,Female,Alberta,6,107267.46,691,58652.69,9069.17,3502.18,1,1,1,0,1,2381.03,14,18,5,1,0,1,-0.97,20,15.4,0
35,Female,Quebec,12,113056.45,636,28716.37,10164.26,3321.53,2,1,0,0,1,1766.46,29,24,7,3,0,1,29.11,38,27.25,0
57,Male,Ontario,8,94870.19,777,43151.47,7949.01,3121.6,4,0,0,0,0,0.0,3,24,3,1,0,0,1.63,30,10.35,0
33,Male,Ontario,3,103553.2,576,30397.48,8719.47,3761.71,4,0,0,0,0,0.0,8,32,2,2,0,0,6.83,16,16.4,0
75,Male,Ontario,7,74176.42,697,58920.84,6181.84,3697.66,1,1,0,0,0,3094.21,40,23,6,1,1,1,-11.68,57,34.05,0
53,Female,Quebec,4,101910.66,681,71280.34,9673.6,826.15,1,0,1,0,0,0.0,44,26,2,1,0,0,-4.12,5,37.7,0
73,Female,Ontario,13,25000.0,560,34077.49,2643.0,2522.54,2,1,1,0,0,1253.71,23,20,3,6,1,1,4.43,34,21.95,0
61,Female,Ontario,1,56384.3,804,7118.67,5436.54,1907.54,1,0,0,0,1,0.0,27,33,8,3,2,0,-12.16,23,29.1,0
44,Female,Quebec,11,25000.0,732,24624.84,820.33,2898.53,3,1,0,0,0,1671.17,15,15,1,2,0,0,-9.36,2,15.0,0
72,Male,British Columbia,15,29965.31,802,40370.24,2000.19,5336.78,1,1,0,0,0,2438.02,32,23,4,3,0,0,-8.05,31,28.85,0
64,Female,Quebec,6,126083.71,750,40740.69,10577.57,1095.62,2,0,1,0,0,0.0,4,6,0,0,1,0,6.25,11,4.7,1
70,Male,Ontario,3,182657.92,591,0.0,15226.58,2257.46,2,1,0,0,0,4298.98,4,4,5,2,1,0,-12.17,34,4.0,0
38,Female,British Columbia,1,152492.39,773,52087.4,13310.68,377.7,4,1,0,0,1,3608.17,44,1,0,3,0,0,3.82,26,28.95,0
37,Male,Ontario,11,111227.49,710,50756.49,9725.22,92.33,1,1,1,0,0,2759.52,31,28,0,0,0,0,-14.54,24,29.95,0
62,Male,Alberta,2,64157.83,652,25268.3,5226.53,2300.92,3,0,0,0,1,0.0,23,33,3,5,0,0,16.78,23,26.5,0
49,Male,Quebec,3,129725.78,850,54688.34,10059.89,172.99,2,1,0,0,1,465.9,26,2,1,4,0,0,2.29,31,17.6,0
50,Female,British Columbia,14,84916.61,557,0.0,7101.28,2363.32,2,1,0,0,1,1584.31,3,0,0,3,0,0,-4.66,16,1.95,0
48,Male,Ontario,15,25000.0,480,39923.34,2289.62,2692.22,2,1,0,1,1,1751.27,12,28,4,3,0,0,-7.97,49,17.6,0
60,Female,Quebec,10,50925.33,786,35297.39,4329.23,2232.54,1,1,0,1,0,825.22,10,1,7,0,0,1,-12.54,43,6.85,0
69,Female,Ontario,2,90232.65,723,15990.94,6893.94,3308.39,2,1,0,1,0,2055.89,34,14,1,0,1,0,-11.07,20,27.0,1
24,Female,Alberta,11,25985.28,734,0.0,2024.94,3196.12,2,1,1,1,0,1472.13,20,8,7,4,0,0,21.04,1,15.8,0
63,Male,Ontario,3,72864.68,651,36635.59,6095.43,794.51,2,1,0,1,0,353.29,38,32,7,3,2,0,0.82,20,35.9,0
47,Male,Ontario,14,63321.95,593,73906.23,6353.4,894.03,3,1,0,1,0,2498.8,17,21,4,3,0,2,-16.81,27,18.4,0
61,Male,Ontario,3,123444.44,511,642.47,10705.05,2220.11,2,0,0,0,0,0.0,30,20,7,3,0,1,-9.49,10,26.5,0
59,Female,British Columbia,14,101679.78,580,0.0,8365.37,3185.54,1,1,0,0,0,378.68,5,34,0,1,3,0,6.81,12,15.15,0
51,Female,Alberta,3,85592.02,582,81928.55,7249.24,2403.79,1,1,0,1,1,661.6,7,11,4,3,0,0,-0.05,52,8.4,0
66,Female,British Columbia,12,107380.33,653,37285.56,8890.33,1873.7,2,1,0,0,0,1580.83,34,30,7,0,0,0,14.85,37,32.6,0
30,Male,Quebec,7,62058.67,741,19606.49,5071.19,5002.0,1,1,1,1,1,4451.53,22,32,3,1,0,0,-11.11,34,25.5,0
24,Male,Quebec,11,52423.95,763,78208.57,4497.44,268.31,2,0,1,0,1,0.0,23,21,3,5,0,0,27.03,48,22.3,0
42,Female,Ontario,4,121117.71,723,5766.38,10695.51,988.95,1,1,0,1,0,1932.88,4,17,7,4,0,0,-8.43,29,8.55,0
31,Female,British Columbia,5,138567.88,612,85041.77,10885.04,2751.74,4,1,0,0,0,1245.85,20,23,2,2,0,0,-4.29,33,21.05,0
52,Female,Ontario,11,86285.18,850,38072.99,6589.76,5234.37,2,0,0,0,0,0.0,23,5,7,2,0,0,-7.22,19,16.7,0
41,Female,Ontario,6,108440.75,706,5153.29,8781.7,5676.31,2,1,0,0,0,2285.07,9,13,4,1,0,0,7.86,50,10.4,0
48,Female,Ontario,7,59315.83,647,75883.65,3795.46,1092.2,2,1,1,0,0,2332.63,3,18,0,3,0,0,7.02,49,8.25,0
67,Male,Ontario,2,89676.13,684,37999.33,7069.36,2061.02,3,1,0,0,0,493.85,38,1,0,1,0,1,6.06,30,25.05,0
67,Male,Ontario,9,123292.29,687,54843.97,9476.51,2638.24,2,1,0,0,0,722.43,26,15,2,2,1,1,-0.48,8,22.15,0
46,Male,Alberta,0,74566.34,748,44103.63,5644.93,1289.25,3,0,1,0,1,0.0,1,4,4,3,0,0,-3.12,29,2.05,0
61,Female,Ontario,2,90677.76,663,61298.14,6718.57,2370.43,2,1,0,0,0,1415.26,17,6,4,4,0,1,8.19,21,13.15,0
62,Female,Ontario,9,97684.73,611,98223.86,8451.59,3198.25,1,0,1,0,0,0.0,12,23,3,0,1,0,-3.97,2,15.85,0
52,Female,British Columbia,6,80670.76,551,25165.92,6848.35,2150.0,1,1,0,0,0,3330.66,39,32,3,4,0,0,-9.11,6,36.55,0
73,Female,British Columbia,12,78930.93,697,13494.83,6226.84,4505.59,1,1,0,0,0,1379.69,31,14,6,2,0,1,-0.51,15,25.05,0
30,Male,British Columbia,8,93218.63,740,32490.57,7708.12,1290.64,1,1,1,0,0,308.67,44,1,3,4,1,1,-0.12,50,28.95,0
22,Male,Ontario,15,85807.9,753,4204.35,6688.97,127.31,1,1,1,0,1,2340.7,2,9,3,1,1,0,-14.57,26,4.45,0
43,Male,Quebec,8,97643.06,643,22092.08,7862.52,2805.92,1,1,0,0,0,1602.63,15,11,2,0,1,0,-2.51,4,13.6,0
26,Male,British Columbia,3,104018.99,640,32039.63,8840.51,2981.54,2,1,0,1,0,3343.42,42,2,5,1,0,2,-8.98,26,28.0,0
68,Male,Quebec,9,83584.63,704,52781.21,6547.5,1337.6,1,1,0,0,0,899.3,28,8,1,3,0,0,6.86,23,21.0,1
64,Male,Alberta,5,103271.63,597,31852.08,8963.56,50.0,2,1,0,0,1,0.0,35,33,5,1,0,0,-2.05,29,34.3,0
69,Female,Alberta,2,93985.6,598,78200.77,6806.13,3495.7,1,1,0,1,0,1377.78,11,0,2,2,0,0,5.25,6,7.15,0
62,Female,British Columbia,5,180021.67,707,40394.89,14796.91,2693.33,1,1,1,0,1,3522.49,12,18,7,1,1,1,11.95,21,14.1,0
35,Female,Ontario,13,108867.19,838,31456.26,8774.44,2935.53,3,1,1,0,0,2652.2,8,2,7,0,0,1,12.14,29,5.9,0
41,Female,Quebec,15,109299.56,583,75823.31,9704.36,3843.21,2,1,0,1,0,2765.93,31,9,5,1,0,0,-5.43,39,23.3,0
63,Male,British Columbia,12,71928.48,725,34472.35,5578.93,3276.94,3,1,0,0,1,2101.86,0,21,6,4,1,1,0.13,54,7.35,0
47,Male,Ontario,14,128627.13,763,79211.47,10067.95,1521.87,1,1,0,0,0,2193.79,32,20,0,1,0,0,9.02,12,27.8,0
49,Female,Ontario,7,127020.67,618,84601.88,9741.41,1853.5,3,1,1,0,1,2062.09,1,31,7,0,1,0,16.48,37,11.5,0
38,Female,Ontario,8,124790.89,601,38293.23,10698.82,1406.57,1,1,0,0,1,3648.22,35,11,2,2,1,0,-2.36,21,26.6,0
75,Male,Ontario,12,78900.05,458,69128.88,6888.76,1819.95,2,1,1,1,0,1085.43,10,1,7,3,0,1,-9.58,45,6.85,0
72,Male,Ontario,1,116288.04,662,49990.23,9684.28,3673.37,2,0,0,0,1,0.0,44,0,8,0,0,1,24.95,24,28.6,0
23,Female,Ontario,3,60704.94,727,35478.93,5075.58,4161.58,2,1,0,0,0,579.12,31,12,8,1,0,0,9.95,39,24.35,0
64,Female,Quebec,4,100269.76,677,45134.48,8405.22,50.0,1,1,0,0,0,1720.21,38,26,8,2,0,2,-13.22,45,33.8,0
59,Male,British Columbia,14,116053.4,603,15976.05,10093.66,3933.88,2,1,0,0,0,1989.53,3,15,5,2,0,0,11.24,26,7.2,0
49,Male,Ontario,4,76814.85,596,40019.74,5606.71,1716.75,2,1,0,1,0,1057.2,6,15,0,2,0,0,14.01,17,9.15,0
40,Male,Ontario,3,120360.01,638,84347.62,9626.75,3242.73,3,0,1,0,0,0.0,15,34,1,0,0,0,0.22,22,21.65,0
74,Male,British Columbia,12,93418.56,589,56936.75,8099.51,4081.98,1,1,1,0,1,1940.47,4,27,7,3,0,1,14.39,21,12.05,0
45,Male,Alberta,3,140798.02,706,72473.22,11555.41,3573.86,1,1,0,0,0,3067.51,32,26,8,3,0,0,6.9,45,29.9,0
69,Female,British Columbia,3,141841.42,716,114259.0,11786.17,2227.25,1,0,0,0,0,0.0,21,31,5,1,0,0,5.05,74,24.5,0
40,Male,British Columbia,9,121162.57,675,10236.66,10445.44,5198.63,3,1,0,0,0,1847.9,44,34,6,3,0,1,-1.13,14,40.5,0
72,Male,Ontario,13,56678.77,683,27781.92,4231.04,3370.6,2,1,0,0,0,3350.38,19,10,0,0,0,0,36.13,35,15.85,0
44,Male,Alberta,15,79171.22,701,26635.17,6915.33,3973.16,3,1,0,0,1,2173.93,6,11,8,1,0,1,-6.38,19,7.75,1
63,Female,Quebec,13,68079.42,761,49897.5,5322.27,3272.73,2,1,0,1,0,1560.93,0,5,4,0,0,0,-9.57,46,1.75,0
73,Male,Ontario,9,106186.32,850,70179.41,9907.99,1427.66,3,0,0,1,1,0.0,8,21,7,1,0,0,-4.77,22,12.55,0
33,Female,Ontario,3,34235.89,781,78201.3,2325.92,2600.53,2,1,1,0,0,1914.81,31,19,8,1,1,0,-4.09,27,26.8,0
52,Female,Alberta,6,65171.88,716,39002.05,5973.64,2696.98,3,1,0,1,0,2296.24,28,9,3,0,0,0,-5.82,39,21.35,0
41,Female,Alberta,1,120211.78,850,67782.51,9771.26,3180.49,1,1,1,0,0,1088.86,12,16,0,1,0,0,11.89,41,13.4,0
29,Female,Ontario,12,83013.17,607,22342.26,7429.59,869.38,2,1,0,0,0,1421.92,33,3,2,2,0,0,-29.87,28,22.5,0
73,Female,Ontario,1,93081.45,575,10017.39,7836.82,2847.01,1,0,0,0,0,0.0,18,28,0,3,2,0,2.62,40,21.5,0
33,Male,Quebec,11,91875.07,574,44699.28,7799.22,2431.48,1,0,1,0,0,0.0,28,33,1,2,1,0,3.46,37,29.75,0
62,Male,Ontario,1,99497.57,713,46096.05,8421.22,50.0,1,1,0,0,0,1087.08,26,9,7,3,0,0,-6.22,23,20.05,0
36,Female,Ontario,10,84109.46,683,32562.35,7339.5,2121.09,2,1,1,0,1,966.46,44,14,4,0,0,0,-9.66,32,33.5,0
69,Male,British Columbia,11,65962.8,735,51213.86,6409.9,3677.58,2,1,0,0,1,1050.83,21,3,7,1,0,0,-14.01,21,14.7,0
47,Female,Ontario,6,68874.21,660,33610.05,5197.1,769.58,1,0,0,0,0,0.0,34,6,3,1,0,1,-8.11,21,24.2,1
72,Male,Ontario,6,54308.99,802,40601.8,3339.03,1039.9,1,1,0,0,0,2509.71,11,26,2,2,0,1,25.0,24,16.25,0
59,Female,Ontario,10,89827.13,594,82886.0,7177.35,4208.79,1,1,0,0,1,395.13,12,30,2,2,0,0,2.34,16,18.3,0
40,Female,Ontario,10,150773.61,637,48191.75,12375.04,4506.2,2,0,0,0,0,0.0,44,0,3,3,0,0,26.36,52,28.6,0
43,Female,British Columbia,5,76996.69,826,48930.34,7123.48,2853.51,1,1,1,0,0,2499.81,4,24,8,2,0,0,-7.43,46,11.0,0
34,Female,Ontario,2,42973.21,850,89480.26,2307.68,3989.77,1,1,0,0,0,801.34,34,33,5,0,1,1,7.32,1,33.65,0
43,Female,Ontario,4,68562.06,584,0.0,5526.79,1420.07,2,1,0,0,0,2562.68,31,1,5,1,0,1,13.62,25,20.5,0
35,Male,Quebec,2,75680.8,736,41756.33,5750.48,3246.25,3,0,0,0,1,0.0,38,15,8,1,0,0,-8.23,22,29.95,0
62,Female,Alberta,8,126014.24,831,0.0,10150.19,3099.27,2,1,1,0,0,2424.83,10,2,3,0,1,0,-5.43,10,7.2,0
31,Female,Quebec,12,135292.93,718,29881.92,10099.17,4363.26,1,1,0,0,0,1544.25,21,24,5,3,0,0,-26.69,21,22.05,0
49,Male,Alberta,5,93404.24,721,37847.99,7672.74,3375.2,1,1,1,1,0,3049.06,29,18,8,3,0,0,-14.95,2,25.15,1
40,Female,Quebec,12,40890.63,643,68871.65,3223.53,3973.71,3,1,0,1,0,2506.07,1,0,1,4,1,0,13.81,23,0.65,1
43,Male,Ontario,13,80491.29,804,36739.18,6720.31,2183.11,2,0,1,0,0,0.0,36,8,3,0,0,0,-2.64,33,26.2,0
51,Female,Alberta,8,61310.03,703,14615.62,5830.2,2874.57,1,1,1,0,1,343.37,26,21,4,1,0,0,1.8,32,24.25,0
38,Female,Ontario,15,74861.44,643,47694.13,6779.2,975.82,2,1,0,0,1,0.0,13,19,0,1,0,0,3.7,28,15.1,0
44,Female,Ontario,0,80472.68,730,5035.31,6876.42,2736.78,3,1,1,1,1,2241.48,44,7,3,1,1,0,4.35,36,31.05,0
61,Male,British Columbia,7,95707.01,626,3988.91,7799.33,3037.4,1,1,0,0,0,2454.97,29,33,6,0,1,0,25.54,26,30.4,0
26,Male,Alberta,13,82021.18,850,13134.82,6946.09,1716.05,2,1,1,0,0,2304.44,42,23,6,5,0,0,10.25,65,35.35,0
47,Female,Ontario,12,47276.02,557,28206.14,3050.05,5236.7,1,0,0,0,0,0.0,17,16,3,2,0,0,-6.51,19,16.65,0
35,Female,British Columbia,4,92720.87,642,33730.57,7368.75,2562.51,2,0,0,0,0,0.0,33,10,1,2,0,0,1.93,34,24.95,0
58,Male,Quebec,5,111439.09,757,43708.86,9094.19,2232.8,2,1,0,0,0,1329.8,15,2,0,3,0,1,-7.87,29,10.45,0
55,Male,British Columbia,9,86500.36,705,79862.37,7374.06,3202.05,1,1,0,1,0,2989.46,27,9,4,2,1,1,22.32,31,20.7,0
37,Female,Ontario,1,30022.08,710,4478.84,2035.27,3826.46,2,1,0,0,0,1447.87,15,18,0,1,0,0,6.93,42,16.05,0
75,Male,Ontario,14,108817.73,739,29315.21,8492.78,2862.48,1,0,0,0,1,0.0,15,18,6,3,0,0,34.95,2,16.05,0
51,Female,Alberta,5,72670.09,756,0.0,6172.19,3073.59,1,0,0,0,1,0.0,2,25,7,2,0,0,-7.56,36,10.05,0
57,Female,British Columbia,15,123428.01,818,48392.6,9231.1,3110.46,1,1,1,0,0,1384.4,11,22,2,2,0,1,-12.17,26,14.85,1
56,Male,Quebec,8,115663.83,670,33421.47,8670.61,4606.91,1,0,1,0,0,0.0,32,10,1,4,0,0,24.37,30,24.3,0
67,Male,Quebec,13,80188.25,615,37558.13,7015.53,2233.72,3,1,1,0,0,1039.12,7,22,8,2,0,0,2.33,25,12.25,0
67,Female,Alberta,1,49443.14,742,70658.47,4035.18,2086.43,1,1,0,0,0,1709.65,5,12,7,3,0,0,-2.94,26,7.45,0
55,Female,Ontario,15,93569.71,620,51676.05,6736.48,3251.11,3,1,0,0,1,1787.35,0,6,6,0,0,1,-19.71,25,2.1,0
40,Male,Quebec,8,40021.17,688,32795.39,3081.26,1429.37,1,1,0,0,0,1790.31,7,27,0,3,0,0,29.82,18,14.0,0
42,Female,Quebec,11,99751.69,706,24140.82,8192.06,6048.39,4,1,0,0,0,1991.32,13,32,1,2,3,0,3.95,44,19.65,0
73,Female,Quebec,1,67304.1,808,35577.18,5616.27,3293.61,3,1,0,0,1,1894.93,27,34,3,1,0,0,-4.59,30,29.45,0
38,Male,Alberta,12,54821.05,600,0.0,3384.46,1130.09,2,1,0,0,0,2462.49,39,10,1,3,0,0,-18.48,30,28.85,0
69,Female,Alberta,9,98375.53,552,63809.66,7396.14,2712.4,1,1,0,0,0,2985.62,6,28,4,2,0,0,-14.23,50,13.7,0
75,Male,British Columbia,6,89475.12,795,58023.98,8313.21,3454.61,4,1,0,0,0,2064.82,25,25,3,1,0,0,-7.29,25,25.0,0
63,Male,Ontario,2,109394.82,608,19827.24,9155.68,1761.33,1,0,0,0,0,0.0,13,7,0,0,0,0,0.56,48,10.9,0
63,Female,Ontario,5,122631.37,716,30429.52,10541.4,3796.25,1,1,0,1,0,3886.52,33,9,5,2,1,0,1.07,29,24.6,1
74,Male,Ontario,1,35944.5,766,43394.5,3764.34,2359.0,1,1,0,0,0,0.0,8,32,7,1,0,0,13.5,35,16.4,0
40,Male,British Columbia,15,79696.93,712,43061.14,5863.93,906.8,3,1,1,0,0,3502.31,33,0,3,3,1,0,1.37,37,21.45,0
23,Female,Ontario,7,131389.87,627,77609.07,10676.55,2975.71,3,1,1,1,0,1654.14,25,20,0,2,0,0,-9.43,21,23.25,0
22,Male,British Columbia,11,68379.83,637,65467.58,5008.93,4238.15,2,1,0,0,0,2231.27,16,12,7,3,0,0,21.81,28,14.6,0
55,Male,British Columbia,5,82987.23,660,14660.68,6481.25,2040.38,2,1,1,0,1,2313.86,23,28,1,2,1,1,-3.68,21,24.75,0
48,Male,Alberta,15,73519.66,673,59759.4,5885.09,3863.29,2,1,0,0,1,3859.15,7,0,7,0,0,0,21.78,29,4.55,0
27,Female,Ontario,12,44705.41,743,0.0,4520.2,50.0,3,1,0,0,0,1778.05,43,11,7,2,0,0,1.49,7,31.8,0
43,Male,British Columbia,1,57587.82,662,0.0,5537.43,50.0,1,1,0,0,0,2448.02,20,2,6,1,1,0,4.07,34,13.7,0
60,Female,British Columbia,7,86529.52,650,45078.65,6851.99,1390.7,1,1,1,0,1,1602.38,40,32,7,1,0,0,-5.03,12,37.2,0
37,Male,British Columbia,0,124051.69,594,14827.63,9902.58,50.0,3,1,0,0,0,2570.11,37,2,3,2,0,0,-24.12,38,24.75,0
61,Female,Quebec,10,118188.35,836,41876.29,9080.02,1193.95,2,1,0,0,0,1871.47,28,2,1,1,0,0,5.2,41,18.9,0
53,Male,Alberta,7,60087.31,681,28241.17,5395.47,1379.21,3,0,0,0,0,0.0,18,3,2,0,0,0,-1.63,34,12.75,0
48,Male,Ontario,6,83231.4,797,95605.69,7183.1,2774.65,1,0,1,1,1,0.0,29,8,0,3,1,0,13.84,17,21.65,0
40,Male,Alberta,0,82802.22,850,74861.98,7231.71,4403.1,3,1,1,0,0,5263.65,43,15,2,0,0,0,-19.67,20,33.2,0
61,Male,Ontario,9,86418.94,726,7009.64,8061.56,2219.88,1,1,1,1,1,593.8,36,31,7,1,1,0,3.72,45,34.25,0
69,Male,Ontario,10,139007.35,642,58761.53,11742.95,2040.46,2,1,0,0,0,0.0,37,10,8,2,0,0,-9.53,45,27.55,0
29,Female,Ontario,12,32347.28,833,34495.3,3394.1,1757.57,1,1,1,0,0,4196.84,7,12,2,0,0,0,35.11,18,8.75,0
22,Male,Ontario,13,69006.31,696,71048.43,5287.15,1814.75,2,1,0,0,1,2966.88,17,28,0,3,0,1,-1.1,41,20.85,0
59,Male,Alberta,14,59622.06,659,23012.5,5189.78,4804.95,1,1,0,0,1,1476.49,32,2,1,3,0,0,7.12,33,21.5,1
53,Female,Ontario,12,87936.99,575,0.0,6845.8,2378.07,3,1,0,1,0,614.52,33,3,8,1,1,0,-8.25,19,22.5,0
65,Male,Ontario,4,25000.0,640,55098.4,2409.09,1798.56,1,0,0,1,0,0.0,0,33,5,0,0,1,0.16,28,11.55,0
34,Male,Ontario,6,91205.86,700,8900.96,6915.04,3118.3,2,0,1,1,0,0.0,4,30,5,3,0,0,-3.51,52,13.1,0
50,Female,Ontario,6,154271.17,690,79277.81,13180.23,50.0,1,1,1,0,0,4880.07,29,2,4,2,0,0,-1.31,58,19.55,0
75,Male,Alberta,9,83921.51,677,65401.16,8368.03,2797.18,1,0,0,0,1,0.0,32,30,7,0,2,0,7.71,41,31.3,0
56,Female,Ontario,1,67017.05,781,40910.49,5119.15,3895.29,2,1,0,0,1,916.23,44,14,1,2,0,0,-13.72,27,33.5,0
74,Female,Quebec,10,67112.6,739,34987.4,6276.01,2622.93,3,1,0,0,1,1603.37,11,30,3,2,0,2,8.25,35,17.65,0
68,Male,Ontario,15,129664.38,728,66259.61,10470.3,5226.62,1,1,1,0,0,3516.0,0,22,2,2,0,0,-4.95,25,7.7,0
48,Male,Ontario,15,89272.21,647,52222.61,6277.19,2934.45,1,1,0,0,0,303.74,7,33,2,2,1,0,8.45,17,16.1,0
28,Female,Ontario,3,25000.0,804,65900.84,2470.96,2870.59,2,1,1,0,0,2451.45,35,3,5,3,0,0,10.94,17,23.8,0
23,Female,British Columbia,8,72704.41,753,27626.38,7001.41,1295.79,1,1,0,0,0,2540.12,15,1,0,1,1,3,-5.27,48,10.1,1
22,Female,Alberta,9,32885.21,564,33580.83,3754.59,1313.18,2,1,0,0,0,1314.47,0,25,1,0,0,1,7.42,27,8.75,0
49,Female,Ontario,13,47361.57,631,30732.32,4827.49,2558.4,2,1,1,0,0,1196.71,36,32,1,2,0,0,10.54,36,34.6,0
70,Female,Ontario,11,91974.89,850,27709.95,7840.66,333.62,4,1,1,0,0,1913.74,4,1,5,4,0,1,-10.92,6,2.95,0
25,Female,Ontario,11,117387.8,743,30237.57,9853.05,3877.59,3,1,0,1,0,1257.75,9,4,2,0,0,0,0.5,22,7.25,0
45,Male,Ontario,4,128623.97,762,37219.97,11560.75,2041.33,1,0,0,0,0,0.0,5,11,7,3,1,0,19.45,34,7.1,0
62,Female,Alberta,14,96338.18,808,10041.62,8502.01,1136.53,2,0,0,0,1,0.0,19,12,6,1,0,0,6.71,42,16.55,0
36,Male,Ontario,5,89820.93,580,43194.78,6702.5,50.0,1,1,1,0,0,2508.56,27,21,7,0,0,0,8.55,49,24.9,0
60,Female,Ontario,3,91445.85,560,38433.22,7321.12,2350.29,1,1,0,0,0,659.97,4,21,3,3,1,0,-7.06,31,9.95,0
23,Female,Ontario,8,125269.51,805,47626.99,9596.55,3794.93,3,0,1,0,1,0.0,4,19,3,2,0,0,-14.95,30,9.25,0
31,Female,Ontario,0,76260.59,721,41157.34,6127.82,2108.41,2,1,1,1,0,2189.27,0,0,7,3,0,0,-3.71,46,0.0,0
46,Male,Ontario,9,75619.31,657,44692.41,5331.44,765.12,2,1,0,0,1,1873.19,35,0,3,2,0,0,-4.93,15,22.75,0
68,Male,Ontario,6,64075.0,610,56327.28,5814.19,2866.65,1,1,0,1,0,2516.96,27,27,2,1,1,0,-4.38,27,27.0,0
60,Male,Ontario,3,72192.35,751,0.0,4947.25,4459.92,1,1,0,0,0,1175.74,0,4,6,1,3,2,2.64,20,1.4,1
22,Male,Ontario,4,62490.88,760,2561.02,5156.33,4891.86,3,1,0,0,0,0.0,16,8,7,0,0,0,-7.61,49,13.2,0
69,Male,Quebec,5,67442.29,626,0.0,6677.29,1272.92,1,1,1,0,0,2002.58,44,3,6,4,1,0,-2.48,30,29.65,0
71,Female,Ontario,12,143799.53,623,68795.93,11536.5,1182.6,1,1,0,1,0,2011.27,12,5,3,2,1,0,-9.65,15,9.55,0
52,Male,Ontario,6,60752.11,807,0.0,5898.81,1991.64,1,0,0,0,1,0.0,25,6,6,3,0,0,2.63,57,18.35,0
47,Female,Alberta,2,56920.64,559,0.0,5474.33,2802.99,2,1,0,1,0,1864.73,35,6,3,2,0,1,-6.35,27,24.85,1
66,Male,Ontario,4,98614.52,685,78058.51,8738.68,1798.8,3,1,0,0,0,3227.06,35,26,0,1,0,0,-2.43,41,31.85,0
46,Male,British Columbia,8,54255.12,808,60342.51,4092.95,274.78,3,1,0,1,0,1400.23,13,33,8,3,0,0,5.18,17,20.0,0
68,Female,Quebec,0,90291.51,746,35010.78,8150.51,1553.8,2,1,0,1,0,1668.66,5,10,6,1,0,0,14.01,24,6.75,0
70,Male,Ontario,5,78175.21,611,63767.63,6040.14,2080.23,2,1,0,0,0,2365.02,38,33,8,3,1,0,13.05,38,36.25,0
49,Female,Alberta,3,73425.26,619,45983.7,6821.4,4629.71,2,1,1,1,0,712.2,15,23,2,4,0,0,-4.47,21,17.8,0
45,Male,Quebec,14,119000.73,629,26772.12,9728.74,5503.43,3,1,1,0,0,1182.01,6,15,0,3,0,0,-5.52,12,9.15,0
30,Male,Alberta,12,49751.49,634,50282.71,3851.69,2765.85,1,1,0,0,1,1920.04,43,7,8,2,1,0,-1.52,54,30.4,0
28,Male,Ontario,6,119237.74,587,96378.29,9394.92,2665.92,1,1,0,0,0,335.45,11,11,5,6,0,0,3.88,33,11.0,0
54,Female,Ontario,12,100806.89,588,69300.85,9022.12,1500.26,1,1,0,0,0,1964.83,17,30,0,0,0,0,3.73,24,21.55,0
55,Male,Ontario,1,110543.87,636,22292.71,9014.09,2764.24,2,0,1,0,0,0.0,26,10,7,0,0,0,-0.24,26,20.4,0
